Function,Name,Rule,Source Columns,Specification Description,Target Columns
,BDR_ZWA_PM.BDR_DATUM_DV.DATUM > BDR_ZWA_PM.BDR_DATUM_DT.DATUM,,"""UWVM3VLAAPP0022\.A-DC\.BA\.UWV\.NL"".adim.BDR_ZWA_PM.BDR_DATUM_DV.DATUM",,"""UWVM3VLAAPP0022\.A-DC\.BA\.UWV\.NL"".adim.BDR_ZWA_PM.BDR_DATUM_DT.DATUM"
,BDR_ZWA_PM.BDR_DATUM_DV.DAGNAAM > BDR_ZWA_PM.BDR_DATUM_DT.DAGNAAM,,"""UWVM3VLAAPP0022\.A-DC\.BA\.UWV\.NL"".adim.BDR_ZWA_PM.BDR_DATUM_DV.DAGNAAM",,"""UWVM3VLAAPP0022\.A-DC\.BA\.UWV\.NL"".adim.BDR_ZWA_PM.BDR_DATUM_DT.DAGNAAM"
,BDR_ZWA_PM.BDR_DATUM_DV.DAGNUMMER_WEEK > BDR_ZWA_PM.BDR_DATUM_DT.DAGNUMMER_WEEK,,"""UWVM3VLAAPP0022\.A-DC\.BA\.UWV\.NL"".adim.BDR_ZWA_PM.BDR_DATUM_DV.DAGNUMMER_WEEK",,"""UWVM3VLAAPP0022\.A-DC\.BA\.UWV\.NL"".adim.BDR_ZWA_PM.BDR_DATUM_DT.DAGNUMMER_WEEK"
,BDR_ZWA_PM.BDR_DATUM_DV.DAGNUMMER_MAAND > BDR_ZWA_PM.BDR_DATUM_DT.DAGNUMMER_MAAND,,"""UWVM3VLAAPP0022\.A-DC\.BA\.UWV\.NL"".adim.BDR_ZWA_PM.BDR_DATUM_DV.DAGNUMMER_MAAND",,"""UWVM3VLAAPP0022\.A-DC\.BA\.UWV\.NL"".adim.BDR_ZWA_PM.BDR_DATUM_DT.DAGNUMMER_MAAND"
,BDR_ZWA_PM.BDR_DATUM_DV.DAGNUMMER_JAAR > BDR_ZWA_PM.BDR_DATUM_DT.DAGNUMMER_JAAR,,"""UWVM3VLAAPP0022\.A-DC\.BA\.UWV\.NL"".adim.BDR_ZWA_PM.BDR_DATUM_DV.DAGNUMMER_JAAR",,"""UWVM3VLAAPP0022\.A-DC\.BA\.UWV\.NL"".adim.BDR_ZWA_PM.BDR_DATUM_DT.DAGNUMMER_JAAR"
,BDR_ZWA_PM.BDR_DATUM_DV.IND_WEEKEND > BDR_ZWA_PM.BDR_DATUM_DT.IND_WEEKEND,,"""UWVM3VLAAPP0022\.A-DC\.BA\.UWV\.NL"".adim.BDR_ZWA_PM.BDR_DATUM_DV.IND_WEEKEND",,"""UWVM3VLAAPP0022\.A-DC\.BA\.UWV\.NL"".adim.BDR_ZWA_PM.BDR_DATUM_DT.IND_WEEKEND"
,BDR_ZWA_PM.BDR_DATUM_DV.WEEK_NUMMER > BDR_ZWA_PM.BDR_DATUM_DT.WEEK_NUMMER,,"""UWVM3VLAAPP0022\.A-DC\.BA\.UWV\.NL"".adim.BDR_ZWA_PM.BDR_DATUM_DV.WEEK_NUMMER",,"""UWVM3VLAAPP0022\.A-DC\.BA\.UWV\.NL"".adim.BDR_ZWA_PM.BDR_DATUM_DT.WEEK_NUMMER"
,BDR_ZWA_PM.BDR_DATUM_DV.JAARWEEK_NUMMER > BDR_ZWA_PM.BDR_DATUM_DT.JAARWEEK_NUMMER,,"""UWVM3VLAAPP0022\.A-DC\.BA\.UWV\.NL"".adim.BDR_ZWA_PM.BDR_DATUM_DV.JAARWEEK_NUMMER",,"""UWVM3VLAAPP0022\.A-DC\.BA\.UWV\.NL"".adim.BDR_ZWA_PM.BDR_DATUM_DT.JAARWEEK_NUMMER"
,BDR_ZWA_PM.BDR_DATUM_DV.EERSTE_DAG_VAN_DE_WEEK > BDR_ZWA_PM.BDR_DATUM_DT.EERSTE_DAG_VAN_DE_WEEK,,"""UWVM3VLAAPP0022\.A-DC\.BA\.UWV\.NL"".adim.BDR_ZWA_PM.BDR_DATUM_DV.EERSTE_DAG_VAN_DE_WEEK",,"""UWVM3VLAAPP0022\.A-DC\.BA\.UWV\.NL"".adim.BDR_ZWA_PM.BDR_DATUM_DT.EERSTE_DAG_VAN_DE_WEEK"
,BDR_ZWA_PM.BDR_DATUM_DV.LAATSTE_DAG_VAN_DE_WEEK > BDR_ZWA_PM.BDR_DATUM_DT.LAATSTE_DAG_VAN_DE_WEEK,,"""UWVM3VLAAPP0022\.A-DC\.BA\.UWV\.NL"".adim.BDR_ZWA_PM.BDR_DATUM_DV.LAATSTE_DAG_VAN_DE_WEEK",,"""UWVM3VLAAPP0022\.A-DC\.BA\.UWV\.NL"".adim.BDR_ZWA_PM.BDR_DATUM_DT.LAATSTE_DAG_VAN_DE_WEEK"
,BDR_ZWA_PM.BDR_DATUM_DV.IND_WEEK_BEGIN > BDR_ZWA_PM.BDR_DATUM_DT.IND_WEEK_BEGIN,,"""UWVM3VLAAPP0022\.A-DC\.BA\.UWV\.NL"".adim.BDR_ZWA_PM.BDR_DATUM_DV.IND_WEEK_BEGIN",,"""UWVM3VLAAPP0022\.A-DC\.BA\.UWV\.NL"".adim.BDR_ZWA_PM.BDR_DATUM_DT.IND_WEEK_BEGIN"
,BDR_ZWA_PM.BDR_DATUM_DV.MAANDNAAM > BDR_ZWA_PM.BDR_DATUM_DT.MAANDNAAM,,"""UWVM3VLAAPP0022\.A-DC\.BA\.UWV\.NL"".adim.BDR_ZWA_PM.BDR_DATUM_DV.MAANDNAAM",,"""UWVM3VLAAPP0022\.A-DC\.BA\.UWV\.NL"".adim.BDR_ZWA_PM.BDR_DATUM_DT.MAANDNAAM"
,BDR_ZWA_PM.BDR_DATUM_DV.MAAND_NUMMER > BDR_ZWA_PM.BDR_DATUM_DT.MAAND_NUMMER,,"""UWVM3VLAAPP0022\.A-DC\.BA\.UWV\.NL"".adim.BDR_ZWA_PM.BDR_DATUM_DV.MAAND_NUMMER",,"""UWVM3VLAAPP0022\.A-DC\.BA\.UWV\.NL"".adim.BDR_ZWA_PM.BDR_DATUM_DT.MAAND_NUMMER"
,BDR_ZWA_PM.BDR_DATUM_DV.JAARMAAND_NUMMER > BDR_ZWA_PM.BDR_DATUM_DT.JAARMAAND_NUMMER,,"""UWVM3VLAAPP0022\.A-DC\.BA\.UWV\.NL"".adim.BDR_ZWA_PM.BDR_DATUM_DV.JAARMAAND_NUMMER",,"""UWVM3VLAAPP0022\.A-DC\.BA\.UWV\.NL"".adim.BDR_ZWA_PM.BDR_DATUM_DT.JAARMAAND_NUMMER"
,BDR_ZWA_PM.BDR_DATUM_DV.MAAND_DAGEN > BDR_ZWA_PM.BDR_DATUM_DT.MAAND_DAGEN,,"""UWVM3VLAAPP0022\.A-DC\.BA\.UWV\.NL"".adim.BDR_ZWA_PM.BDR_DATUM_DV.MAAND_DAGEN",,"""UWVM3VLAAPP0022\.A-DC\.BA\.UWV\.NL"".adim.BDR_ZWA_PM.BDR_DATUM_DT.MAAND_DAGEN"
,BDR_ZWA_PM.BDR_DATUM_DV.KWARTAAL_NUMMER > BDR_ZWA_PM.BDR_DATUM_DT.KWARTAAL_NUMMER,,"""UWVM3VLAAPP0022\.A-DC\.BA\.UWV\.NL"".adim.BDR_ZWA_PM.BDR_DATUM_DV.KWARTAAL_NUMMER",,"""UWVM3VLAAPP0022\.A-DC\.BA\.UWV\.NL"".adim.BDR_ZWA_PM.BDR_DATUM_DT.KWARTAAL_NUMMER"
,BDR_ZWA_PM.BDR_DATUM_DV.KWARTAAL > BDR_ZWA_PM.BDR_DATUM_DT.KWARTAAL,,"""UWVM3VLAAPP0022\.A-DC\.BA\.UWV\.NL"".adim.BDR_ZWA_PM.BDR_DATUM_DV.KWARTAAL",,"""UWVM3VLAAPP0022\.A-DC\.BA\.UWV\.NL"".adim.BDR_ZWA_PM.BDR_DATUM_DT.KWARTAAL"
,BDR_ZWA_PM.BDR_DATUM_DV.JAARKWARTAAL_NUMMER > BDR_ZWA_PM.BDR_DATUM_DT.JAARKWARTAAL_NUMMER,,"""UWVM3VLAAPP0022\.A-DC\.BA\.UWV\.NL"".adim.BDR_ZWA_PM.BDR_DATUM_DV.JAARKWARTAAL_NUMMER",,"""UWVM3VLAAPP0022\.A-DC\.BA\.UWV\.NL"".adim.BDR_ZWA_PM.BDR_DATUM_DT.JAARKWARTAAL_NUMMER"
,BDR_ZWA_PM.BDR_DATUM_DV.TERTAAL_NUMMER > BDR_ZWA_PM.BDR_DATUM_DT.TERTAAL_NUMMER,,"""UWVM3VLAAPP0022\.A-DC\.BA\.UWV\.NL"".adim.BDR_ZWA_PM.BDR_DATUM_DV.TERTAAL_NUMMER",,"""UWVM3VLAAPP0022\.A-DC\.BA\.UWV\.NL"".adim.BDR_ZWA_PM.BDR_DATUM_DT.TERTAAL_NUMMER"
,BDR_ZWA_PM.BDR_DATUM_DV.TERTAAL > BDR_ZWA_PM.BDR_DATUM_DT.TERTAAL,,"""UWVM3VLAAPP0022\.A-DC\.BA\.UWV\.NL"".adim.BDR_ZWA_PM.BDR_DATUM_DV.TERTAAL",,"""UWVM3VLAAPP0022\.A-DC\.BA\.UWV\.NL"".adim.BDR_ZWA_PM.BDR_DATUM_DT.TERTAAL"
,BDR_ZWA_PM.BDR_DATUM_DV.JAARTERTAAL_NUMMER > BDR_ZWA_PM.BDR_DATUM_DT.JAARTERTAAL_NUMMER,,"""UWVM3VLAAPP0022\.A-DC\.BA\.UWV\.NL"".adim.BDR_ZWA_PM.BDR_DATUM_DV.JAARTERTAAL_NUMMER",,"""UWVM3VLAAPP0022\.A-DC\.BA\.UWV\.NL"".adim.BDR_ZWA_PM.BDR_DATUM_DT.JAARTERTAAL_NUMMER"
,BDR_ZWA_PM.BDR_DATUM_DV.JAARTAL > BDR_ZWA_PM.BDR_DATUM_DT.JAARTAL,,"""UWVM3VLAAPP0022\.A-DC\.BA\.UWV\.NL"".adim.BDR_ZWA_PM.BDR_DATUM_DV.JAARTAL",,"""UWVM3VLAAPP0022\.A-DC\.BA\.UWV\.NL"".adim.BDR_ZWA_PM.BDR_DATUM_DT.JAARTAL"
,BDR_ZWA_PM.BDR_DATUM_DV.JAAR_DAGEN > BDR_ZWA_PM.BDR_DATUM_DT.JAAR_DAGEN,,"""UWVM3VLAAPP0022\.A-DC\.BA\.UWV\.NL"".adim.BDR_ZWA_PM.BDR_DATUM_DV.JAAR_DAGEN",,"""UWVM3VLAAPP0022\.A-DC\.BA\.UWV\.NL"".adim.BDR_ZWA_PM.BDR_DATUM_DT.JAAR_DAGEN"
,BDR_ZWA_PM.BDR_DATUM_DV.SEIZOENNAAM > BDR_ZWA_PM.BDR_DATUM_DT.SEIZOENNAAM,,"""UWVM3VLAAPP0022\.A-DC\.BA\.UWV\.NL"".adim.BDR_ZWA_PM.BDR_DATUM_DV.SEIZOENNAAM",,"""UWVM3VLAAPP0022\.A-DC\.BA\.UWV\.NL"".adim.BDR_ZWA_PM.BDR_DATUM_DT.SEIZOENNAAM"
,BDR_ZWA_PM.BDR_DATUM_DV.FEESTDAG_INDICATIE > BDR_ZWA_PM.BDR_DATUM_DT.FEESTDAG_INDICATIE,,"""UWVM3VLAAPP0022\.A-DC\.BA\.UWV\.NL"".adim.BDR_ZWA_PM.BDR_DATUM_DV.FEESTDAG_INDICATIE",,"""UWVM3VLAAPP0022\.A-DC\.BA\.UWV\.NL"".adim.BDR_ZWA_PM.BDR_DATUM_DT.FEESTDAG_INDICATIE"
,BDR_ZWA_PM.BDR_DATUM_DV.IND_MAAND_EIND > BDR_ZWA_PM.BDR_DATUM_DT.IND_MAAND_EIND,,"""UWVM3VLAAPP0022\.A-DC\.BA\.UWV\.NL"".adim.BDR_ZWA_PM.BDR_DATUM_DV.IND_MAAND_EIND",,"""UWVM3VLAAPP0022\.A-DC\.BA\.UWV\.NL"".adim.BDR_ZWA_PM.BDR_DATUM_DT.IND_MAAND_EIND"
,BDR_ZWA_PM.BDR_DATUM_DV.DIM_DATUM_KEY > BDR_ZWA_PM.BDR_DATUM_DT.DIM_DATUM_KEY,,"""UWVM3VLAAPP0022\.A-DC\.BA\.UWV\.NL"".adim.BDR_ZWA_PM.BDR_DATUM_DV.DIM_DATUM_KEY",,"""UWVM3VLAAPP0022\.A-DC\.BA\.UWV\.NL"".adim.BDR_ZWA_PM.BDR_DATUM_DT.DIM_DATUM_KEY"
,BDR_ZWA_PM.BDR_SNAPSHOT_DV.DIM_SNAPSHOT_KEY > BDR_ZWA_PM.BDR_SNAPSHOT_DT.DIM_SNAPSHOT_KEY,,"""UWVM3VLAAPP0022\.A-DC\.BA\.UWV\.NL"".adim.BDR_ZWA_PM.BDR_SNAPSHOT_DV.DIM_SNAPSHOT_KEY",,"""UWVM3VLAAPP0022\.A-DC\.BA\.UWV\.NL"".adim.BDR_ZWA_PM.BDR_SNAPSHOT_DT.DIM_SNAPSHOT_KEY"
,BDR_ZWA_PM.BDR_SNAPSHOT_DV.PERIODE_TYPE > BDR_ZWA_PM.BDR_SNAPSHOT_DT.PERIODE_TYPE,,"""UWVM3VLAAPP0022\.A-DC\.BA\.UWV\.NL"".adim.BDR_ZWA_PM.BDR_SNAPSHOT_DV.PERIODE_TYPE",,"""UWVM3VLAAPP0022\.A-DC\.BA\.UWV\.NL"".adim.BDR_ZWA_PM.BDR_SNAPSHOT_DT.PERIODE_TYPE"
,BDR_ZWA_PM.BDR_SNAPSHOT_DV.SNAPSHOT_PERIODE > BDR_ZWA_PM.BDR_SNAPSHOT_DT.SNAPSHOT_PERIODE,,"""UWVM3VLAAPP0022\.A-DC\.BA\.UWV\.NL"".adim.BDR_ZWA_PM.BDR_SNAPSHOT_DV.SNAPSHOT_PERIODE",,"""UWVM3VLAAPP0022\.A-DC\.BA\.UWV\.NL"".adim.BDR_ZWA_PM.BDR_SNAPSHOT_DT.SNAPSHOT_PERIODE"
,BDR_ZWA_PM.BDR_SNAPSHOT_DV.SNAPSHOT_DATUM_VANAF > BDR_ZWA_PM.BDR_SNAPSHOT_DT.SNAPSHOT_DATUM_VANAF,,"""UWVM3VLAAPP0022\.A-DC\.BA\.UWV\.NL"".adim.BDR_ZWA_PM.BDR_SNAPSHOT_DV.SNAPSHOT_DATUM_VANAF",,"""UWVM3VLAAPP0022\.A-DC\.BA\.UWV\.NL"".adim.BDR_ZWA_PM.BDR_SNAPSHOT_DT.SNAPSHOT_DATUM_VANAF"
,BDR_ZWA_PM.BDR_SNAPSHOT_DV.SNAPSHOT_DATUM_TM > BDR_ZWA_PM.BDR_SNAPSHOT_DT.SNAPSHOT_DATUM_TM,,"""UWVM3VLAAPP0022\.A-DC\.BA\.UWV\.NL"".adim.BDR_ZWA_PM.BDR_SNAPSHOT_DV.SNAPSHOT_DATUM_TM",,"""UWVM3VLAAPP0022\.A-DC\.BA\.UWV\.NL"".adim.BDR_ZWA_PM.BDR_SNAPSHOT_DT.SNAPSHOT_DATUM_TM"
,BDR_ZWA_PM.BDR_SNAPSHOT_DV.SNAPSHOT_DATUM > BDR_ZWA_PM.BDR_SNAPSHOT_DT.SNAPSHOT_DATUM,,"""UWVM3VLAAPP0022\.A-DC\.BA\.UWV\.NL"".adim.BDR_ZWA_PM.BDR_SNAPSHOT_DV.SNAPSHOT_DATUM",,"""UWVM3VLAAPP0022\.A-DC\.BA\.UWV\.NL"".adim.BDR_ZWA_PM.BDR_SNAPSHOT_DT.SNAPSHOT_DATUM"
,BDR_ZWA_PM.BDR_SNAPSHOT_DV.SNAPSHOT_TYPE > BDR_ZWA_PM.BDR_SNAPSHOT_DT.SNAPSHOT_TYPE,,"""UWVM3VLAAPP0022\.A-DC\.BA\.UWV\.NL"".adim.BDR_ZWA_PM.BDR_SNAPSHOT_DV.SNAPSHOT_TYPE",,"""UWVM3VLAAPP0022\.A-DC\.BA\.UWV\.NL"".adim.BDR_ZWA_PM.BDR_SNAPSHOT_DT.SNAPSHOT_TYPE"
,BDR_ZWA_PM.BDR_SNAPSHOT_DV.DIM_DATUM_KEY_ULTIMO_PERIODE > BDR_ZWA_PM.BDR_SNAPSHOT_DT.DIM_DATUM_KEY_ULTIMO_PERIODE,,"""UWVM3VLAAPP0022\.A-DC\.BA\.UWV\.NL"".adim.BDR_ZWA_PM.BDR_SNAPSHOT_DV.DIM_DATUM_KEY_ULTIMO_PERIODE",,"""UWVM3VLAAPP0022\.A-DC\.BA\.UWV\.NL"".adim.BDR_ZWA_PM.BDR_SNAPSHOT_DT.DIM_DATUM_KEY_ULTIMO_PERIODE"
,BDR_ZWA_PM.BDR_TEAM_DV.DIM_TEAM_KEY > BDR_ZWA_PM.BDR_TEAM_DT.DIM_TEAM_KEY,,"""UWVM3VLAAPP0022\.A-DC\.BA\.UWV\.NL"".adim.BDR_ZWA_PM.BDR_TEAM_DV.DIM_TEAM_KEY",,"""UWVM3VLAAPP0022\.A-DC\.BA\.UWV\.NL"".adim.BDR_ZWA_PM.BDR_TEAM_DT.DIM_TEAM_KEY"
,BDR_ZWA_PM.BDR_TEAM_DV.TEAM_HASHKEY > BDR_ZWA_PM.BDR_TEAM_DT.TEAM_HASHKEY,,"""UWVM3VLAAPP0022\.A-DC\.BA\.UWV\.NL"".adim.BDR_ZWA_PM.BDR_TEAM_DV.TEAM_HASHKEY",,"""UWVM3VLAAPP0022\.A-DC\.BA\.UWV\.NL"".adim.BDR_ZWA_PM.BDR_TEAM_DT.TEAM_HASHKEY"
,BDR_ZWA_PM.BDR_TEAM_DV.TEAMNUMMER > BDR_ZWA_PM.BDR_TEAM_DT.TEAMNUMMER,,"""UWVM3VLAAPP0022\.A-DC\.BA\.UWV\.NL"".adim.BDR_ZWA_PM.BDR_TEAM_DV.TEAMNUMMER",,"""UWVM3VLAAPP0022\.A-DC\.BA\.UWV\.NL"".adim.BDR_ZWA_PM.BDR_TEAM_DT.TEAMNUMMER"
,BDR_ZWA_PM.BDR_TEAM_DV.TEAMNAAM > BDR_ZWA_PM.BDR_TEAM_DT.TEAMNAAM,,"""UWVM3VLAAPP0022\.A-DC\.BA\.UWV\.NL"".adim.BDR_ZWA_PM.BDR_TEAM_DV.TEAMNAAM",,"""UWVM3VLAAPP0022\.A-DC\.BA\.UWV\.NL"".adim.BDR_ZWA_PM.BDR_TEAM_DT.TEAMNAAM"
,BDR_ZWA_PM.BDR_TEAM_DV.DISTRICTSKANTOOR_NR > BDR_ZWA_PM.BDR_TEAM_DT.DISTRICTSKANTOOR_NR,,"""UWVM3VLAAPP0022\.A-DC\.BA\.UWV\.NL"".adim.BDR_ZWA_PM.BDR_TEAM_DV.DISTRICTSKANTOOR_NR",,"""UWVM3VLAAPP0022\.A-DC\.BA\.UWV\.NL"".adim.BDR_ZWA_PM.BDR_TEAM_DT.DISTRICTSKANTOOR_NR"
,BDR_ZWA_PM.BDR_TEAM_DV.DISTRICTSKANTOOR_NAAM > BDR_ZWA_PM.BDR_TEAM_DT.DISTRICTSKANTOOR_NAAM,,"""UWVM3VLAAPP0022\.A-DC\.BA\.UWV\.NL"".adim.BDR_ZWA_PM.BDR_TEAM_DV.DISTRICTSKANTOOR_NAAM",,"""UWVM3VLAAPP0022\.A-DC\.BA\.UWV\.NL"".adim.BDR_ZWA_PM.BDR_TEAM_DT.DISTRICTSKANTOOR_NAAM"
,BDR_ZWA_PM.BDR_TEAM_DV.REGIO_NR > BDR_ZWA_PM.BDR_TEAM_DT.REGIO_NR,,"""UWVM3VLAAPP0022\.A-DC\.BA\.UWV\.NL"".adim.BDR_ZWA_PM.BDR_TEAM_DV.REGIO_NR",,"""UWVM3VLAAPP0022\.A-DC\.BA\.UWV\.NL"".adim.BDR_ZWA_PM.BDR_TEAM_DT.REGIO_NR"
,BDR_ZWA_PM.BDR_TEAM_DV.REGIO_NAAM > BDR_ZWA_PM.BDR_TEAM_DT.REGIO_NAAM,,"""UWVM3VLAAPP0022\.A-DC\.BA\.UWV\.NL"".adim.BDR_ZWA_PM.BDR_TEAM_DV.REGIO_NAAM",,"""UWVM3VLAAPP0022\.A-DC\.BA\.UWV\.NL"".adim.BDR_ZWA_PM.BDR_TEAM_DT.REGIO_NAAM"
,BDR_ZWA_PM.BDR_TEAM_DV.DISTRICTSKANTOOR_SORTEERVOLGNR > BDR_ZWA_PM.BDR_TEAM_DT.DISTRICTSKANTOOR_SORTEERVOLGNR,,"""UWVM3VLAAPP0022\.A-DC\.BA\.UWV\.NL"".adim.BDR_ZWA_PM.BDR_TEAM_DV.DISTRICTSKANTOOR_SORTEERVOLGNR",,"""UWVM3VLAAPP0022\.A-DC\.BA\.UWV\.NL"".adim.BDR_ZWA_PM.BDR_TEAM_DT.DISTRICTSKANTOOR_SORTEERVOLGNR"
,BDR_ZWA_PM.BDR_TEAM_DV.REGIO_SORTEERVOLGNR > BDR_ZWA_PM.BDR_TEAM_DT.REGIO_SORTEERVOLGNR,,"""UWVM3VLAAPP0022\.A-DC\.BA\.UWV\.NL"".adim.BDR_ZWA_PM.BDR_TEAM_DV.REGIO_SORTEERVOLGNR",,"""UWVM3VLAAPP0022\.A-DC\.BA\.UWV\.NL"".adim.BDR_ZWA_PM.BDR_TEAM_DT.REGIO_SORTEERVOLGNR"
,BDR_ZWA_PM.BDR_ZAAK_DV.DIM_ZAAK_KEY > BDR_ZWA_PM.BDR_ZAAK_DT.DIM_ZAAK_KEY,,"""UWVM3VLAAPP0022\.A-DC\.BA\.UWV\.NL"".adim.BDR_ZWA_PM.BDR_ZAAK_DV.DIM_ZAAK_KEY",,"""UWVM3VLAAPP0022\.A-DC\.BA\.UWV\.NL"".adim.BDR_ZWA_PM.BDR_ZAAK_DT.DIM_ZAAK_KEY"
,BDR_ZWA_PM.BDR_ZAAK_DV.ZAAK_HASHKEY > BDR_ZWA_PM.BDR_ZAAK_DT.ZAAK_HASHKEY,,"""UWVM3VLAAPP0022\.A-DC\.BA\.UWV\.NL"".adim.BDR_ZWA_PM.BDR_ZAAK_DV.ZAAK_HASHKEY",,"""UWVM3VLAAPP0022\.A-DC\.BA\.UWV\.NL"".adim.BDR_ZWA_PM.BDR_ZAAK_DT.ZAAK_HASHKEY"
,BDR_ZWA_PM.BDR_ZAAK_DV.UZS_AANVRAAGID > BDR_ZWA_PM.BDR_ZAAK_DT.UZS_AANVRAAGID,,"""UWVM3VLAAPP0022\.A-DC\.BA\.UWV\.NL"".adim.BDR_ZWA_PM.BDR_ZAAK_DV.UZS_AANVRAAGID",,"""UWVM3VLAAPP0022\.A-DC\.BA\.UWV\.NL"".adim.BDR_ZWA_PM.BDR_ZAAK_DT.UZS_AANVRAAGID"
,BDR_ZWA_PM.BDR_ZAAK_DV.UZS_GEVALSVOLGNR > BDR_ZWA_PM.BDR_ZAAK_DT.UZS_GEVALSVOLGNR,,"""UWVM3VLAAPP0022\.A-DC\.BA\.UWV\.NL"".adim.BDR_ZWA_PM.BDR_ZAAK_DV.UZS_GEVALSVOLGNR",,"""UWVM3VLAAPP0022\.A-DC\.BA\.UWV\.NL"".adim.BDR_ZWA_PM.BDR_ZAAK_DT.UZS_GEVALSVOLGNR"
,BDR_ZWA_PM.BDR_ZAAK_DV.CONTRACTCODE > BDR_ZWA_PM.BDR_ZAAK_DT.CONTRACTCODE,,"""UWVM3VLAAPP0022\.A-DC\.BA\.UWV\.NL"".adim.BDR_ZWA_PM.BDR_ZAAK_DV.CONTRACTCODE",,"""UWVM3VLAAPP0022\.A-DC\.BA\.UWV\.NL"".adim.BDR_ZWA_PM.BDR_ZAAK_DT.CONTRACTCODE"
,BDR_ZWA_PM.BDR_ZAAK_DV.BUITENLANDSE_INSTELLINGSNR > BDR_ZWA_PM.BDR_ZAAK_DT.BUITENLANDSE_INSTELLINGSNR,,"""UWVM3VLAAPP0022\.A-DC\.BA\.UWV\.NL"".adim.BDR_ZWA_PM.BDR_ZAAK_DV.BUITENLANDSE_INSTELLINGSNR",,"""UWVM3VLAAPP0022\.A-DC\.BA\.UWV\.NL"".adim.BDR_ZWA_PM.BDR_ZAAK_DT.BUITENLANDSE_INSTELLINGSNR"
,BDR_ZWA_PM.BDR_ZAAK_DV.BEGINDATUM_AO > BDR_ZWA_PM.BDR_ZAAK_DT.BEGINDATUM_AO,,"""UWVM3VLAAPP0022\.A-DC\.BA\.UWV\.NL"".adim.BDR_ZWA_PM.BDR_ZAAK_DV.BEGINDATUM_AO",,"""UWVM3VLAAPP0022\.A-DC\.BA\.UWV\.NL"".adim.BDR_ZWA_PM.BDR_ZAAK_DT.BEGINDATUM_AO"
,BDR_ZWA_PM.BDR_ZAAK_DV.DATUM_ONTVANGST_AO_MELDING > BDR_ZWA_PM.BDR_ZAAK_DT.DATUM_ONTVANGST_AO_MELDING,,"""UWVM3VLAAPP0022\.A-DC\.BA\.UWV\.NL"".adim.BDR_ZWA_PM.BDR_ZAAK_DV.DATUM_ONTVANGST_AO_MELDING",,"""UWVM3VLAAPP0022\.A-DC\.BA\.UWV\.NL"".adim.BDR_ZWA_PM.BDR_ZAAK_DT.DATUM_ONTVANGST_AO_MELDING"
,BDR_ZWA_PM.BDR_ZAAK_DV.DATUM_BOEKING_AO > BDR_ZWA_PM.BDR_ZAAK_DT.DATUM_BOEKING_AO,,"""UWVM3VLAAPP0022\.A-DC\.BA\.UWV\.NL"".adim.BDR_ZWA_PM.BDR_ZAAK_DV.DATUM_BOEKING_AO",,"""UWVM3VLAAPP0022\.A-DC\.BA\.UWV\.NL"".adim.BDR_ZWA_PM.BDR_ZAAK_DT.DATUM_BOEKING_AO"
,BDR_ZWA_PM.BDR_ZAAK_DV.DATUM_OVERDRACHT_CK > BDR_ZWA_PM.BDR_ZAAK_DT.DATUM_OVERDRACHT_CK,,"""UWVM3VLAAPP0022\.A-DC\.BA\.UWV\.NL"".adim.BDR_ZWA_PM.BDR_ZAAK_DV.DATUM_OVERDRACHT_CK",,"""UWVM3VLAAPP0022\.A-DC\.BA\.UWV\.NL"".adim.BDR_ZWA_PM.BDR_ZAAK_DT.DATUM_OVERDRACHT_CK"
,BDR_ZWA_PM.BDR_ZAAK_DV.DATUM_ZIEKMELD_DOOR_VERZEKERDE > BDR_ZWA_PM.BDR_ZAAK_DT.DATUM_ZIEKMELD_DOOR_VERZEKERDE,,"""UWVM3VLAAPP0022\.A-DC\.BA\.UWV\.NL"".adim.BDR_ZWA_PM.BDR_ZAAK_DV.DATUM_ZIEKMELD_DOOR_VERZEKERDE",,"""UWVM3VLAAPP0022\.A-DC\.BA\.UWV\.NL"".adim.BDR_ZWA_PM.BDR_ZAAK_DT.DATUM_ZIEKMELD_DOOR_VERZEKERDE"
,BDR_ZWA_PM.BDR_ZAAK_DV.EERSTE_CONTACTMOMENT > BDR_ZWA_PM.BDR_ZAAK_DT.EERSTE_CONTACTMOMENT,,"""UWVM3VLAAPP0022\.A-DC\.BA\.UWV\.NL"".adim.BDR_ZWA_PM.BDR_ZAAK_DV.EERSTE_CONTACTMOMENT",,"""UWVM3VLAAPP0022\.A-DC\.BA\.UWV\.NL"".adim.BDR_ZWA_PM.BDR_ZAAK_DT.EERSTE_CONTACTMOMENT"
,BDR_ZWA_PM.BDR_ZAAK_DV.DATUM_PLAUSIBEL > BDR_ZWA_PM.BDR_ZAAK_DT.DATUM_PLAUSIBEL,,"""UWVM3VLAAPP0022\.A-DC\.BA\.UWV\.NL"".adim.BDR_ZWA_PM.BDR_ZAAK_DV.DATUM_PLAUSIBEL",,"""UWVM3VLAAPP0022\.A-DC\.BA\.UWV\.NL"".adim.BDR_ZWA_PM.BDR_ZAAK_DT.DATUM_PLAUSIBEL"
,BDR_ZWA_PM.BDR_ZAAK_DV.DAT_UDA_EZWB > BDR_ZWA_PM.BDR_ZAAK_DT.DAT_UDA_EZWB,,"""UWVM3VLAAPP0022\.A-DC\.BA\.UWV\.NL"".adim.BDR_ZWA_PM.BDR_ZAAK_DV.DAT_UDA_EZWB",,"""UWVM3VLAAPP0022\.A-DC\.BA\.UWV\.NL"".adim.BDR_ZWA_PM.BDR_ZAAK_DT.DAT_UDA_EZWB"
,BDR_ZWA_PM.BDR_ZAAK_DV.DAT_NUDA_EZWB > BDR_ZWA_PM.BDR_ZAAK_DT.DAT_NUDA_EZWB,,"""UWVM3VLAAPP0022\.A-DC\.BA\.UWV\.NL"".adim.BDR_ZWA_PM.BDR_ZAAK_DV.DAT_NUDA_EZWB",,"""UWVM3VLAAPP0022\.A-DC\.BA\.UWV\.NL"".adim.BDR_ZWA_PM.BDR_ZAAK_DT.DAT_NUDA_EZWB"
,BDR_ZWA_PM.BDR_ZAAK_DV.DATUM_ONTVANGST_HERSTELDMELDING > BDR_ZWA_PM.BDR_ZAAK_DT.DATUM_ONTVANGST_HERSTELDMELDING,,"""UWVM3VLAAPP0022\.A-DC\.BA\.UWV\.NL"".adim.BDR_ZWA_PM.BDR_ZAAK_DV.DATUM_ONTVANGST_HERSTELDMELDING",,"""UWVM3VLAAPP0022\.A-DC\.BA\.UWV\.NL"".adim.BDR_ZWA_PM.BDR_ZAAK_DT.DATUM_ONTVANGST_HERSTELDMELDING"
,BDR_ZWA_PM.BDR_ZAAK_DV.DATUM_BOEKING_HERSTELDMELDING > BDR_ZWA_PM.BDR_ZAAK_DT.DATUM_BOEKING_HERSTELDMELDING,,"""UWVM3VLAAPP0022\.A-DC\.BA\.UWV\.NL"".adim.BDR_ZWA_PM.BDR_ZAAK_DV.DATUM_BOEKING_HERSTELDMELDING",,"""UWVM3VLAAPP0022\.A-DC\.BA\.UWV\.NL"".adim.BDR_ZWA_PM.BDR_ZAAK_DT.DATUM_BOEKING_HERSTELDMELDING"
,BDR_ZWA_PM.BDR_ZAAK_DV.EINDDATUM_AO > BDR_ZWA_PM.BDR_ZAAK_DT.EINDDATUM_AO,,"""UWVM3VLAAPP0022\.A-DC\.BA\.UWV\.NL"".adim.BDR_ZWA_PM.BDR_ZAAK_DV.EINDDATUM_AO",,"""UWVM3VLAAPP0022\.A-DC\.BA\.UWV\.NL"".adim.BDR_ZWA_PM.BDR_ZAAK_DT.EINDDATUM_AO"
,BDR_ZWA_PM.BDR_ZAAK_DV.CODE_BRON_HERSTELDMELDING > BDR_ZWA_PM.BDR_ZAAK_DT.CODE_BRON_HERSTELDMELDING,,"""UWVM3VLAAPP0022\.A-DC\.BA\.UWV\.NL"".adim.BDR_ZWA_PM.BDR_ZAAK_DV.CODE_BRON_HERSTELDMELDING",,"""UWVM3VLAAPP0022\.A-DC\.BA\.UWV\.NL"".adim.BDR_ZWA_PM.BDR_ZAAK_DT.CODE_BRON_HERSTELDMELDING"
,BDR_ZWA_PM.BDR_ZAAK_DV.BRON_HERSTELDMELDING > BDR_ZWA_PM.BDR_ZAAK_DT.BRON_HERSTELDMELDING,,"""UWVM3VLAAPP0022\.A-DC\.BA\.UWV\.NL"".adim.BDR_ZWA_PM.BDR_ZAAK_DV.BRON_HERSTELDMELDING",,"""UWVM3VLAAPP0022\.A-DC\.BA\.UWV\.NL"".adim.BDR_ZWA_PM.BDR_ZAAK_DT.BRON_HERSTELDMELDING"
,BDR_ZWA_PM.BDR_ZAAK_DV.CODE_UITSTROOMOORZAAK > BDR_ZWA_PM.BDR_ZAAK_DT.CODE_UITSTROOMOORZAAK,,"""UWVM3VLAAPP0022\.A-DC\.BA\.UWV\.NL"".adim.BDR_ZWA_PM.BDR_ZAAK_DV.CODE_UITSTROOMOORZAAK",,"""UWVM3VLAAPP0022\.A-DC\.BA\.UWV\.NL"".adim.BDR_ZWA_PM.BDR_ZAAK_DT.CODE_UITSTROOMOORZAAK"
,BDR_ZWA_PM.BDR_ZAAK_DV.UITSTROOMOORZAAK > BDR_ZWA_PM.BDR_ZAAK_DT.UITSTROOMOORZAAK,,"""UWVM3VLAAPP0022\.A-DC\.BA\.UWV\.NL"".adim.BDR_ZWA_PM.BDR_ZAAK_DV.UITSTROOMOORZAAK",,"""UWVM3VLAAPP0022\.A-DC\.BA\.UWV\.NL"".adim.BDR_ZWA_PM.BDR_ZAAK_DT.UITSTROOMOORZAAK"
,BDR_ZWA_PM.BDR_ZAAK_DV.IND_SLAPEND > BDR_ZWA_PM.BDR_ZAAK_DT.IND_SLAPEND,,"""UWVM3VLAAPP0022\.A-DC\.BA\.UWV\.NL"".adim.BDR_ZWA_PM.BDR_ZAAK_DV.IND_SLAPEND",,"""UWVM3VLAAPP0022\.A-DC\.BA\.UWV\.NL"".adim.BDR_ZWA_PM.BDR_ZAAK_DT.IND_SLAPEND"
,BDR_ZWA_PM.BDR_ZAAK_DV.IND_EIGENRISICODRAGER > BDR_ZWA_PM.BDR_ZAAK_DT.IND_EIGENRISICODRAGER,,"""UWVM3VLAAPP0022\.A-DC\.BA\.UWV\.NL"".adim.BDR_ZWA_PM.BDR_ZAAK_DV.IND_EIGENRISICODRAGER",,"""UWVM3VLAAPP0022\.A-DC\.BA\.UWV\.NL"".adim.BDR_ZWA_PM.BDR_ZAAK_DT.IND_EIGENRISICODRAGER"
,BDR_ZWA_PM.BDR_ZAAK_DV.INDICATIE_PLAUSIBEL > BDR_ZWA_PM.BDR_ZAAK_DT.INDICATIE_PLAUSIBEL,,"""UWVM3VLAAPP0022\.A-DC\.BA\.UWV\.NL"".adim.BDR_ZWA_PM.BDR_ZAAK_DV.INDICATIE_PLAUSIBEL",msl_mapping_documentation - 30-06-2023 NIEUW: attribuut 'Indicatie plausibel' toegevoegd,"""UWVM3VLAAPP0022\.A-DC\.BA\.UWV\.NL"".adim.BDR_ZWA_PM.BDR_ZAAK_DT.INDICATIE_PLAUSIBEL"
,BDR_ZWA_PM.BDR_ZAAK_DV.EERSTE_OF_TWEEDE_LIJN > BDR_ZWA_PM.BDR_ZAAK_DT.EERSTE_OF_TWEEDE_LIJN,,"""UWVM3VLAAPP0022\.A-DC\.BA\.UWV\.NL"".adim.BDR_ZWA_PM.BDR_ZAAK_DV.EERSTE_OF_TWEEDE_LIJN",,"""UWVM3VLAAPP0022\.A-DC\.BA\.UWV\.NL"".adim.BDR_ZWA_PM.BDR_ZAAK_DT.EERSTE_OF_TWEEDE_LIJN"
,BDR_ZWA_PM.BDR_ZAAK_DV.IND_GDBM > BDR_ZWA_PM.BDR_ZAAK_DT.IND_GDBM,,"""UWVM3VLAAPP0022\.A-DC\.BA\.UWV\.NL"".adim.BDR_ZWA_PM.BDR_ZAAK_DV.IND_GDBM",,"""UWVM3VLAAPP0022\.A-DC\.BA\.UWV\.NL"".adim.BDR_ZWA_PM.BDR_ZAAK_DT.IND_GDBM"
,BDR_ZWA_PM.BDR_ZAAK_DV.CODE_VANGNETCATEGORIE_IMF > BDR_ZWA_PM.BDR_ZAAK_DT.CODE_VANGNETCATEGORIE_IMF,,"""UWVM3VLAAPP0022\.A-DC\.BA\.UWV\.NL"".adim.BDR_ZWA_PM.BDR_ZAAK_DV.CODE_VANGNETCATEGORIE_IMF",,"""UWVM3VLAAPP0022\.A-DC\.BA\.UWV\.NL"".adim.BDR_ZWA_PM.BDR_ZAAK_DT.CODE_VANGNETCATEGORIE_IMF"
,BDR_ZWA_PM.BDR_ZAAK_DV.VANGNETCATEGORIE_IMF > BDR_ZWA_PM.BDR_ZAAK_DT.VANGNETCATEGORIE_IMF,,"""UWVM3VLAAPP0022\.A-DC\.BA\.UWV\.NL"".adim.BDR_ZWA_PM.BDR_ZAAK_DV.VANGNETCATEGORIE_IMF",,"""UWVM3VLAAPP0022\.A-DC\.BA\.UWV\.NL"".adim.BDR_ZWA_PM.BDR_ZAAK_DT.VANGNETCATEGORIE_IMF"
,BDR_ZWA_PM.BDR_ZAAK_DV.CODE_VANGNETCATEGORIE_BB > BDR_ZWA_PM.BDR_ZAAK_DT.CODE_VANGNETCATEGORIE_BB,,"""UWVM3VLAAPP0022\.A-DC\.BA\.UWV\.NL"".adim.BDR_ZWA_PM.BDR_ZAAK_DV.CODE_VANGNETCATEGORIE_BB",,"""UWVM3VLAAPP0022\.A-DC\.BA\.UWV\.NL"".adim.BDR_ZWA_PM.BDR_ZAAK_DT.CODE_VANGNETCATEGORIE_BB"
,BDR_ZWA_PM.BDR_ZAAK_DV.VANGNETCATEGORIE_BB > BDR_ZWA_PM.BDR_ZAAK_DT.VANGNETCATEGORIE_BB,,"""UWVM3VLAAPP0022\.A-DC\.BA\.UWV\.NL"".adim.BDR_ZWA_PM.BDR_ZAAK_DV.VANGNETCATEGORIE_BB",,"""UWVM3VLAAPP0022\.A-DC\.BA\.UWV\.NL"".adim.BDR_ZWA_PM.BDR_ZAAK_DT.VANGNETCATEGORIE_BB"
,BDR_ZWA_PM.BDR_ZAAK_DV.CODE_VANGNETCATEGORIE_SZW > BDR_ZWA_PM.BDR_ZAAK_DT.CODE_VANGNETCATEGORIE_SZW,,"""UWVM3VLAAPP0022\.A-DC\.BA\.UWV\.NL"".adim.BDR_ZWA_PM.BDR_ZAAK_DV.CODE_VANGNETCATEGORIE_SZW",,"""UWVM3VLAAPP0022\.A-DC\.BA\.UWV\.NL"".adim.BDR_ZWA_PM.BDR_ZAAK_DT.CODE_VANGNETCATEGORIE_SZW"
,BDR_ZWA_PM.BDR_ZAAK_DV.VANGNETCATEGORIE_SZW > BDR_ZWA_PM.BDR_ZAAK_DT.VANGNETCATEGORIE_SZW,,"""UWVM3VLAAPP0022\.A-DC\.BA\.UWV\.NL"".adim.BDR_ZWA_PM.BDR_ZAAK_DV.VANGNETCATEGORIE_SZW",,"""UWVM3VLAAPP0022\.A-DC\.BA\.UWV\.NL"".adim.BDR_ZWA_PM.BDR_ZAAK_DT.VANGNETCATEGORIE_SZW"
,BDR_ZWA_PM.BDR_ZAAK_DV.CODE_AG_TRAJECT > BDR_ZWA_PM.BDR_ZAAK_DT.CODE_AG_TRAJECT,,"""UWVM3VLAAPP0022\.A-DC\.BA\.UWV\.NL"".adim.BDR_ZWA_PM.BDR_ZAAK_DV.CODE_AG_TRAJECT",,"""UWVM3VLAAPP0022\.A-DC\.BA\.UWV\.NL"".adim.BDR_ZWA_PM.BDR_ZAAK_DT.CODE_AG_TRAJECT"
,BDR_ZWA_PM.BDR_ZAAK_DV.AG_TRAJECT > BDR_ZWA_PM.BDR_ZAAK_DT.AG_TRAJECT,,"""UWVM3VLAAPP0022\.A-DC\.BA\.UWV\.NL"".adim.BDR_ZWA_PM.BDR_ZAAK_DV.AG_TRAJECT",,"""UWVM3VLAAPP0022\.A-DC\.BA\.UWV\.NL"".adim.BDR_ZWA_PM.BDR_ZAAK_DT.AG_TRAJECT"
,BDR_ZWA_PM.BDR_ZAAK_DV.CODE_REDEN_EINDE_RECHT > BDR_ZWA_PM.BDR_ZAAK_DT.CODE_REDEN_EINDE_RECHT,,"""UWVM3VLAAPP0022\.A-DC\.BA\.UWV\.NL"".adim.BDR_ZWA_PM.BDR_ZAAK_DV.CODE_REDEN_EINDE_RECHT",,"""UWVM3VLAAPP0022\.A-DC\.BA\.UWV\.NL"".adim.BDR_ZWA_PM.BDR_ZAAK_DT.CODE_REDEN_EINDE_RECHT"
,BDR_ZWA_PM.BDR_ZAAK_DV.REDEN_EINDE_RECHT > BDR_ZWA_PM.BDR_ZAAK_DT.REDEN_EINDE_RECHT,,"""UWVM3VLAAPP0022\.A-DC\.BA\.UWV\.NL"".adim.BDR_ZWA_PM.BDR_ZAAK_DV.REDEN_EINDE_RECHT",,"""UWVM3VLAAPP0022\.A-DC\.BA\.UWV\.NL"".adim.BDR_ZWA_PM.BDR_ZAAK_DT.REDEN_EINDE_RECHT"
,BDR_ZWA_PM.BDR_ZAAK_DV.MAXIMUM_DATUM_ZIEKTEWET > BDR_ZWA_PM.BDR_ZAAK_DT.MAXIMUM_DATUM_ZIEKTEWET,,"""UWVM3VLAAPP0022\.A-DC\.BA\.UWV\.NL"".adim.BDR_ZWA_PM.BDR_ZAAK_DV.MAXIMUM_DATUM_ZIEKTEWET",,"""UWVM3VLAAPP0022\.A-DC\.BA\.UWV\.NL"".adim.BDR_ZWA_PM.BDR_ZAAK_DT.MAXIMUM_DATUM_ZIEKTEWET"
,BDR_ZWA_PM.BDR_ZAAK_UITSTROOM_VW.DIM_ZAAK_KEY > BDR_ZWA_PM.BDR_ZAAK_UITSTROOM_FT.DIM_ZAAK_KEY,,"""UWVM3VLAAPP0022\.A-DC\.BA\.UWV\.NL"".adim.BDR_ZWA_PM.BDR_ZAAK_UITSTROOM_VW.DIM_ZAAK_KEY",,"""UWVM3VLAAPP0022\.A-DC\.BA\.UWV\.NL"".adim.BDR_ZWA_PM.BDR_ZAAK_UITSTROOM_FT.DIM_ZAAK_KEY"
,BDR_ZWA_PM.BDR_ZAAK_UITSTROOM_VW.AANTAL_UITSTROOM > BDR_ZWA_PM.BDR_ZAAK_UITSTROOM_FT.AANTAL_UITSTROOM,,"""UWVM3VLAAPP0022\.A-DC\.BA\.UWV\.NL"".adim.BDR_ZWA_PM.BDR_ZAAK_UITSTROOM_VW.AANTAL_UITSTROOM",,"""UWVM3VLAAPP0022\.A-DC\.BA\.UWV\.NL"".adim.BDR_ZWA_PM.BDR_ZAAK_UITSTROOM_FT.AANTAL_UITSTROOM"
,BDR_ZWA_PM.BDR_ZAAK_UITSTROOM_VW.VERZUIMDUUR > BDR_ZWA_PM.BDR_ZAAK_UITSTROOM_FT.VERZUIMDUUR,,"""UWVM3VLAAPP0022\.A-DC\.BA\.UWV\.NL"".adim.BDR_ZWA_PM.BDR_ZAAK_UITSTROOM_VW.VERZUIMDUUR",,"""UWVM3VLAAPP0022\.A-DC\.BA\.UWV\.NL"".adim.BDR_ZWA_PM.BDR_ZAAK_UITSTROOM_FT.VERZUIMDUUR"
,BDR_ZWA_PM.BDR_ZAAK_UITSTROOM_VW.DIM_DATUM_KEY > BDR_ZWA_PM.BDR_ZAAK_UITSTROOM_FT.DIM_DATUM_KEY,,"""UWVM3VLAAPP0022\.A-DC\.BA\.UWV\.NL"".adim.BDR_ZWA_PM.BDR_ZAAK_UITSTROOM_VW.DIM_DATUM_KEY",,"""UWVM3VLAAPP0022\.A-DC\.BA\.UWV\.NL"".adim.BDR_ZWA_PM.BDR_ZAAK_UITSTROOM_FT.DIM_DATUM_KEY"
,BDR_ZWA_PM.BDR_ZAAK_UITSTROOM_VW.DIM_SNAPSHOT_KEY > BDR_ZWA_PM.BDR_ZAAK_UITSTROOM_FT.DIM_SNAPSHOT_KEY,,"""UWVM3VLAAPP0022\.A-DC\.BA\.UWV\.NL"".adim.BDR_ZWA_PM.BDR_ZAAK_UITSTROOM_VW.DIM_SNAPSHOT_KEY",,"""UWVM3VLAAPP0022\.A-DC\.BA\.UWV\.NL"".adim.BDR_ZWA_PM.BDR_ZAAK_UITSTROOM_FT.DIM_SNAPSHOT_KEY"
,BDR_ZWA_PM.BDR_ZAAK_UITSTROOM_VW.DIM_TEAM_KEY_VERANTWOORDELIJK > BDR_ZWA_PM.BDR_ZAAK_UITSTROOM_FT.DIM_TEAM_KEY_VERANTWOORDELIJK,,"""UWVM3VLAAPP0022\.A-DC\.BA\.UWV\.NL"".adim.BDR_ZWA_PM.BDR_ZAAK_UITSTROOM_VW.DIM_TEAM_KEY_VERANTWOORDELIJK",,"""UWVM3VLAAPP0022\.A-DC\.BA\.UWV\.NL"".adim.BDR_ZWA_PM.BDR_ZAAK_UITSTROOM_FT.DIM_TEAM_KEY_VERANTWOORDELIJK"
,BDR_ZWA_PM.BDR_TAAKINZAAK_DV.DIM_TAAKINZAAK_KEY > BDR_ZWA_PM.BDR_TAAKINZAAK_DT.DIM_TAAKINZAAK_KEY,,"""UWVM3VLAAPP0022\.A-DC\.BA\.UWV\.NL"".adim.BDR_ZWA_PM.BDR_TAAKINZAAK_DV.DIM_TAAKINZAAK_KEY",,"""UWVM3VLAAPP0022\.A-DC\.BA\.UWV\.NL"".adim.BDR_ZWA_PM.BDR_TAAKINZAAK_DT.DIM_TAAKINZAAK_KEY"
,BDR_ZWA_PM.BDR_TAAKINZAAK_DV.DIM_TAAKINZAAK_L_HK > BDR_ZWA_PM.BDR_TAAKINZAAK_DT.DIM_TAAKINZAAK_L_HK,linkkey,"""UWVM3VLAAPP0022\.A-DC\.BA\.UWV\.NL"".adim.BDR_ZWA_PM.BDR_TAAKINZAAK_DV.DIM_TAAKINZAAK_L_HK",,"""UWVM3VLAAPP0022\.A-DC\.BA\.UWV\.NL"".adim.BDR_ZWA_PM.BDR_TAAKINZAAK_DT.DIM_TAAKINZAAK_L_HK"
,BDR_ZWA_PM.BDR_TAAKINZAAK_DV.DATUM_BOEKING_ACTIVITEIT > BDR_ZWA_PM.BDR_TAAKINZAAK_DT.DATUM_BOEKING_ACTIVITEIT,,"""UWVM3VLAAPP0022\.A-DC\.BA\.UWV\.NL"".adim.BDR_ZWA_PM.BDR_TAAKINZAAK_DV.DATUM_BOEKING_ACTIVITEIT",,"""UWVM3VLAAPP0022\.A-DC\.BA\.UWV\.NL"".adim.BDR_ZWA_PM.BDR_TAAKINZAAK_DT.DATUM_BOEKING_ACTIVITEIT"
,BDR_ZWA_PM.BDR_TAAKINZAAK_DV.DATUM_ACTIVITEIT_PLAN > BDR_ZWA_PM.BDR_TAAKINZAAK_DT.DATUM_ACTIVITEIT_PLAN,,"""UWVM3VLAAPP0022\.A-DC\.BA\.UWV\.NL"".adim.BDR_ZWA_PM.BDR_TAAKINZAAK_DV.DATUM_ACTIVITEIT_PLAN",,"""UWVM3VLAAPP0022\.A-DC\.BA\.UWV\.NL"".adim.BDR_ZWA_PM.BDR_TAAKINZAAK_DT.DATUM_ACTIVITEIT_PLAN"
,BDR_ZWA_PM.BDR_TAAKINZAAK_DV.DATUM_ACTIVITEIT_REALISATIE > BDR_ZWA_PM.BDR_TAAKINZAAK_DT.DATUM_ACTIVITEIT_REALISATIE,,"""UWVM3VLAAPP0022\.A-DC\.BA\.UWV\.NL"".adim.BDR_ZWA_PM.BDR_TAAKINZAAK_DV.DATUM_ACTIVITEIT_REALISATIE",,"""UWVM3VLAAPP0022\.A-DC\.BA\.UWV\.NL"".adim.BDR_ZWA_PM.BDR_TAAKINZAAK_DT.DATUM_ACTIVITEIT_REALISATIE"
,BDR_ZWA_PM.BDR_TAAKINZAAK_DV.CODE_AANLEIDING_ACTIVITEIT > BDR_ZWA_PM.BDR_TAAKINZAAK_DT.CODE_AANLEIDING_ACTIVITEIT,,"""UWVM3VLAAPP0022\.A-DC\.BA\.UWV\.NL"".adim.BDR_ZWA_PM.BDR_TAAKINZAAK_DV.CODE_AANLEIDING_ACTIVITEIT",,"""UWVM3VLAAPP0022\.A-DC\.BA\.UWV\.NL"".adim.BDR_ZWA_PM.BDR_TAAKINZAAK_DT.CODE_AANLEIDING_ACTIVITEIT"
,BDR_ZWA_PM.BDR_TAAKINZAAK_DV.AANLEIDING_ACTIVITEIT > BDR_ZWA_PM.BDR_TAAKINZAAK_DT.AANLEIDING_ACTIVITEIT,,"""UWVM3VLAAPP0022\.A-DC\.BA\.UWV\.NL"".adim.BDR_ZWA_PM.BDR_TAAKINZAAK_DV.AANLEIDING_ACTIVITEIT",,"""UWVM3VLAAPP0022\.A-DC\.BA\.UWV\.NL"".adim.BDR_ZWA_PM.BDR_TAAKINZAAK_DT.AANLEIDING_ACTIVITEIT"
,BDR_ZWA_PM.BDR_TAAKINZAAK_DV.DATUM_OPROEP > BDR_ZWA_PM.BDR_TAAKINZAAK_DT.DATUM_OPROEP,,"""UWVM3VLAAPP0022\.A-DC\.BA\.UWV\.NL"".adim.BDR_ZWA_PM.BDR_TAAKINZAAK_DV.DATUM_OPROEP",,"""UWVM3VLAAPP0022\.A-DC\.BA\.UWV\.NL"".adim.BDR_ZWA_PM.BDR_TAAKINZAAK_DT.DATUM_OPROEP"
,BDR_ZWA_PM.BDR_TAAKINZAAK_DV.CODE_AANWEZIGHEID_PERSOON > BDR_ZWA_PM.BDR_TAAKINZAAK_DT.CODE_AANWEZIGHEID_PERSOON,,"""UWVM3VLAAPP0022\.A-DC\.BA\.UWV\.NL"".adim.BDR_ZWA_PM.BDR_TAAKINZAAK_DV.CODE_AANWEZIGHEID_PERSOON",,"""UWVM3VLAAPP0022\.A-DC\.BA\.UWV\.NL"".adim.BDR_ZWA_PM.BDR_TAAKINZAAK_DT.CODE_AANWEZIGHEID_PERSOON"
,BDR_ZWA_PM.BDR_TAAKINZAAK_DV.AANWEZIGHEID_PERSOON > BDR_ZWA_PM.BDR_TAAKINZAAK_DT.AANWEZIGHEID_PERSOON,,"""UWVM3VLAAPP0022\.A-DC\.BA\.UWV\.NL"".adim.BDR_ZWA_PM.BDR_TAAKINZAAK_DV.AANWEZIGHEID_PERSOON",,"""UWVM3VLAAPP0022\.A-DC\.BA\.UWV\.NL"".adim.BDR_ZWA_PM.BDR_TAAKINZAAK_DT.AANWEZIGHEID_PERSOON"
,BDR_ZWA_PM.BDR_TAAKINZAAK_DV.CODE_FUNCTIE_MEDEWERKER > BDR_ZWA_PM.BDR_TAAKINZAAK_DT.CODE_FUNCTIE_MEDEWERKER,,"""UWVM3VLAAPP0022\.A-DC\.BA\.UWV\.NL"".adim.BDR_ZWA_PM.BDR_TAAKINZAAK_DV.CODE_FUNCTIE_MEDEWERKER",,"""UWVM3VLAAPP0022\.A-DC\.BA\.UWV\.NL"".adim.BDR_ZWA_PM.BDR_TAAKINZAAK_DT.CODE_FUNCTIE_MEDEWERKER"
,BDR_ZWA_PM.BDR_TAAKINZAAK_DV.FUNCTIE_MEDEWERKER > BDR_ZWA_PM.BDR_TAAKINZAAK_DT.FUNCTIE_MEDEWERKER,,"""UWVM3VLAAPP0022\.A-DC\.BA\.UWV\.NL"".adim.BDR_ZWA_PM.BDR_TAAKINZAAK_DV.FUNCTIE_MEDEWERKER",,"""UWVM3VLAAPP0022\.A-DC\.BA\.UWV\.NL"".adim.BDR_ZWA_PM.BDR_TAAKINZAAK_DT.FUNCTIE_MEDEWERKER"
,BDR_ZWA_PM.BDR_TAAKINZAAK_DV.CODE_STATUS_ACTIVITEIT > BDR_ZWA_PM.BDR_TAAKINZAAK_DT.CODE_STATUS_ACTIVITEIT,,"""UWVM3VLAAPP0022\.A-DC\.BA\.UWV\.NL"".adim.BDR_ZWA_PM.BDR_TAAKINZAAK_DV.CODE_STATUS_ACTIVITEIT",,"""UWVM3VLAAPP0022\.A-DC\.BA\.UWV\.NL"".adim.BDR_ZWA_PM.BDR_TAAKINZAAK_DT.CODE_STATUS_ACTIVITEIT"
,BDR_ZWA_PM.BDR_TAAKINZAAK_DV.STATUS_ACTIVITEIT > BDR_ZWA_PM.BDR_TAAKINZAAK_DT.STATUS_ACTIVITEIT,,"""UWVM3VLAAPP0022\.A-DC\.BA\.UWV\.NL"".adim.BDR_ZWA_PM.BDR_TAAKINZAAK_DV.STATUS_ACTIVITEIT",,"""UWVM3VLAAPP0022\.A-DC\.BA\.UWV\.NL"".adim.BDR_ZWA_PM.BDR_TAAKINZAAK_DT.STATUS_ACTIVITEIT"
,BDR_ZWA_PM.BDR_TAAKINZAAK_DV.CODE_CONCLUSIE_ACTIVITEIT > BDR_ZWA_PM.BDR_TAAKINZAAK_DT.CODE_CONCLUSIE_ACTIVITEIT,,"""UWVM3VLAAPP0022\.A-DC\.BA\.UWV\.NL"".adim.BDR_ZWA_PM.BDR_TAAKINZAAK_DV.CODE_CONCLUSIE_ACTIVITEIT",,"""UWVM3VLAAPP0022\.A-DC\.BA\.UWV\.NL"".adim.BDR_ZWA_PM.BDR_TAAKINZAAK_DT.CODE_CONCLUSIE_ACTIVITEIT"
,BDR_ZWA_PM.BDR_TAAKINZAAK_DV.CONCLUSIE_ACTIVITEIT > BDR_ZWA_PM.BDR_TAAKINZAAK_DT.CONCLUSIE_ACTIVITEIT,,"""UWVM3VLAAPP0022\.A-DC\.BA\.UWV\.NL"".adim.BDR_ZWA_PM.BDR_TAAKINZAAK_DV.CONCLUSIE_ACTIVITEIT",,"""UWVM3VLAAPP0022\.A-DC\.BA\.UWV\.NL"".adim.BDR_ZWA_PM.BDR_TAAKINZAAK_DT.CONCLUSIE_ACTIVITEIT"
,BDR_ZWA_PM.BDR_TAAKINZAAK_DV.NAAM_MEDEWERKER > BDR_ZWA_PM.BDR_TAAKINZAAK_DT.NAAM_MEDEWERKER,,"""UWVM3VLAAPP0022\.A-DC\.BA\.UWV\.NL"".adim.BDR_ZWA_PM.BDR_TAAKINZAAK_DV.NAAM_MEDEWERKER",,"""UWVM3VLAAPP0022\.A-DC\.BA\.UWV\.NL"".adim.BDR_ZWA_PM.BDR_TAAKINZAAK_DT.NAAM_MEDEWERKER"
,BDR_ZWA_PM.BDR_TAAKINZAAK_DV.DATUM_INITIELE_BOEKING_ACT > BDR_ZWA_PM.BDR_TAAKINZAAK_DT.DATUM_INITIELE_BOEKING_ACT,,"""UWVM3VLAAPP0022\.A-DC\.BA\.UWV\.NL"".adim.BDR_ZWA_PM.BDR_TAAKINZAAK_DV.DATUM_INITIELE_BOEKING_ACT",,"""UWVM3VLAAPP0022\.A-DC\.BA\.UWV\.NL"".adim.BDR_ZWA_PM.BDR_TAAKINZAAK_DT.DATUM_INITIELE_BOEKING_ACT"
,BDR_ZWA_PM.BDR_TAAK_IN_ZAAK_INPUT_VW.DIM_DATUM_KEY > BDR_ZWA_PM.BDR_TAAK_IN_ZAAK_INPUT_FT.DIM_DATUM_KEY,,"""UWVM3VLAAPP0022\.A-DC\.BA\.UWV\.NL"".adim.BDR_ZWA_PM.BDR_TAAK_IN_ZAAK_INPUT_VW.DIM_DATUM_KEY",,"""UWVM3VLAAPP0022\.A-DC\.BA\.UWV\.NL"".adim.BDR_ZWA_PM.BDR_TAAK_IN_ZAAK_INPUT_FT.DIM_DATUM_KEY"
,BDR_ZWA_PM.BDR_TAAK_IN_ZAAK_INPUT_VW.DIM_SNAPSHOT_KEY > BDR_ZWA_PM.BDR_TAAK_IN_ZAAK_INPUT_FT.DIM_SNAPSHOT_KEY,,"""UWVM3VLAAPP0022\.A-DC\.BA\.UWV\.NL"".adim.BDR_ZWA_PM.BDR_TAAK_IN_ZAAK_INPUT_VW.DIM_SNAPSHOT_KEY",,"""UWVM3VLAAPP0022\.A-DC\.BA\.UWV\.NL"".adim.BDR_ZWA_PM.BDR_TAAK_IN_ZAAK_INPUT_FT.DIM_SNAPSHOT_KEY"
,BDR_ZWA_PM.BDR_TAAK_IN_ZAAK_INPUT_VW.DIM_ZAAK_KEY > BDR_ZWA_PM.BDR_TAAK_IN_ZAAK_INPUT_FT.DIM_ZAAK_KEY,,"""UWVM3VLAAPP0022\.A-DC\.BA\.UWV\.NL"".adim.BDR_ZWA_PM.BDR_TAAK_IN_ZAAK_INPUT_VW.DIM_ZAAK_KEY",,"""UWVM3VLAAPP0022\.A-DC\.BA\.UWV\.NL"".adim.BDR_ZWA_PM.BDR_TAAK_IN_ZAAK_INPUT_FT.DIM_ZAAK_KEY"
,BDR_ZWA_PM.BDR_TAAK_IN_ZAAK_INPUT_VW.DIM_TAAKINZAAK_KEY > BDR_ZWA_PM.BDR_TAAK_IN_ZAAK_INPUT_FT.DIM_TAAKINZAAK_KEY,,"""UWVM3VLAAPP0022\.A-DC\.BA\.UWV\.NL"".adim.BDR_ZWA_PM.BDR_TAAK_IN_ZAAK_INPUT_VW.DIM_TAAKINZAAK_KEY",,"""UWVM3VLAAPP0022\.A-DC\.BA\.UWV\.NL"".adim.BDR_ZWA_PM.BDR_TAAK_IN_ZAAK_INPUT_FT.DIM_TAAKINZAAK_KEY"
,BDR_ZWA_PM.BDR_TAAK_IN_ZAAK_INPUT_VW.DIM_TAAK_KEY > BDR_ZWA_PM.BDR_TAAK_IN_ZAAK_INPUT_FT.DIM_TAAK_KEY,,"""UWVM3VLAAPP0022\.A-DC\.BA\.UWV\.NL"".adim.BDR_ZWA_PM.BDR_TAAK_IN_ZAAK_INPUT_VW.DIM_TAAK_KEY",,"""UWVM3VLAAPP0022\.A-DC\.BA\.UWV\.NL"".adim.BDR_ZWA_PM.BDR_TAAK_IN_ZAAK_INPUT_FT.DIM_TAAK_KEY"
,BDR_ZWA_PM.BDR_TAAK_IN_ZAAK_INPUT_VW.AANTAL_INPUT > BDR_ZWA_PM.BDR_TAAK_IN_ZAAK_INPUT_FT.AANTAL_INPUT,,"""UWVM3VLAAPP0022\.A-DC\.BA\.UWV\.NL"".adim.BDR_ZWA_PM.BDR_TAAK_IN_ZAAK_INPUT_VW.AANTAL_INPUT",,"""UWVM3VLAAPP0022\.A-DC\.BA\.UWV\.NL"".adim.BDR_ZWA_PM.BDR_TAAK_IN_ZAAK_INPUT_FT.AANTAL_INPUT"
,BDR_ZWA_PM.BDR_TAAK_IN_ZAAK_INPUT_VW.DIM_TEAM_KEY_VERANTWOORDELIJK > BDR_ZWA_PM.BDR_TAAK_IN_ZAAK_INPUT_FT.DIM_TEAM_KEY_VERANTWOORDELIJK,,"""UWVM3VLAAPP0022\.A-DC\.BA\.UWV\.NL"".adim.BDR_ZWA_PM.BDR_TAAK_IN_ZAAK_INPUT_VW.DIM_TEAM_KEY_VERANTWOORDELIJK",,"""UWVM3VLAAPP0022\.A-DC\.BA\.UWV\.NL"".adim.BDR_ZWA_PM.BDR_TAAK_IN_ZAAK_INPUT_FT.DIM_TEAM_KEY_VERANTWOORDELIJK"
,BDR_ZWA_PM.BDR_TAAK_IN_ZAAK_INPUT_VW.DIM_TEAM_KEY_TAAK > BDR_ZWA_PM.BDR_TAAK_IN_ZAAK_INPUT_FT.DIM_TEAM_KEY_TAAK,,"""UWVM3VLAAPP0022\.A-DC\.BA\.UWV\.NL"".adim.BDR_ZWA_PM.BDR_TAAK_IN_ZAAK_INPUT_VW.DIM_TEAM_KEY_TAAK",,"""UWVM3VLAAPP0022\.A-DC\.BA\.UWV\.NL"".adim.BDR_ZWA_PM.BDR_TAAK_IN_ZAAK_INPUT_FT.DIM_TEAM_KEY_TAAK"
,BDR_ZWA_PM.BDR_TAAK_IN_ZAAK_OUTPUT_VW.DIM_TAAKINZAAK_KEY > BDR_ZWA_PM.BDR_TAAK_IN_ZAAK_OUTPUT_FT.DIM_TAAKINZAAK_KEY,,"""UWVM3VLAAPP0022\.A-DC\.BA\.UWV\.NL"".adim.BDR_ZWA_PM.BDR_TAAK_IN_ZAAK_OUTPUT_VW.DIM_TAAKINZAAK_KEY",,"""UWVM3VLAAPP0022\.A-DC\.BA\.UWV\.NL"".adim.BDR_ZWA_PM.BDR_TAAK_IN_ZAAK_OUTPUT_FT.DIM_TAAKINZAAK_KEY"
,BDR_ZWA_PM.BDR_TAAK_IN_ZAAK_OUTPUT_VW.DIM_DATUM_KEY > BDR_ZWA_PM.BDR_TAAK_IN_ZAAK_OUTPUT_FT.DIM_DATUM_KEY,,"""UWVM3VLAAPP0022\.A-DC\.BA\.UWV\.NL"".adim.BDR_ZWA_PM.BDR_TAAK_IN_ZAAK_OUTPUT_VW.DIM_DATUM_KEY",,"""UWVM3VLAAPP0022\.A-DC\.BA\.UWV\.NL"".adim.BDR_ZWA_PM.BDR_TAAK_IN_ZAAK_OUTPUT_FT.DIM_DATUM_KEY"
,BDR_ZWA_PM.BDR_TAAK_IN_ZAAK_OUTPUT_VW.AANTAL_OUTPUT > BDR_ZWA_PM.BDR_TAAK_IN_ZAAK_OUTPUT_FT.AANTAL_OUTPUT,,"""UWVM3VLAAPP0022\.A-DC\.BA\.UWV\.NL"".adim.BDR_ZWA_PM.BDR_TAAK_IN_ZAAK_OUTPUT_VW.AANTAL_OUTPUT",,"""UWVM3VLAAPP0022\.A-DC\.BA\.UWV\.NL"".adim.BDR_ZWA_PM.BDR_TAAK_IN_ZAAK_OUTPUT_FT.AANTAL_OUTPUT"
,BDR_ZWA_PM.BDR_TAAK_IN_ZAAK_OUTPUT_VW.DIM_ZAAK_KEY > BDR_ZWA_PM.BDR_TAAK_IN_ZAAK_OUTPUT_FT.DIM_ZAAK_KEY,,"""UWVM3VLAAPP0022\.A-DC\.BA\.UWV\.NL"".adim.BDR_ZWA_PM.BDR_TAAK_IN_ZAAK_OUTPUT_VW.DIM_ZAAK_KEY",,"""UWVM3VLAAPP0022\.A-DC\.BA\.UWV\.NL"".adim.BDR_ZWA_PM.BDR_TAAK_IN_ZAAK_OUTPUT_FT.DIM_ZAAK_KEY"
,BDR_ZWA_PM.BDR_TAAK_IN_ZAAK_OUTPUT_VW.DIM_TAAK_KEY > BDR_ZWA_PM.BDR_TAAK_IN_ZAAK_OUTPUT_FT.DIM_TAAK_KEY,,"""UWVM3VLAAPP0022\.A-DC\.BA\.UWV\.NL"".adim.BDR_ZWA_PM.BDR_TAAK_IN_ZAAK_OUTPUT_VW.DIM_TAAK_KEY",,"""UWVM3VLAAPP0022\.A-DC\.BA\.UWV\.NL"".adim.BDR_ZWA_PM.BDR_TAAK_IN_ZAAK_OUTPUT_FT.DIM_TAAK_KEY"
,BDR_ZWA_PM.BDR_TAAK_IN_ZAAK_OUTPUT_VW.DIM_SNAPSHOT_KEY > BDR_ZWA_PM.BDR_TAAK_IN_ZAAK_OUTPUT_FT.DIM_SNAPSHOT_KEY,,"""UWVM3VLAAPP0022\.A-DC\.BA\.UWV\.NL"".adim.BDR_ZWA_PM.BDR_TAAK_IN_ZAAK_OUTPUT_VW.DIM_SNAPSHOT_KEY",,"""UWVM3VLAAPP0022\.A-DC\.BA\.UWV\.NL"".adim.BDR_ZWA_PM.BDR_TAAK_IN_ZAAK_OUTPUT_FT.DIM_SNAPSHOT_KEY"
,BDR_ZWA_PM.BDR_TAAK_IN_ZAAK_OUTPUT_VW.DIM_TEAM_KEY_VERANTWOORDELIJK > BDR_ZWA_PM.BDR_TAAK_IN_ZAAK_OUTPUT_FT.DIM_TEAM_KEY_VERANTWOORDELIJK,,"""UWVM3VLAAPP0022\.A-DC\.BA\.UWV\.NL"".adim.BDR_ZWA_PM.BDR_TAAK_IN_ZAAK_OUTPUT_VW.DIM_TEAM_KEY_VERANTWOORDELIJK",,"""UWVM3VLAAPP0022\.A-DC\.BA\.UWV\.NL"".adim.BDR_ZWA_PM.BDR_TAAK_IN_ZAAK_OUTPUT_FT.DIM_TEAM_KEY_VERANTWOORDELIJK"
,BDR_ZWA_PM.BDR_TAAK_IN_ZAAK_OUTPUT_VW.DIM_TEAM_KEY_TAAK > BDR_ZWA_PM.BDR_TAAK_IN_ZAAK_OUTPUT_FT.DIM_TEAM_KEY_TAAK,,"""UWVM3VLAAPP0022\.A-DC\.BA\.UWV\.NL"".adim.BDR_ZWA_PM.BDR_TAAK_IN_ZAAK_OUTPUT_VW.DIM_TEAM_KEY_TAAK",,"""UWVM3VLAAPP0022\.A-DC\.BA\.UWV\.NL"".adim.BDR_ZWA_PM.BDR_TAAK_IN_ZAAK_OUTPUT_FT.DIM_TEAM_KEY_TAAK"
,BDR_ZWA_PM.BDR_TAAK_DV.DIM_TAAK_KEY > BDR_ZWA_PM.BDR_TAAK_DT.DIM_TAAK_KEY,,"""UWVM3VLAAPP0022\.A-DC\.BA\.UWV\.NL"".adim.BDR_ZWA_PM.BDR_TAAK_DV.DIM_TAAK_KEY",,"""UWVM3VLAAPP0022\.A-DC\.BA\.UWV\.NL"".adim.BDR_ZWA_PM.BDR_TAAK_DT.DIM_TAAK_KEY"
,BDR_ZWA_PM.BDR_TAAK_DV.TAAK_HASHKEY > BDR_ZWA_PM.BDR_TAAK_DT.TAAK_HASHKEY,,"""UWVM3VLAAPP0022\.A-DC\.BA\.UWV\.NL"".adim.BDR_ZWA_PM.BDR_TAAK_DV.TAAK_HASHKEY",,"""UWVM3VLAAPP0022\.A-DC\.BA\.UWV\.NL"".adim.BDR_ZWA_PM.BDR_TAAK_DT.TAAK_HASHKEY"
,BDR_ZWA_PM.BDR_TAAK_DV.TAAKCODE > BDR_ZWA_PM.BDR_TAAK_DT.TAAKCODE,,"""UWVM3VLAAPP0022\.A-DC\.BA\.UWV\.NL"".adim.BDR_ZWA_PM.BDR_TAAK_DV.TAAKCODE",,"""UWVM3VLAAPP0022\.A-DC\.BA\.UWV\.NL"".adim.BDR_ZWA_PM.BDR_TAAK_DT.TAAKCODE"
,BDR_ZWA_PM.BDR_TAAK_DV.TAAK > BDR_ZWA_PM.BDR_TAAK_DT.TAAK,,"""UWVM3VLAAPP0022\.A-DC\.BA\.UWV\.NL"".adim.BDR_ZWA_PM.BDR_TAAK_DV.TAAK",,"""UWVM3VLAAPP0022\.A-DC\.BA\.UWV\.NL"".adim.BDR_ZWA_PM.BDR_TAAK_DT.TAAK"
,BDR_ZWA_PM.BDR_OUDERDOMSCAT_VOORRAAD_DV.DIM_OUDERDOMSCATEGORIE_KEY > BDR_ZWA_PM.BDR_OUDERDOMSCAT_VOORRAAD_DT.DIM_OUDERDOMSCATEGORIE_KEY,,"""UWVM3VLAAPP0022\.A-DC\.BA\.UWV\.NL"".adim.BDR_ZWA_PM.BDR_OUDERDOMSCAT_VOORRAAD_DV.DIM_OUDERDOMSCATEGORIE_KEY",,"""UWVM3VLAAPP0022\.A-DC\.BA\.UWV\.NL"".adim.BDR_ZWA_PM.BDR_OUDERDOMSCAT_VOORRAAD_DT.DIM_OUDERDOMSCATEGORIE_KEY"
,BDR_ZWA_PM.BDR_OUDERDOMSCAT_VOORRAAD_DV.OUDERDOMSCATEGORIE > BDR_ZWA_PM.BDR_OUDERDOMSCAT_VOORRAAD_DT.OUDERDOMSCATEGORIE,,"""UWVM3VLAAPP0022\.A-DC\.BA\.UWV\.NL"".adim.BDR_ZWA_PM.BDR_OUDERDOMSCAT_VOORRAAD_DV.OUDERDOMSCATEGORIE",,"""UWVM3VLAAPP0022\.A-DC\.BA\.UWV\.NL"".adim.BDR_ZWA_PM.BDR_OUDERDOMSCAT_VOORRAAD_DT.OUDERDOMSCATEGORIE"
,BDR_ZWA_PM.BDR_OUDERDOMSCAT_VOORRAAD_DV.OUDERDOM_VANAF > BDR_ZWA_PM.BDR_OUDERDOMSCAT_VOORRAAD_DT.OUDERDOM_VANAF,,"""UWVM3VLAAPP0022\.A-DC\.BA\.UWV\.NL"".adim.BDR_ZWA_PM.BDR_OUDERDOMSCAT_VOORRAAD_DV.OUDERDOM_VANAF",,"""UWVM3VLAAPP0022\.A-DC\.BA\.UWV\.NL"".adim.BDR_ZWA_PM.BDR_OUDERDOMSCAT_VOORRAAD_DT.OUDERDOM_VANAF"
,BDR_ZWA_PM.BDR_OUDERDOMSCAT_VOORRAAD_DV.OUDERDOM_TM > BDR_ZWA_PM.BDR_OUDERDOMSCAT_VOORRAAD_DT.OUDERDOM_TM,,"""UWVM3VLAAPP0022\.A-DC\.BA\.UWV\.NL"".adim.BDR_ZWA_PM.BDR_OUDERDOMSCAT_VOORRAAD_DV.OUDERDOM_TM",,"""UWVM3VLAAPP0022\.A-DC\.BA\.UWV\.NL"".adim.BDR_ZWA_PM.BDR_OUDERDOMSCAT_VOORRAAD_DT.OUDERDOM_TM"
,BDR_ZWA_PM.BDR_TAAKINZAAK_VOORRAAD_PSTG.DIM_DATUM_KEY > BDR_ZWA_PM.BDR_TAAKINZAAK_VOORRAAD_STG.DIM_DATUM_KEY,,"""UWVM3VLAAPP0022\.A-DC\.BA\.UWV\.NL"".adim.BDR_ZWA_PM.BDR_TAAKINZAAK_VOORRAAD_PSTG.DIM_DATUM_KEY",,"""UWVM3VLAAPP0022\.A-DC\.BA\.UWV\.NL"".adim.BDR_ZWA_PM.BDR_TAAKINZAAK_VOORRAAD_STG.DIM_DATUM_KEY"
,BDR_ZWA_PM.BDR_TAAKINZAAK_VOORRAAD_PSTG.DIM_SNAPSHOT_KEY > BDR_ZWA_PM.BDR_TAAKINZAAK_VOORRAAD_STG.DIM_SNAPSHOT_KEY,,"""UWVM3VLAAPP0022\.A-DC\.BA\.UWV\.NL"".adim.BDR_ZWA_PM.BDR_TAAKINZAAK_VOORRAAD_PSTG.DIM_SNAPSHOT_KEY",,"""UWVM3VLAAPP0022\.A-DC\.BA\.UWV\.NL"".adim.BDR_ZWA_PM.BDR_TAAKINZAAK_VOORRAAD_STG.DIM_SNAPSHOT_KEY"
,BDR_ZWA_PM.BDR_TAAKINZAAK_VOORRAAD_PSTG.DIM_ZAAK_H_HK > BDR_ZWA_PM.BDR_TAAKINZAAK_VOORRAAD_STG.DIM_ZAAK_H_HK,hubkey,"""UWVM3VLAAPP0022\.A-DC\.BA\.UWV\.NL"".adim.BDR_ZWA_PM.BDR_TAAKINZAAK_VOORRAAD_PSTG.DIM_ZAAK_H_HK",,"""UWVM3VLAAPP0022\.A-DC\.BA\.UWV\.NL"".adim.BDR_ZWA_PM.BDR_TAAKINZAAK_VOORRAAD_STG.DIM_ZAAK_H_HK"
,BDR_ZWA_PM.BDR_TAAKINZAAK_VOORRAAD_PSTG.DIM_TAAKINZAAK_L_HK > BDR_ZWA_PM.BDR_TAAKINZAAK_VOORRAAD_STG.DIM_TAAKINZAAK_L_HK,linkkey,"""UWVM3VLAAPP0022\.A-DC\.BA\.UWV\.NL"".adim.BDR_ZWA_PM.BDR_TAAKINZAAK_VOORRAAD_PSTG.DIM_TAAKINZAAK_L_HK",,"""UWVM3VLAAPP0022\.A-DC\.BA\.UWV\.NL"".adim.BDR_ZWA_PM.BDR_TAAKINZAAK_VOORRAAD_STG.DIM_TAAKINZAAK_L_HK"
,BDR_ZWA_PM.BDR_TAAKINZAAK_VOORRAAD_PSTG.DIM_TAAK_H_HK > BDR_ZWA_PM.BDR_TAAKINZAAK_VOORRAAD_STG.DIM_TAAK_H_HK,hubkey,"""UWVM3VLAAPP0022\.A-DC\.BA\.UWV\.NL"".adim.BDR_ZWA_PM.BDR_TAAKINZAAK_VOORRAAD_PSTG.DIM_TAAK_H_HK",,"""UWVM3VLAAPP0022\.A-DC\.BA\.UWV\.NL"".adim.BDR_ZWA_PM.BDR_TAAKINZAAK_VOORRAAD_STG.DIM_TAAK_H_HK"
,BDR_ZWA_PM.BDR_TAAKINZAAK_VOORRAAD_PSTG.AANTAL_VOORRAAD > BDR_ZWA_PM.BDR_TAAKINZAAK_VOORRAAD_STG.AANTAL_VOORRAAD,,"""UWVM3VLAAPP0022\.A-DC\.BA\.UWV\.NL"".adim.BDR_ZWA_PM.BDR_TAAKINZAAK_VOORRAAD_PSTG.AANTAL_VOORRAAD",,"""UWVM3VLAAPP0022\.A-DC\.BA\.UWV\.NL"".adim.BDR_ZWA_PM.BDR_TAAKINZAAK_VOORRAAD_STG.AANTAL_VOORRAAD"
,BDR_ZWA_PM.BDR_TAAKINZAAK_VOORRAAD_PSTG.OUDERDOM > BDR_ZWA_PM.BDR_TAAKINZAAK_VOORRAAD_STG.OUDERDOM,,"""UWVM3VLAAPP0022\.A-DC\.BA\.UWV\.NL"".adim.BDR_ZWA_PM.BDR_TAAKINZAAK_VOORRAAD_PSTG.OUDERDOM",,"""UWVM3VLAAPP0022\.A-DC\.BA\.UWV\.NL"".adim.BDR_ZWA_PM.BDR_TAAKINZAAK_VOORRAAD_STG.OUDERDOM"
,BDR_ZWA_PM.BDR_TAAKINZAAK_VOORRAAD_PSTG.DIM_TEAM_H_HK_VERANTWOORDELIJK > BDR_ZWA_PM.BDR_TAAKINZAAK_VOORRAAD_STG.DIM_TEAM_H_HK_VERANTWOORDELIJK,hubkey,"""UWVM3VLAAPP0022\.A-DC\.BA\.UWV\.NL"".adim.BDR_ZWA_PM.BDR_TAAKINZAAK_VOORRAAD_PSTG.DIM_TEAM_H_HK_VERANTWOORDELIJK",,"""UWVM3VLAAPP0022\.A-DC\.BA\.UWV\.NL"".adim.BDR_ZWA_PM.BDR_TAAKINZAAK_VOORRAAD_STG.DIM_TEAM_H_HK_VERANTWOORDELIJK"
,BDR_ZWA_PM.BDR_TAAKINZAAK_VOORRAAD_PSTG.DIM_TEAM_H_HK_TAAK > BDR_ZWA_PM.BDR_TAAKINZAAK_VOORRAAD_STG.DIM_TEAM_H_HK_TAAK,hubkey,"""UWVM3VLAAPP0022\.A-DC\.BA\.UWV\.NL"".adim.BDR_ZWA_PM.BDR_TAAKINZAAK_VOORRAAD_PSTG.DIM_TEAM_H_HK_TAAK",,"""UWVM3VLAAPP0022\.A-DC\.BA\.UWV\.NL"".adim.BDR_ZWA_PM.BDR_TAAKINZAAK_VOORRAAD_STG.DIM_TEAM_H_HK_TAAK"
,BDR_ZWA_PM.BDR_TAAKINZAAK_VOORRAAD_LKP_VW.DIM_TAAKINZAAK_KEY > BDR_ZWA_PM.BDR_TAAK_IN_ZAAK_VOORRAAD_FT.DIM_TAAKINZAAK_KEY,,"""UWVM3VLAAPP0022\.A-DC\.BA\.UWV\.NL"".adim.BDR_ZWA_PM.BDR_TAAKINZAAK_VOORRAAD_LKP_VW.DIM_TAAKINZAAK_KEY",,"""UWVM3VLAAPP0022\.A-DC\.BA\.UWV\.NL"".adim.BDR_ZWA_PM.BDR_TAAK_IN_ZAAK_VOORRAAD_FT.DIM_TAAKINZAAK_KEY"
,BDR_ZWA_PM.BDR_TAAKINZAAK_VOORRAAD_LKP_VW.DIM_DATUM_KEY > BDR_ZWA_PM.BDR_TAAK_IN_ZAAK_VOORRAAD_FT.DIM_DATUM_KEY,,"""UWVM3VLAAPP0022\.A-DC\.BA\.UWV\.NL"".adim.BDR_ZWA_PM.BDR_TAAKINZAAK_VOORRAAD_LKP_VW.DIM_DATUM_KEY",,"""UWVM3VLAAPP0022\.A-DC\.BA\.UWV\.NL"".adim.BDR_ZWA_PM.BDR_TAAK_IN_ZAAK_VOORRAAD_FT.DIM_DATUM_KEY"
,BDR_ZWA_PM.BDR_TAAKINZAAK_VOORRAAD_LKP_VW.AANTAL_VOORRAAD > BDR_ZWA_PM.BDR_TAAK_IN_ZAAK_VOORRAAD_FT.AANTAL_VOORRAAD,,"""UWVM3VLAAPP0022\.A-DC\.BA\.UWV\.NL"".adim.BDR_ZWA_PM.BDR_TAAKINZAAK_VOORRAAD_LKP_VW.AANTAL_VOORRAAD",,"""UWVM3VLAAPP0022\.A-DC\.BA\.UWV\.NL"".adim.BDR_ZWA_PM.BDR_TAAK_IN_ZAAK_VOORRAAD_FT.AANTAL_VOORRAAD"
,BDR_ZWA_PM.BDR_TAAKINZAAK_VOORRAAD_LKP_VW.DIM_ZAAK_KEY > BDR_ZWA_PM.BDR_TAAK_IN_ZAAK_VOORRAAD_FT.DIM_ZAAK_KEY,,"""UWVM3VLAAPP0022\.A-DC\.BA\.UWV\.NL"".adim.BDR_ZWA_PM.BDR_TAAKINZAAK_VOORRAAD_LKP_VW.DIM_ZAAK_KEY",,"""UWVM3VLAAPP0022\.A-DC\.BA\.UWV\.NL"".adim.BDR_ZWA_PM.BDR_TAAK_IN_ZAAK_VOORRAAD_FT.DIM_ZAAK_KEY"
,BDR_ZWA_PM.BDR_TAAKINZAAK_VOORRAAD_LKP_VW.DIM_TAAK_KEY > BDR_ZWA_PM.BDR_TAAK_IN_ZAAK_VOORRAAD_FT.DIM_TAAK_KEY,,"""UWVM3VLAAPP0022\.A-DC\.BA\.UWV\.NL"".adim.BDR_ZWA_PM.BDR_TAAKINZAAK_VOORRAAD_LKP_VW.DIM_TAAK_KEY",,"""UWVM3VLAAPP0022\.A-DC\.BA\.UWV\.NL"".adim.BDR_ZWA_PM.BDR_TAAK_IN_ZAAK_VOORRAAD_FT.DIM_TAAK_KEY"
,BDR_ZWA_PM.BDR_TAAKINZAAK_VOORRAAD_LKP_VW.DIM_SNAPSHOT_KEY > BDR_ZWA_PM.BDR_TAAK_IN_ZAAK_VOORRAAD_FT.DIM_SNAPSHOT_KEY,,"""UWVM3VLAAPP0022\.A-DC\.BA\.UWV\.NL"".adim.BDR_ZWA_PM.BDR_TAAKINZAAK_VOORRAAD_LKP_VW.DIM_SNAPSHOT_KEY",,"""UWVM3VLAAPP0022\.A-DC\.BA\.UWV\.NL"".adim.BDR_ZWA_PM.BDR_TAAK_IN_ZAAK_VOORRAAD_FT.DIM_SNAPSHOT_KEY"
,BDR_ZWA_PM.BDR_TAAKINZAAK_VOORRAAD_LKP_VW.DIM_OUDERDOMSCATEGORIE_KEY > BDR_ZWA_PM.BDR_TAAK_IN_ZAAK_VOORRAAD_FT.DIM_OUDERDOMSCATEGORIE_KEY,,"""UWVM3VLAAPP0022\.A-DC\.BA\.UWV\.NL"".adim.BDR_ZWA_PM.BDR_TAAKINZAAK_VOORRAAD_LKP_VW.DIM_OUDERDOMSCATEGORIE_KEY",,"""UWVM3VLAAPP0022\.A-DC\.BA\.UWV\.NL"".adim.BDR_ZWA_PM.BDR_TAAK_IN_ZAAK_VOORRAAD_FT.DIM_OUDERDOMSCATEGORIE_KEY"
,BDR_ZWA_PM.BDR_TAAKINZAAK_VOORRAAD_LKP_VW.OUDERDOM > BDR_ZWA_PM.BDR_TAAK_IN_ZAAK_VOORRAAD_FT.OUDERDOM,,"""UWVM3VLAAPP0022\.A-DC\.BA\.UWV\.NL"".adim.BDR_ZWA_PM.BDR_TAAKINZAAK_VOORRAAD_LKP_VW.OUDERDOM",,"""UWVM3VLAAPP0022\.A-DC\.BA\.UWV\.NL"".adim.BDR_ZWA_PM.BDR_TAAK_IN_ZAAK_VOORRAAD_FT.OUDERDOM"
,BDR_ZWA_PM.BDR_TAAKINZAAK_VOORRAAD_LKP_VW.DIM_TEAM_KEY_VERANTWOORDELIJK > BDR_ZWA_PM.BDR_TAAK_IN_ZAAK_VOORRAAD_FT.DIM_TEAM_KEY_VERANTWOORDELIJK,,"""UWVM3VLAAPP0022\.A-DC\.BA\.UWV\.NL"".adim.BDR_ZWA_PM.BDR_TAAKINZAAK_VOORRAAD_LKP_VW.DIM_TEAM_KEY_VERANTWOORDELIJK",,"""UWVM3VLAAPP0022\.A-DC\.BA\.UWV\.NL"".adim.BDR_ZWA_PM.BDR_TAAK_IN_ZAAK_VOORRAAD_FT.DIM_TEAM_KEY_VERANTWOORDELIJK"
,BDR_ZWA_PM.BDR_TAAKINZAAK_VOORRAAD_LKP_VW.DIM_TEAM_KEY_TAAK > BDR_ZWA_PM.BDR_TAAK_IN_ZAAK_VOORRAAD_FT.DIM_TEAM_KEY_TAAK,,"""UWVM3VLAAPP0022\.A-DC\.BA\.UWV\.NL"".adim.BDR_ZWA_PM.BDR_TAAKINZAAK_VOORRAAD_LKP_VW.DIM_TEAM_KEY_TAAK",,"""UWVM3VLAAPP0022\.A-DC\.BA\.UWV\.NL"".adim.BDR_ZWA_PM.BDR_TAAK_IN_ZAAK_VOORRAAD_FT.DIM_TEAM_KEY_TAAK"
,BDR_ZWA_PM.BDR_ZAAK_VOORRAAD_PSTG.DIM_DATUM_KEY > BDR_ZWA_PM.BDR_ZAAK_VOORRAAD_STG.DIM_DATUM_KEY,,"""UWVM3VLAAPP0022\.A-DC\.BA\.UWV\.NL"".adim.BDR_ZWA_PM.BDR_ZAAK_VOORRAAD_PSTG.DIM_DATUM_KEY",,"""UWVM3VLAAPP0022\.A-DC\.BA\.UWV\.NL"".adim.BDR_ZWA_PM.BDR_ZAAK_VOORRAAD_STG.DIM_DATUM_KEY"
,BDR_ZWA_PM.BDR_ZAAK_VOORRAAD_PSTG.DIM_SNAPSHOT_KEY > BDR_ZWA_PM.BDR_ZAAK_VOORRAAD_STG.DIM_SNAPSHOT_KEY,,"""UWVM3VLAAPP0022\.A-DC\.BA\.UWV\.NL"".adim.BDR_ZWA_PM.BDR_ZAAK_VOORRAAD_PSTG.DIM_SNAPSHOT_KEY",,"""UWVM3VLAAPP0022\.A-DC\.BA\.UWV\.NL"".adim.BDR_ZWA_PM.BDR_ZAAK_VOORRAAD_STG.DIM_SNAPSHOT_KEY"
,BDR_ZWA_PM.BDR_ZAAK_VOORRAAD_PSTG.DIM_ZAAK_H_HK > BDR_ZWA_PM.BDR_ZAAK_VOORRAAD_STG.DIM_ZAAK_H_HK,hubkey,"""UWVM3VLAAPP0022\.A-DC\.BA\.UWV\.NL"".adim.BDR_ZWA_PM.BDR_ZAAK_VOORRAAD_PSTG.DIM_ZAAK_H_HK",,"""UWVM3VLAAPP0022\.A-DC\.BA\.UWV\.NL"".adim.BDR_ZWA_PM.BDR_ZAAK_VOORRAAD_STG.DIM_ZAAK_H_HK"
,BDR_ZWA_PM.BDR_ZAAK_VOORRAAD_PSTG.AANTAL_VOORRAAD > BDR_ZWA_PM.BDR_ZAAK_VOORRAAD_STG.AANTAL_VOORRAAD,,"""UWVM3VLAAPP0022\.A-DC\.BA\.UWV\.NL"".adim.BDR_ZWA_PM.BDR_ZAAK_VOORRAAD_PSTG.AANTAL_VOORRAAD",,"""UWVM3VLAAPP0022\.A-DC\.BA\.UWV\.NL"".adim.BDR_ZWA_PM.BDR_ZAAK_VOORRAAD_STG.AANTAL_VOORRAAD"
,BDR_ZWA_PM.BDR_ZAAK_VOORRAAD_PSTG.OUDERDOM > BDR_ZWA_PM.BDR_ZAAK_VOORRAAD_STG.OUDERDOM,,"""UWVM3VLAAPP0022\.A-DC\.BA\.UWV\.NL"".adim.BDR_ZWA_PM.BDR_ZAAK_VOORRAAD_PSTG.OUDERDOM",,"""UWVM3VLAAPP0022\.A-DC\.BA\.UWV\.NL"".adim.BDR_ZWA_PM.BDR_ZAAK_VOORRAAD_STG.OUDERDOM"
,BDR_ZWA_PM.BDR_ZAAK_VOORRAAD_PSTG.VERZUIMDUUR_TOT_RAPPORTAGEMOMENT > BDR_ZWA_PM.BDR_ZAAK_VOORRAAD_STG.VERZUIMDUUR_TOT_RAPPORTAGEMOMENT,,"""UWVM3VLAAPP0022\.A-DC\.BA\.UWV\.NL"".adim.BDR_ZWA_PM.BDR_ZAAK_VOORRAAD_PSTG.VERZUIMDUUR_TOT_RAPPORTAGEMOMENT",,"""UWVM3VLAAPP0022\.A-DC\.BA\.UWV\.NL"".adim.BDR_ZWA_PM.BDR_ZAAK_VOORRAAD_STG.VERZUIMDUUR_TOT_RAPPORTAGEMOMENT"
,BDR_ZWA_PM.BDR_ZAAK_VOORRAAD_PSTG.DIM_TEAM_H_HK_VERANTWOORDELIJK > BDR_ZWA_PM.BDR_ZAAK_VOORRAAD_STG.DIM_TEAM_H_HK_VERANTWOORDELIJK,hubkey,"""UWVM3VLAAPP0022\.A-DC\.BA\.UWV\.NL"".adim.BDR_ZWA_PM.BDR_ZAAK_VOORRAAD_PSTG.DIM_TEAM_H_HK_VERANTWOORDELIJK",,"""UWVM3VLAAPP0022\.A-DC\.BA\.UWV\.NL"".adim.BDR_ZWA_PM.BDR_ZAAK_VOORRAAD_STG.DIM_TEAM_H_HK_VERANTWOORDELIJK"
,BDR_ZWA_PM.BDR_ZAAK_VOORRAAD_LKP_VW.DIM_DATUM_KEY > BDR_ZWA_PM.BDR_ZAAK_VOORRAAD_FT.DIM_DATUM_KEY,,"""UWVM3VLAAPP0022\.A-DC\.BA\.UWV\.NL"".adim.BDR_ZWA_PM.BDR_ZAAK_VOORRAAD_LKP_VW.DIM_DATUM_KEY",,"""UWVM3VLAAPP0022\.A-DC\.BA\.UWV\.NL"".adim.BDR_ZWA_PM.BDR_ZAAK_VOORRAAD_FT.DIM_DATUM_KEY"
,BDR_ZWA_PM.BDR_ZAAK_VOORRAAD_LKP_VW.DIM_SNAPSHOT_KEY > BDR_ZWA_PM.BDR_ZAAK_VOORRAAD_FT.DIM_SNAPSHOT_KEY,,"""UWVM3VLAAPP0022\.A-DC\.BA\.UWV\.NL"".adim.BDR_ZWA_PM.BDR_ZAAK_VOORRAAD_LKP_VW.DIM_SNAPSHOT_KEY",,"""UWVM3VLAAPP0022\.A-DC\.BA\.UWV\.NL"".adim.BDR_ZWA_PM.BDR_ZAAK_VOORRAAD_FT.DIM_SNAPSHOT_KEY"
,BDR_ZWA_PM.BDR_ZAAK_VOORRAAD_LKP_VW.DIM_ZAAK_KEY > BDR_ZWA_PM.BDR_ZAAK_VOORRAAD_FT.DIM_ZAAK_KEY,,"""UWVM3VLAAPP0022\.A-DC\.BA\.UWV\.NL"".adim.BDR_ZWA_PM.BDR_ZAAK_VOORRAAD_LKP_VW.DIM_ZAAK_KEY",,"""UWVM3VLAAPP0022\.A-DC\.BA\.UWV\.NL"".adim.BDR_ZWA_PM.BDR_ZAAK_VOORRAAD_FT.DIM_ZAAK_KEY"
,BDR_ZWA_PM.BDR_ZAAK_VOORRAAD_LKP_VW.DIM_TEAM_KEY_VERANTWOORDELIJK > BDR_ZWA_PM.BDR_ZAAK_VOORRAAD_FT.DIM_TEAM_KEY_VERANTWOORDELIJK,,"""UWVM3VLAAPP0022\.A-DC\.BA\.UWV\.NL"".adim.BDR_ZWA_PM.BDR_ZAAK_VOORRAAD_LKP_VW.DIM_TEAM_KEY_VERANTWOORDELIJK",,"""UWVM3VLAAPP0022\.A-DC\.BA\.UWV\.NL"".adim.BDR_ZWA_PM.BDR_ZAAK_VOORRAAD_FT.DIM_TEAM_KEY_VERANTWOORDELIJK"
,BDR_ZWA_PM.BDR_ZAAK_VOORRAAD_LKP_VW.DIM_OUDERDOMSCATEGORIE_KEY > BDR_ZWA_PM.BDR_ZAAK_VOORRAAD_FT.DIM_OUDERDOMSCATEGORIE_KEY,,"""UWVM3VLAAPP0022\.A-DC\.BA\.UWV\.NL"".adim.BDR_ZWA_PM.BDR_ZAAK_VOORRAAD_LKP_VW.DIM_OUDERDOMSCATEGORIE_KEY",,"""UWVM3VLAAPP0022\.A-DC\.BA\.UWV\.NL"".adim.BDR_ZWA_PM.BDR_ZAAK_VOORRAAD_FT.DIM_OUDERDOMSCATEGORIE_KEY"
,BDR_ZWA_PM.BDR_ZAAK_VOORRAAD_LKP_VW.AANTAL_VOORRAAD > BDR_ZWA_PM.BDR_ZAAK_VOORRAAD_FT.AANTAL_VOORRAAD,,"""UWVM3VLAAPP0022\.A-DC\.BA\.UWV\.NL"".adim.BDR_ZWA_PM.BDR_ZAAK_VOORRAAD_LKP_VW.AANTAL_VOORRAAD",,"""UWVM3VLAAPP0022\.A-DC\.BA\.UWV\.NL"".adim.BDR_ZWA_PM.BDR_ZAAK_VOORRAAD_FT.AANTAL_VOORRAAD"
,BDR_ZWA_PM.BDR_ZAAK_VOORRAAD_LKP_VW.OUDERDOM > BDR_ZWA_PM.BDR_ZAAK_VOORRAAD_FT.OUDERDOM,,"""UWVM3VLAAPP0022\.A-DC\.BA\.UWV\.NL"".adim.BDR_ZWA_PM.BDR_ZAAK_VOORRAAD_LKP_VW.OUDERDOM",,"""UWVM3VLAAPP0022\.A-DC\.BA\.UWV\.NL"".adim.BDR_ZWA_PM.BDR_ZAAK_VOORRAAD_FT.OUDERDOM"
,BDR_ZWA_PM.BDR_ZAAK_VOORRAAD_LKP_VW.VERZUIMDUUR_TOT_RAPPORTAGEMOMENT > BDR_ZWA_PM.BDR_ZAAK_VOORRAAD_FT.VERZUIMDUUR_TOT_RAPPORTAGEMOMENT,,"""UWVM3VLAAPP0022\.A-DC\.BA\.UWV\.NL"".adim.BDR_ZWA_PM.BDR_ZAAK_VOORRAAD_LKP_VW.VERZUIMDUUR_TOT_RAPPORTAGEMOMENT",,"""UWVM3VLAAPP0022\.A-DC\.BA\.UWV\.NL"".adim.BDR_ZWA_PM.BDR_ZAAK_VOORRAAD_FT.VERZUIMDUUR_TOT_RAPPORTAGEMOMENT"
,BDR_ZWA_PM.BDR_NATUURLIJKEPERSOON_DV.DIM_NATUURLIJKEPERSOON_KEY > BDR_ZWA_PM.BDR_NATUURLIJKEPERSOON_DT.DIM_NATUURLIJKEPERSOON_KEY,,"""UWVM3VLAAPP0022\.A-DC\.BA\.UWV\.NL"".adim.BDR_ZWA_PM.BDR_NATUURLIJKEPERSOON_DV.DIM_NATUURLIJKEPERSOON_KEY",,"""UWVM3VLAAPP0022\.A-DC\.BA\.UWV\.NL"".adim.BDR_ZWA_PM.BDR_NATUURLIJKEPERSOON_DT.DIM_NATUURLIJKEPERSOON_KEY"
,BDR_ZWA_PM.BDR_NATUURLIJKEPERSOON_DV.NATUURLIJKEPERSOON_HASHKEY > BDR_ZWA_PM.BDR_NATUURLIJKEPERSOON_DT.NATUURLIJKEPERSOON_HASHKEY,,"""UWVM3VLAAPP0022\.A-DC\.BA\.UWV\.NL"".adim.BDR_ZWA_PM.BDR_NATUURLIJKEPERSOON_DV.NATUURLIJKEPERSOON_HASHKEY",,"""UWVM3VLAAPP0022\.A-DC\.BA\.UWV\.NL"".adim.BDR_ZWA_PM.BDR_NATUURLIJKEPERSOON_DT.NATUURLIJKEPERSOON_HASHKEY"
,BDR_ZWA_PM.BDR_NATUURLIJKEPERSOON_DV.BSN > BDR_ZWA_PM.BDR_NATUURLIJKEPERSOON_DT.BSN,,"""UWVM3VLAAPP0022\.A-DC\.BA\.UWV\.NL"".adim.BDR_ZWA_PM.BDR_NATUURLIJKEPERSOON_DV.BSN",,"""UWVM3VLAAPP0022\.A-DC\.BA\.UWV\.NL"".adim.BDR_ZWA_PM.BDR_NATUURLIJKEPERSOON_DT.BSN"
,BDR_ZWA_PM.BDR_NATUURLIJKEPERSOON_DV.STATUS_PERSOON > BDR_ZWA_PM.BDR_NATUURLIJKEPERSOON_DT.STATUS_PERSOON,,"""UWVM3VLAAPP0022\.A-DC\.BA\.UWV\.NL"".adim.BDR_ZWA_PM.BDR_NATUURLIJKEPERSOON_DV.STATUS_PERSOON",,"""UWVM3VLAAPP0022\.A-DC\.BA\.UWV\.NL"".adim.BDR_ZWA_PM.BDR_NATUURLIJKEPERSOON_DT.STATUS_PERSOON"
,BDR_ZWA_PM.BDR_NATUURLIJKEPERSOON_DV.GEBOORTEDATUM > BDR_ZWA_PM.BDR_NATUURLIJKEPERSOON_DT.GEBOORTEDATUM,,"""UWVM3VLAAPP0022\.A-DC\.BA\.UWV\.NL"".adim.BDR_ZWA_PM.BDR_NATUURLIJKEPERSOON_DV.GEBOORTEDATUM",,"""UWVM3VLAAPP0022\.A-DC\.BA\.UWV\.NL"".adim.BDR_ZWA_PM.BDR_NATUURLIJKEPERSOON_DT.GEBOORTEDATUM"
,BDR_ZWA_PM.BDR_NATUURLIJKEPERSOON_DV.DOMICILIE_POSTCODE_GEBIED > BDR_ZWA_PM.BDR_NATUURLIJKEPERSOON_DT.DOMICILIE_POSTCODE_GEBIED,,"""UWVM3VLAAPP0022\.A-DC\.BA\.UWV\.NL"".adim.BDR_ZWA_PM.BDR_NATUURLIJKEPERSOON_DV.DOMICILIE_POSTCODE_GEBIED",,"""UWVM3VLAAPP0022\.A-DC\.BA\.UWV\.NL"".adim.BDR_ZWA_PM.BDR_NATUURLIJKEPERSOON_DT.DOMICILIE_POSTCODE_GEBIED"
,BDR_ZWA_PM.BDR_NATUURLIJKEPERSOON_DV.DOMICILIE_POSTCODE > BDR_ZWA_PM.BDR_NATUURLIJKEPERSOON_DT.DOMICILIE_POSTCODE,,"""UWVM3VLAAPP0022\.A-DC\.BA\.UWV\.NL"".adim.BDR_ZWA_PM.BDR_NATUURLIJKEPERSOON_DV.DOMICILIE_POSTCODE",,"""UWVM3VLAAPP0022\.A-DC\.BA\.UWV\.NL"".adim.BDR_ZWA_PM.BDR_NATUURLIJKEPERSOON_DT.DOMICILIE_POSTCODE"
,BDR_ZWA_PM.BDR_NATUURLIJKEPERSOON_DV.VERPLEEG_ADRES_LAND_NR > BDR_ZWA_PM.BDR_NATUURLIJKEPERSOON_DT.VERPLEEG_ADRES_LAND_NR,,"""UWVM3VLAAPP0022\.A-DC\.BA\.UWV\.NL"".adim.BDR_ZWA_PM.BDR_NATUURLIJKEPERSOON_DV.VERPLEEG_ADRES_LAND_NR",,"""UWVM3VLAAPP0022\.A-DC\.BA\.UWV\.NL"".adim.BDR_ZWA_PM.BDR_NATUURLIJKEPERSOON_DT.VERPLEEG_ADRES_LAND_NR"
,BDR_ZWA_PM.BDR_NATUURLIJKEPERSOON_DV.VERPLEEG_ADRES_POSTCODE > BDR_ZWA_PM.BDR_NATUURLIJKEPERSOON_DT.VERPLEEG_ADRES_POSTCODE,,"""UWVM3VLAAPP0022\.A-DC\.BA\.UWV\.NL"".adim.BDR_ZWA_PM.BDR_NATUURLIJKEPERSOON_DV.VERPLEEG_ADRES_POSTCODE",,"""UWVM3VLAAPP0022\.A-DC\.BA\.UWV\.NL"".adim.BDR_ZWA_PM.BDR_NATUURLIJKEPERSOON_DT.VERPLEEG_ADRES_POSTCODE"
,BDR_ZWA_PM.BDR_NATUURLIJKEPERSOON_DV.VERPLEEG_ADRES_POSTCODE_GEBIED > BDR_ZWA_PM.BDR_NATUURLIJKEPERSOON_DT.VERPLEEG_ADRES_POSTCODE_GEBIED,,"""UWVM3VLAAPP0022\.A-DC\.BA\.UWV\.NL"".adim.BDR_ZWA_PM.BDR_NATUURLIJKEPERSOON_DV.VERPLEEG_ADRES_POSTCODE_GEBIED",,"""UWVM3VLAAPP0022\.A-DC\.BA\.UWV\.NL"".adim.BDR_ZWA_PM.BDR_NATUURLIJKEPERSOON_DT.VERPLEEG_ADRES_POSTCODE_GEBIED"
,BDR_ZWA_PM.BDR_NATUURLIJKEPERSOON_DV.VERPLEEG_ADRES_LAND > BDR_ZWA_PM.BDR_NATUURLIJKEPERSOON_DT.VERPLEEG_ADRES_LAND,,"""UWVM3VLAAPP0022\.A-DC\.BA\.UWV\.NL"".adim.BDR_ZWA_PM.BDR_NATUURLIJKEPERSOON_DV.VERPLEEG_ADRES_LAND",,"""UWVM3VLAAPP0022\.A-DC\.BA\.UWV\.NL"".adim.BDR_ZWA_PM.BDR_NATUURLIJKEPERSOON_DT.VERPLEEG_ADRES_LAND"
,BDR_ZWA_PM.BDR_NATUURLIJKEPERSOON_DV.VERPLEEG_INSTELLING_CODE > BDR_ZWA_PM.BDR_NATUURLIJKEPERSOON_DT.VERPLEEG_INSTELLING_CODE,,"""UWVM3VLAAPP0022\.A-DC\.BA\.UWV\.NL"".adim.BDR_ZWA_PM.BDR_NATUURLIJKEPERSOON_DV.VERPLEEG_INSTELLING_CODE",,"""UWVM3VLAAPP0022\.A-DC\.BA\.UWV\.NL"".adim.BDR_ZWA_PM.BDR_NATUURLIJKEPERSOON_DT.VERPLEEG_INSTELLING_CODE"
,BDR_ZWA_PM.BDR_NATUURLIJKEPERSOON_DV.VERPLEEG_INSTELLING > BDR_ZWA_PM.BDR_NATUURLIJKEPERSOON_DT.VERPLEEG_INSTELLING,,"""UWVM3VLAAPP0022\.A-DC\.BA\.UWV\.NL"".adim.BDR_ZWA_PM.BDR_NATUURLIJKEPERSOON_DV.VERPLEEG_INSTELLING",,"""UWVM3VLAAPP0022\.A-DC\.BA\.UWV\.NL"".adim.BDR_ZWA_PM.BDR_NATUURLIJKEPERSOON_DT.VERPLEEG_INSTELLING"
,BDR_ZWA_PM.BDR_ZAAK_INSTROOM_VW.DIM_DATUM_KEY > BDR_ZWA_PM.BDR_ZAAK_INSTROOM_FT.DIM_DATUM_KEY,,"""UWVM3VLAAPP0022\.A-DC\.BA\.UWV\.NL"".adim.BDR_ZWA_PM.BDR_ZAAK_INSTROOM_VW.DIM_DATUM_KEY",,"""UWVM3VLAAPP0022\.A-DC\.BA\.UWV\.NL"".adim.BDR_ZWA_PM.BDR_ZAAK_INSTROOM_FT.DIM_DATUM_KEY"
,BDR_ZWA_PM.BDR_ZAAK_INSTROOM_VW.DIM_SNAPSHOT_KEY > BDR_ZWA_PM.BDR_ZAAK_INSTROOM_FT.DIM_SNAPSHOT_KEY,,"""UWVM3VLAAPP0022\.A-DC\.BA\.UWV\.NL"".adim.BDR_ZWA_PM.BDR_ZAAK_INSTROOM_VW.DIM_SNAPSHOT_KEY",,"""UWVM3VLAAPP0022\.A-DC\.BA\.UWV\.NL"".adim.BDR_ZWA_PM.BDR_ZAAK_INSTROOM_FT.DIM_SNAPSHOT_KEY"
,BDR_ZWA_PM.BDR_ZAAK_INSTROOM_VW.DIM_ZAAK_KEY > BDR_ZWA_PM.BDR_ZAAK_INSTROOM_FT.DIM_ZAAK_KEY,,"""UWVM3VLAAPP0022\.A-DC\.BA\.UWV\.NL"".adim.BDR_ZWA_PM.BDR_ZAAK_INSTROOM_VW.DIM_ZAAK_KEY",,"""UWVM3VLAAPP0022\.A-DC\.BA\.UWV\.NL"".adim.BDR_ZWA_PM.BDR_ZAAK_INSTROOM_FT.DIM_ZAAK_KEY"
,BDR_ZWA_PM.BDR_ZAAK_INSTROOM_VW.DIM_TEAM_KEY_VERANTWOORDELIJK > BDR_ZWA_PM.BDR_ZAAK_INSTROOM_FT.DIM_TEAM_KEY_VERANTWOORDELIJK,,"""UWVM3VLAAPP0022\.A-DC\.BA\.UWV\.NL"".adim.BDR_ZWA_PM.BDR_ZAAK_INSTROOM_VW.DIM_TEAM_KEY_VERANTWOORDELIJK",,"""UWVM3VLAAPP0022\.A-DC\.BA\.UWV\.NL"".adim.BDR_ZWA_PM.BDR_ZAAK_INSTROOM_FT.DIM_TEAM_KEY_VERANTWOORDELIJK"
,BDR_ZWA_PM.BDR_ZAAK_INSTROOM_VW.AANTAL_INSTROOM > BDR_ZWA_PM.BDR_ZAAK_INSTROOM_FT.AANTAL_INSTROOM,,"""UWVM3VLAAPP0022\.A-DC\.BA\.UWV\.NL"".adim.BDR_ZWA_PM.BDR_ZAAK_INSTROOM_VW.AANTAL_INSTROOM",,"""UWVM3VLAAPP0022\.A-DC\.BA\.UWV\.NL"".adim.BDR_ZWA_PM.BDR_ZAAK_INSTROOM_FT.AANTAL_INSTROOM"
,BDR_ZWA_PM.BDR_ZAAK_INSTROOM_VW.VERZUIMDUUR > BDR_ZWA_PM.BDR_ZAAK_INSTROOM_FT.VERZUIMDUUR,,"""UWVM3VLAAPP0022\.A-DC\.BA\.UWV\.NL"".adim.BDR_ZWA_PM.BDR_ZAAK_INSTROOM_VW.VERZUIMDUUR",,"""UWVM3VLAAPP0022\.A-DC\.BA\.UWV\.NL"".adim.BDR_ZWA_PM.BDR_ZAAK_INSTROOM_FT.VERZUIMDUUR"
,BDR_ZWA_PM.BDR_ZAAK_INSTROOM_VW.VERZUIMDUUR_TOT_RAPPORTAGEMOMENT > BDR_ZWA_PM.BDR_ZAAK_INSTROOM_FT.VERZUIMDUUR_TOT_RAPPORTAGEMOMENT,,"""UWVM3VLAAPP0022\.A-DC\.BA\.UWV\.NL"".adim.BDR_ZWA_PM.BDR_ZAAK_INSTROOM_VW.VERZUIMDUUR_TOT_RAPPORTAGEMOMENT",,"""UWVM3VLAAPP0022\.A-DC\.BA\.UWV\.NL"".adim.BDR_ZWA_PM.BDR_ZAAK_INSTROOM_FT.VERZUIMDUUR_TOT_RAPPORTAGEMOMENT"
