Function,Name,Rule,Source Columns,Specification Description,Target Columns
,INT_ZWA_PO.PRESTG_DV_TAAKINZAAK_VW.BSN > INT_ZWA_PO.STG_DV_TAAKINZAAK.BSN,,"""UWVM3VLAAPP0022\.A-DC\.BA\.UWV\.NL"".adim.INT_ZWA_PO.PRESTG_DV_TAAKINZAAK_VW.BSN",,"""UWVM3VLAAPP0022\.A-DC\.BA\.UWV\.NL"".adim.INT_ZWA_PO.STG_DV_TAAKINZAAK.BSN"
,INT_ZWA_PO.PRESTG_DV_TAAKINZAAK_VW.AANSLUITINGSNR > INT_ZWA_PO.STG_DV_TAAKINZAAK.AANSLUITINGSNR,,"""UWVM3VLAAPP0022\.A-DC\.BA\.UWV\.NL"".adim.INT_ZWA_PO.PRESTG_DV_TAAKINZAAK_VW.AANSLUITINGSNR",,"""UWVM3VLAAPP0022\.A-DC\.BA\.UWV\.NL"".adim.INT_ZWA_PO.STG_DV_TAAKINZAAK.AANSLUITINGSNR"
,INT_ZWA_PO.PRESTG_DV_TAAKINZAAK_VW.CONTRACTCODE > INT_ZWA_PO.STG_DV_TAAKINZAAK.CONTRACTCODE,,"""UWVM3VLAAPP0022\.A-DC\.BA\.UWV\.NL"".adim.INT_ZWA_PO.PRESTG_DV_TAAKINZAAK_VW.CONTRACTCODE",,"""UWVM3VLAAPP0022\.A-DC\.BA\.UWV\.NL"".adim.INT_ZWA_PO.STG_DV_TAAKINZAAK.CONTRACTCODE"
,INT_ZWA_PO.PRESTG_DV_TAAKINZAAK_VW.BUITENLANDSE_INSTELLINGSNR > INT_ZWA_PO.STG_DV_TAAKINZAAK.BUITENLANDSE_INSTELLINGSNR,,"""UWVM3VLAAPP0022\.A-DC\.BA\.UWV\.NL"".adim.INT_ZWA_PO.PRESTG_DV_TAAKINZAAK_VW.BUITENLANDSE_INSTELLINGSNR",,"""UWVM3VLAAPP0022\.A-DC\.BA\.UWV\.NL"".adim.INT_ZWA_PO.STG_DV_TAAKINZAAK.BUITENLANDSE_INSTELLINGSNR"
,INT_ZWA_PO.PRESTG_DV_TAAKINZAAK_VW.DATUM_BOEKING_DIENSTVERBAND > INT_ZWA_PO.STG_DV_TAAKINZAAK.DATUM_BOEKING_DIENSTVERBAND,,"""UWVM3VLAAPP0022\.A-DC\.BA\.UWV\.NL"".adim.INT_ZWA_PO.PRESTG_DV_TAAKINZAAK_VW.DATUM_BOEKING_DIENSTVERBAND",,"""UWVM3VLAAPP0022\.A-DC\.BA\.UWV\.NL"".adim.INT_ZWA_PO.STG_DV_TAAKINZAAK.DATUM_BOEKING_DIENSTVERBAND"
,INT_ZWA_PO.PRESTG_DV_TAAKINZAAK_VW.BEGINDATUM_AO > INT_ZWA_PO.STG_DV_TAAKINZAAK.BEGINDATUM_AO,,"""UWVM3VLAAPP0022\.A-DC\.BA\.UWV\.NL"".adim.INT_ZWA_PO.PRESTG_DV_TAAKINZAAK_VW.BEGINDATUM_AO",,"""UWVM3VLAAPP0022\.A-DC\.BA\.UWV\.NL"".adim.INT_ZWA_PO.STG_DV_TAAKINZAAK.BEGINDATUM_AO"
,INT_ZWA_PO.PRESTG_DV_TAAKINZAAK_VW.ACTIVITEITCODE > INT_ZWA_PO.STG_DV_TAAKINZAAK.ACTIVITEITCODE,,"""UWVM3VLAAPP0022\.A-DC\.BA\.UWV\.NL"".adim.INT_ZWA_PO.PRESTG_DV_TAAKINZAAK_VW.ACTIVITEITCODE",,"""UWVM3VLAAPP0022\.A-DC\.BA\.UWV\.NL"".adim.INT_ZWA_PO.STG_DV_TAAKINZAAK.ACTIVITEITCODE"
,INT_ZWA_PO.PRESTG_DV_TAAKINZAAK_VW.ACTIVITEIT_OMSCHRIJVING > INT_ZWA_PO.STG_DV_TAAKINZAAK.ACTIVITEIT_OMSCHRIJVING,,"""UWVM3VLAAPP0022\.A-DC\.BA\.UWV\.NL"".adim.INT_ZWA_PO.PRESTG_DV_TAAKINZAAK_VW.ACTIVITEIT_OMSCHRIJVING",,"""UWVM3VLAAPP0022\.A-DC\.BA\.UWV\.NL"".adim.INT_ZWA_PO.STG_DV_TAAKINZAAK.ACTIVITEIT_OMSCHRIJVING"
,INT_ZWA_PO.PRESTG_DV_TAAKINZAAK_VW.DATUM_INITIELE_BOEKING_ACT > INT_ZWA_PO.STG_DV_TAAKINZAAK.DATUM_INITIELE_BOEKING_ACT,,"""UWVM3VLAAPP0022\.A-DC\.BA\.UWV\.NL"".adim.INT_ZWA_PO.PRESTG_DV_TAAKINZAAK_VW.DATUM_INITIELE_BOEKING_ACT",,"""UWVM3VLAAPP0022\.A-DC\.BA\.UWV\.NL"".adim.INT_ZWA_PO.STG_DV_TAAKINZAAK.DATUM_INITIELE_BOEKING_ACT"
,INT_ZWA_PO.PRESTG_DV_TAAKINZAAK_VW.DATUM_BOEKING_ACTIVITEIT > INT_ZWA_PO.STG_DV_TAAKINZAAK.DATUM_BOEKING_ACTIVITEIT,,"""UWVM3VLAAPP0022\.A-DC\.BA\.UWV\.NL"".adim.INT_ZWA_PO.PRESTG_DV_TAAKINZAAK_VW.DATUM_BOEKING_ACTIVITEIT",,"""UWVM3VLAAPP0022\.A-DC\.BA\.UWV\.NL"".adim.INT_ZWA_PO.STG_DV_TAAKINZAAK.DATUM_BOEKING_ACTIVITEIT"
,INT_ZWA_PO.PRESTG_DV_TAAKINZAAK_VW.CODE_AANLEIDING_ACTIVITEIT > INT_ZWA_PO.STG_DV_TAAKINZAAK.CODE_AANLEIDING_ACTIVITEIT,,"""UWVM3VLAAPP0022\.A-DC\.BA\.UWV\.NL"".adim.INT_ZWA_PO.PRESTG_DV_TAAKINZAAK_VW.CODE_AANLEIDING_ACTIVITEIT",,"""UWVM3VLAAPP0022\.A-DC\.BA\.UWV\.NL"".adim.INT_ZWA_PO.STG_DV_TAAKINZAAK.CODE_AANLEIDING_ACTIVITEIT"
,INT_ZWA_PO.PRESTG_DV_TAAKINZAAK_VW.AANLEIDING_ACTIVITEIT > INT_ZWA_PO.STG_DV_TAAKINZAAK.AANLEIDING_ACTIVITEIT,,"""UWVM3VLAAPP0022\.A-DC\.BA\.UWV\.NL"".adim.INT_ZWA_PO.PRESTG_DV_TAAKINZAAK_VW.AANLEIDING_ACTIVITEIT",,"""UWVM3VLAAPP0022\.A-DC\.BA\.UWV\.NL"".adim.INT_ZWA_PO.STG_DV_TAAKINZAAK.AANLEIDING_ACTIVITEIT"
,INT_ZWA_PO.PRESTG_DV_TAAKINZAAK_VW.DATUM_ACTIVITEIT_PLAN > INT_ZWA_PO.STG_DV_TAAKINZAAK.DATUM_ACTIVITEIT_PLAN,,"""UWVM3VLAAPP0022\.A-DC\.BA\.UWV\.NL"".adim.INT_ZWA_PO.PRESTG_DV_TAAKINZAAK_VW.DATUM_ACTIVITEIT_PLAN",,"""UWVM3VLAAPP0022\.A-DC\.BA\.UWV\.NL"".adim.INT_ZWA_PO.STG_DV_TAAKINZAAK.DATUM_ACTIVITEIT_PLAN"
,INT_ZWA_PO.PRESTG_DV_TAAKINZAAK_VW.DATUM_ACTIVITEIT_REALISATIE > INT_ZWA_PO.STG_DV_TAAKINZAAK.DATUM_ACTIVITEIT_REALISATIE,,"""UWVM3VLAAPP0022\.A-DC\.BA\.UWV\.NL"".adim.INT_ZWA_PO.PRESTG_DV_TAAKINZAAK_VW.DATUM_ACTIVITEIT_REALISATIE",,"""UWVM3VLAAPP0022\.A-DC\.BA\.UWV\.NL"".adim.INT_ZWA_PO.STG_DV_TAAKINZAAK.DATUM_ACTIVITEIT_REALISATIE"
,INT_ZWA_PO.PRESTG_DV_TAAKINZAAK_VW.DATUM_OPROEP > INT_ZWA_PO.STG_DV_TAAKINZAAK.DATUM_OPROEP,,"""UWVM3VLAAPP0022\.A-DC\.BA\.UWV\.NL"".adim.INT_ZWA_PO.PRESTG_DV_TAAKINZAAK_VW.DATUM_OPROEP",,"""UWVM3VLAAPP0022\.A-DC\.BA\.UWV\.NL"".adim.INT_ZWA_PO.STG_DV_TAAKINZAAK.DATUM_OPROEP"
,INT_ZWA_PO.PRESTG_DV_TAAKINZAAK_VW.CODE_AANWEZIGHEID_PERSOON > INT_ZWA_PO.STG_DV_TAAKINZAAK.CODE_AANWEZIGHEID_PERSOON,,"""UWVM3VLAAPP0022\.A-DC\.BA\.UWV\.NL"".adim.INT_ZWA_PO.PRESTG_DV_TAAKINZAAK_VW.CODE_AANWEZIGHEID_PERSOON",,"""UWVM3VLAAPP0022\.A-DC\.BA\.UWV\.NL"".adim.INT_ZWA_PO.STG_DV_TAAKINZAAK.CODE_AANWEZIGHEID_PERSOON"
,INT_ZWA_PO.PRESTG_DV_TAAKINZAAK_VW.AANWEZIGHEID_PERSOON > INT_ZWA_PO.STG_DV_TAAKINZAAK.AANWEZIGHEID_PERSOON,,"""UWVM3VLAAPP0022\.A-DC\.BA\.UWV\.NL"".adim.INT_ZWA_PO.PRESTG_DV_TAAKINZAAK_VW.AANWEZIGHEID_PERSOON",,"""UWVM3VLAAPP0022\.A-DC\.BA\.UWV\.NL"".adim.INT_ZWA_PO.STG_DV_TAAKINZAAK.AANWEZIGHEID_PERSOON"
,INT_ZWA_PO.PRESTG_DV_TAAKINZAAK_VW.CODE_FUNCTIE_MEDEWERKER > INT_ZWA_PO.STG_DV_TAAKINZAAK.CODE_FUNCTIE_MEDEWERKER,,"""UWVM3VLAAPP0022\.A-DC\.BA\.UWV\.NL"".adim.INT_ZWA_PO.PRESTG_DV_TAAKINZAAK_VW.CODE_FUNCTIE_MEDEWERKER",,"""UWVM3VLAAPP0022\.A-DC\.BA\.UWV\.NL"".adim.INT_ZWA_PO.STG_DV_TAAKINZAAK.CODE_FUNCTIE_MEDEWERKER"
,INT_ZWA_PO.PRESTG_DV_TAAKINZAAK_VW.FUNCTIE_MEDEWERKER > INT_ZWA_PO.STG_DV_TAAKINZAAK.FUNCTIE_MEDEWERKER,,"""UWVM3VLAAPP0022\.A-DC\.BA\.UWV\.NL"".adim.INT_ZWA_PO.PRESTG_DV_TAAKINZAAK_VW.FUNCTIE_MEDEWERKER",,"""UWVM3VLAAPP0022\.A-DC\.BA\.UWV\.NL"".adim.INT_ZWA_PO.STG_DV_TAAKINZAAK.FUNCTIE_MEDEWERKER"
,INT_ZWA_PO.PRESTG_DV_TAAKINZAAK_VW.CODE_STATUS_ACTIVITEIT > INT_ZWA_PO.STG_DV_TAAKINZAAK.CODE_STATUS_ACTIVITEIT,,"""UWVM3VLAAPP0022\.A-DC\.BA\.UWV\.NL"".adim.INT_ZWA_PO.PRESTG_DV_TAAKINZAAK_VW.CODE_STATUS_ACTIVITEIT",,"""UWVM3VLAAPP0022\.A-DC\.BA\.UWV\.NL"".adim.INT_ZWA_PO.STG_DV_TAAKINZAAK.CODE_STATUS_ACTIVITEIT"
,INT_ZWA_PO.PRESTG_DV_TAAKINZAAK_VW.STATUS_ACTIVITEIT > INT_ZWA_PO.STG_DV_TAAKINZAAK.STATUS_ACTIVITEIT,,"""UWVM3VLAAPP0022\.A-DC\.BA\.UWV\.NL"".adim.INT_ZWA_PO.PRESTG_DV_TAAKINZAAK_VW.STATUS_ACTIVITEIT",,"""UWVM3VLAAPP0022\.A-DC\.BA\.UWV\.NL"".adim.INT_ZWA_PO.STG_DV_TAAKINZAAK.STATUS_ACTIVITEIT"
,INT_ZWA_PO.PRESTG_DV_TAAKINZAAK_VW.CODE_CONCLUSIE_ACTIVITEIT > INT_ZWA_PO.STG_DV_TAAKINZAAK.CODE_CONCLUSIE_ACTIVITEIT,,"""UWVM3VLAAPP0022\.A-DC\.BA\.UWV\.NL"".adim.INT_ZWA_PO.PRESTG_DV_TAAKINZAAK_VW.CODE_CONCLUSIE_ACTIVITEIT",,"""UWVM3VLAAPP0022\.A-DC\.BA\.UWV\.NL"".adim.INT_ZWA_PO.STG_DV_TAAKINZAAK.CODE_CONCLUSIE_ACTIVITEIT"
,INT_ZWA_PO.PRESTG_DV_TAAKINZAAK_VW.CONCLUSIE_ACTIVITEIT > INT_ZWA_PO.STG_DV_TAAKINZAAK.CONCLUSIE_ACTIVITEIT,,"""UWVM3VLAAPP0022\.A-DC\.BA\.UWV\.NL"".adim.INT_ZWA_PO.PRESTG_DV_TAAKINZAAK_VW.CONCLUSIE_ACTIVITEIT",,"""UWVM3VLAAPP0022\.A-DC\.BA\.UWV\.NL"".adim.INT_ZWA_PO.STG_DV_TAAKINZAAK.CONCLUSIE_ACTIVITEIT"
,INT_ZWA_PO.PRESTG_DV_TAAKINZAAK_VW.DIM_INGANGSDATUM_BWT > INT_ZWA_PO.STG_DV_TAAKINZAAK.DIM_INGANGSDATUM_BWT,,"""UWVM3VLAAPP0022\.A-DC\.BA\.UWV\.NL"".adim.INT_ZWA_PO.PRESTG_DV_TAAKINZAAK_VW.DIM_INGANGSDATUM_BWT",,"""UWVM3VLAAPP0022\.A-DC\.BA\.UWV\.NL"".adim.INT_ZWA_PO.STG_DV_TAAKINZAAK.DIM_INGANGSDATUM_BWT"
,INT_ZWA_PO.PRESTG_DV_TAAKINZAAK_VW.BSN > INT_ZWA_PO.STG_DV_TAAKINZAAK.DIM_ZAAK_H_HK,hubkey,"""UWVM3VLAAPP0022\.A-DC\.BA\.UWV\.NL"".adim.INT_ZWA_PO.PRESTG_DV_TAAKINZAAK_VW.BSN",,"""UWVM3VLAAPP0022\.A-DC\.BA\.UWV\.NL"".adim.INT_ZWA_PO.STG_DV_TAAKINZAAK.DIM_ZAAK_H_HK"
,INT_ZWA_PO.PRESTG_DV_TAAKINZAAK_VW.AANSLUITINGSNR > INT_ZWA_PO.STG_DV_TAAKINZAAK.DIM_ZAAK_H_HK,hubkey,"""UWVM3VLAAPP0022\.A-DC\.BA\.UWV\.NL"".adim.INT_ZWA_PO.PRESTG_DV_TAAKINZAAK_VW.AANSLUITINGSNR",,"""UWVM3VLAAPP0022\.A-DC\.BA\.UWV\.NL"".adim.INT_ZWA_PO.STG_DV_TAAKINZAAK.DIM_ZAAK_H_HK"
,INT_ZWA_PO.PRESTG_DV_TAAKINZAAK_VW.CONTRACTCODE > INT_ZWA_PO.STG_DV_TAAKINZAAK.DIM_ZAAK_H_HK,hubkey,"""UWVM3VLAAPP0022\.A-DC\.BA\.UWV\.NL"".adim.INT_ZWA_PO.PRESTG_DV_TAAKINZAAK_VW.CONTRACTCODE",,"""UWVM3VLAAPP0022\.A-DC\.BA\.UWV\.NL"".adim.INT_ZWA_PO.STG_DV_TAAKINZAAK.DIM_ZAAK_H_HK"
,INT_ZWA_PO.PRESTG_DV_TAAKINZAAK_VW.BUITENLANDSE_INSTELLINGSNR > INT_ZWA_PO.STG_DV_TAAKINZAAK.DIM_ZAAK_H_HK,hubkey,"""UWVM3VLAAPP0022\.A-DC\.BA\.UWV\.NL"".adim.INT_ZWA_PO.PRESTG_DV_TAAKINZAAK_VW.BUITENLANDSE_INSTELLINGSNR",,"""UWVM3VLAAPP0022\.A-DC\.BA\.UWV\.NL"".adim.INT_ZWA_PO.STG_DV_TAAKINZAAK.DIM_ZAAK_H_HK"
,INT_ZWA_PO.PRESTG_DV_TAAKINZAAK_VW.DATUM_BOEKING_DIENSTVERBAND > INT_ZWA_PO.STG_DV_TAAKINZAAK.DIM_ZAAK_H_HK,hubkey,"""UWVM3VLAAPP0022\.A-DC\.BA\.UWV\.NL"".adim.INT_ZWA_PO.PRESTG_DV_TAAKINZAAK_VW.DATUM_BOEKING_DIENSTVERBAND",,"""UWVM3VLAAPP0022\.A-DC\.BA\.UWV\.NL"".adim.INT_ZWA_PO.STG_DV_TAAKINZAAK.DIM_ZAAK_H_HK"
,INT_ZWA_PO.PRESTG_DV_TAAKINZAAK_VW.BEGINDATUM_AO > INT_ZWA_PO.STG_DV_TAAKINZAAK.DIM_ZAAK_H_HK,hubkey,"""UWVM3VLAAPP0022\.A-DC\.BA\.UWV\.NL"".adim.INT_ZWA_PO.PRESTG_DV_TAAKINZAAK_VW.BEGINDATUM_AO",,"""UWVM3VLAAPP0022\.A-DC\.BA\.UWV\.NL"".adim.INT_ZWA_PO.STG_DV_TAAKINZAAK.DIM_ZAAK_H_HK"
,INT_ZWA_PO.PRESTG_DV_TAAKINZAAK_VW.ACTIVITEITCODE > INT_ZWA_PO.STG_DV_TAAKINZAAK.DIM_TAAK_H_HK,hubkey,"""UWVM3VLAAPP0022\.A-DC\.BA\.UWV\.NL"".adim.INT_ZWA_PO.PRESTG_DV_TAAKINZAAK_VW.ACTIVITEITCODE",,"""UWVM3VLAAPP0022\.A-DC\.BA\.UWV\.NL"".adim.INT_ZWA_PO.STG_DV_TAAKINZAAK.DIM_TAAK_H_HK"
,INT_ZWA_PO.PRESTG_DV_TAAKINZAAK_VW.ACTIVITEIT_OMSCHRIJVING > INT_ZWA_PO.STG_DV_TAAKINZAAK.DIM_HASHDIFF_TAAK,hashdiff,"""UWVM3VLAAPP0022\.A-DC\.BA\.UWV\.NL"".adim.INT_ZWA_PO.PRESTG_DV_TAAKINZAAK_VW.ACTIVITEIT_OMSCHRIJVING",,"""UWVM3VLAAPP0022\.A-DC\.BA\.UWV\.NL"".adim.INT_ZWA_PO.STG_DV_TAAKINZAAK.DIM_HASHDIFF_TAAK"
,INT_ZWA_PO.PRESTG_DV_TAAKINZAAK_VW.BSN > INT_ZWA_PO.STG_DV_TAAKINZAAK.DIM_TAAKINZAAK_L_HK,linkkey,"""UWVM3VLAAPP0022\.A-DC\.BA\.UWV\.NL"".adim.INT_ZWA_PO.PRESTG_DV_TAAKINZAAK_VW.BSN",,"""UWVM3VLAAPP0022\.A-DC\.BA\.UWV\.NL"".adim.INT_ZWA_PO.STG_DV_TAAKINZAAK.DIM_TAAKINZAAK_L_HK"
,INT_ZWA_PO.PRESTG_DV_TAAKINZAAK_VW.AANSLUITINGSNR > INT_ZWA_PO.STG_DV_TAAKINZAAK.DIM_TAAKINZAAK_L_HK,linkkey,"""UWVM3VLAAPP0022\.A-DC\.BA\.UWV\.NL"".adim.INT_ZWA_PO.PRESTG_DV_TAAKINZAAK_VW.AANSLUITINGSNR",,"""UWVM3VLAAPP0022\.A-DC\.BA\.UWV\.NL"".adim.INT_ZWA_PO.STG_DV_TAAKINZAAK.DIM_TAAKINZAAK_L_HK"
,INT_ZWA_PO.PRESTG_DV_TAAKINZAAK_VW.CONTRACTCODE > INT_ZWA_PO.STG_DV_TAAKINZAAK.DIM_TAAKINZAAK_L_HK,linkkey,"""UWVM3VLAAPP0022\.A-DC\.BA\.UWV\.NL"".adim.INT_ZWA_PO.PRESTG_DV_TAAKINZAAK_VW.CONTRACTCODE",,"""UWVM3VLAAPP0022\.A-DC\.BA\.UWV\.NL"".adim.INT_ZWA_PO.STG_DV_TAAKINZAAK.DIM_TAAKINZAAK_L_HK"
,INT_ZWA_PO.PRESTG_DV_TAAKINZAAK_VW.BUITENLANDSE_INSTELLINGSNR > INT_ZWA_PO.STG_DV_TAAKINZAAK.DIM_TAAKINZAAK_L_HK,linkkey,"""UWVM3VLAAPP0022\.A-DC\.BA\.UWV\.NL"".adim.INT_ZWA_PO.PRESTG_DV_TAAKINZAAK_VW.BUITENLANDSE_INSTELLINGSNR",,"""UWVM3VLAAPP0022\.A-DC\.BA\.UWV\.NL"".adim.INT_ZWA_PO.STG_DV_TAAKINZAAK.DIM_TAAKINZAAK_L_HK"
,INT_ZWA_PO.PRESTG_DV_TAAKINZAAK_VW.DATUM_BOEKING_DIENSTVERBAND > INT_ZWA_PO.STG_DV_TAAKINZAAK.DIM_TAAKINZAAK_L_HK,linkkey,"""UWVM3VLAAPP0022\.A-DC\.BA\.UWV\.NL"".adim.INT_ZWA_PO.PRESTG_DV_TAAKINZAAK_VW.DATUM_BOEKING_DIENSTVERBAND",,"""UWVM3VLAAPP0022\.A-DC\.BA\.UWV\.NL"".adim.INT_ZWA_PO.STG_DV_TAAKINZAAK.DIM_TAAKINZAAK_L_HK"
,INT_ZWA_PO.PRESTG_DV_TAAKINZAAK_VW.BEGINDATUM_AO > INT_ZWA_PO.STG_DV_TAAKINZAAK.DIM_TAAKINZAAK_L_HK,linkkey,"""UWVM3VLAAPP0022\.A-DC\.BA\.UWV\.NL"".adim.INT_ZWA_PO.PRESTG_DV_TAAKINZAAK_VW.BEGINDATUM_AO",,"""UWVM3VLAAPP0022\.A-DC\.BA\.UWV\.NL"".adim.INT_ZWA_PO.STG_DV_TAAKINZAAK.DIM_TAAKINZAAK_L_HK"
,INT_ZWA_PO.PRESTG_DV_TAAKINZAAK_VW.ACTIVITEITCODE > INT_ZWA_PO.STG_DV_TAAKINZAAK.DIM_TAAKINZAAK_L_HK,linkkey,"""UWVM3VLAAPP0022\.A-DC\.BA\.UWV\.NL"".adim.INT_ZWA_PO.PRESTG_DV_TAAKINZAAK_VW.ACTIVITEITCODE",,"""UWVM3VLAAPP0022\.A-DC\.BA\.UWV\.NL"".adim.INT_ZWA_PO.STG_DV_TAAKINZAAK.DIM_TAAKINZAAK_L_HK"
,INT_ZWA_PO.PRESTG_DV_TAAKINZAAK_VW.DATUM_INITIELE_BOEKING_ACT > INT_ZWA_PO.STG_DV_TAAKINZAAK.DIM_TAAKINZAAK_L_HK,linkkey,"""UWVM3VLAAPP0022\.A-DC\.BA\.UWV\.NL"".adim.INT_ZWA_PO.PRESTG_DV_TAAKINZAAK_VW.DATUM_INITIELE_BOEKING_ACT",,"""UWVM3VLAAPP0022\.A-DC\.BA\.UWV\.NL"".adim.INT_ZWA_PO.STG_DV_TAAKINZAAK.DIM_TAAKINZAAK_L_HK"
,INT_ZWA_PO.PRESTG_DV_TAAKINZAAK_VW.TEAMNUMMER > INT_ZWA_PO.STG_DV_TAAKINZAAK.DIM_TAAKINZAAK_L_HK,linkkey,"""UWVM3VLAAPP0022\.A-DC\.BA\.UWV\.NL"".adim.INT_ZWA_PO.PRESTG_DV_TAAKINZAAK_VW.TEAMNUMMER",,"""UWVM3VLAAPP0022\.A-DC\.BA\.UWV\.NL"".adim.INT_ZWA_PO.STG_DV_TAAKINZAAK.DIM_TAAKINZAAK_L_HK"
,INT_ZWA_PO.PRESTG_DV_TAAKINZAAK_VW.DISTRICTSKANTOOR_NR > INT_ZWA_PO.STG_DV_TAAKINZAAK.DIM_TAAKINZAAK_L_HK,linkkey,"""UWVM3VLAAPP0022\.A-DC\.BA\.UWV\.NL"".adim.INT_ZWA_PO.PRESTG_DV_TAAKINZAAK_VW.DISTRICTSKANTOOR_NR",,"""UWVM3VLAAPP0022\.A-DC\.BA\.UWV\.NL"".adim.INT_ZWA_PO.STG_DV_TAAKINZAAK.DIM_TAAKINZAAK_L_HK"
,INT_ZWA_PO.PRESTG_DV_TAAKINZAAK_VW.DISTRICTSKANTOOR_NR > INT_ZWA_PO.STG_DV_TAAKINZAAK.DISTRICTSKANTOOR_NR,,"""UWVM3VLAAPP0022\.A-DC\.BA\.UWV\.NL"".adim.INT_ZWA_PO.PRESTG_DV_TAAKINZAAK_VW.DISTRICTSKANTOOR_NR","msl_mapping_documentation - -ORG_BRON_ID moet voor IMF altijd 5 en voor UZS altijd 8 zijn
-DIM_IND_HUIDIG = 'J'
- Join Nr Districtskantoor (LEVEL1_CODE) met nummer Districtskantoor, zodat deze gebruikt kan worden voor het ophalen van bijbehorende naam, regio en sorteervolgordes ","""UWVM3VLAAPP0022\.A-DC\.BA\.UWV\.NL"".adim.INT_ZWA_PO.STG_DV_TAAKINZAAK.DISTRICTSKANTOOR_NR"
,INT_ZWA_PO.PRESTG_DV_TAAKINZAAK_VW.TEAMNUMMER > INT_ZWA_PO.STG_DV_TAAKINZAAK.DIM_TEAM_H_HK,hubkey,"""UWVM3VLAAPP0022\.A-DC\.BA\.UWV\.NL"".adim.INT_ZWA_PO.PRESTG_DV_TAAKINZAAK_VW.TEAMNUMMER",,"""UWVM3VLAAPP0022\.A-DC\.BA\.UWV\.NL"".adim.INT_ZWA_PO.STG_DV_TAAKINZAAK.DIM_TEAM_H_HK"
,INT_ZWA_PO.PRESTG_DV_TAAKINZAAK_VW.DISTRICTSKANTOOR_NR > INT_ZWA_PO.STG_DV_TAAKINZAAK.DIM_TEAM_H_HK,hubkey,"""UWVM3VLAAPP0022\.A-DC\.BA\.UWV\.NL"".adim.INT_ZWA_PO.PRESTG_DV_TAAKINZAAK_VW.DISTRICTSKANTOOR_NR",,"""UWVM3VLAAPP0022\.A-DC\.BA\.UWV\.NL"".adim.INT_ZWA_PO.STG_DV_TAAKINZAAK.DIM_TEAM_H_HK"
,INT_ZWA_PO.PRESTG_DV_TAAKINZAAK_VW.DATUM_BOEKING_ACTIVITEIT > INT_ZWA_PO.STG_DV_TAAKINZAAK.DIM_HASHDIFF_TAAKINZAAK,hashdiff,"""UWVM3VLAAPP0022\.A-DC\.BA\.UWV\.NL"".adim.INT_ZWA_PO.PRESTG_DV_TAAKINZAAK_VW.DATUM_BOEKING_ACTIVITEIT",,"""UWVM3VLAAPP0022\.A-DC\.BA\.UWV\.NL"".adim.INT_ZWA_PO.STG_DV_TAAKINZAAK.DIM_HASHDIFF_TAAKINZAAK"
,INT_ZWA_PO.PRESTG_DV_TAAKINZAAK_VW.CODE_AANLEIDING_ACTIVITEIT > INT_ZWA_PO.STG_DV_TAAKINZAAK.DIM_HASHDIFF_TAAKINZAAK,hashdiff,"""UWVM3VLAAPP0022\.A-DC\.BA\.UWV\.NL"".adim.INT_ZWA_PO.PRESTG_DV_TAAKINZAAK_VW.CODE_AANLEIDING_ACTIVITEIT",,"""UWVM3VLAAPP0022\.A-DC\.BA\.UWV\.NL"".adim.INT_ZWA_PO.STG_DV_TAAKINZAAK.DIM_HASHDIFF_TAAKINZAAK"
,INT_ZWA_PO.PRESTG_DV_TAAKINZAAK_VW.AANLEIDING_ACTIVITEIT > INT_ZWA_PO.STG_DV_TAAKINZAAK.DIM_HASHDIFF_TAAKINZAAK,hashdiff,"""UWVM3VLAAPP0022\.A-DC\.BA\.UWV\.NL"".adim.INT_ZWA_PO.PRESTG_DV_TAAKINZAAK_VW.AANLEIDING_ACTIVITEIT",,"""UWVM3VLAAPP0022\.A-DC\.BA\.UWV\.NL"".adim.INT_ZWA_PO.STG_DV_TAAKINZAAK.DIM_HASHDIFF_TAAKINZAAK"
,INT_ZWA_PO.PRESTG_DV_TAAKINZAAK_VW.DATUM_ACTIVITEIT_PLAN > INT_ZWA_PO.STG_DV_TAAKINZAAK.DIM_HASHDIFF_TAAKINZAAK,hashdiff,"""UWVM3VLAAPP0022\.A-DC\.BA\.UWV\.NL"".adim.INT_ZWA_PO.PRESTG_DV_TAAKINZAAK_VW.DATUM_ACTIVITEIT_PLAN",,"""UWVM3VLAAPP0022\.A-DC\.BA\.UWV\.NL"".adim.INT_ZWA_PO.STG_DV_TAAKINZAAK.DIM_HASHDIFF_TAAKINZAAK"
,INT_ZWA_PO.PRESTG_DV_TAAKINZAAK_VW.DATUM_ACTIVITEIT_REALISATIE > INT_ZWA_PO.STG_DV_TAAKINZAAK.DIM_HASHDIFF_TAAKINZAAK,hashdiff,"""UWVM3VLAAPP0022\.A-DC\.BA\.UWV\.NL"".adim.INT_ZWA_PO.PRESTG_DV_TAAKINZAAK_VW.DATUM_ACTIVITEIT_REALISATIE",,"""UWVM3VLAAPP0022\.A-DC\.BA\.UWV\.NL"".adim.INT_ZWA_PO.STG_DV_TAAKINZAAK.DIM_HASHDIFF_TAAKINZAAK"
,INT_ZWA_PO.PRESTG_DV_TAAKINZAAK_VW.DATUM_OPROEP > INT_ZWA_PO.STG_DV_TAAKINZAAK.DIM_HASHDIFF_TAAKINZAAK,hashdiff,"""UWVM3VLAAPP0022\.A-DC\.BA\.UWV\.NL"".adim.INT_ZWA_PO.PRESTG_DV_TAAKINZAAK_VW.DATUM_OPROEP",,"""UWVM3VLAAPP0022\.A-DC\.BA\.UWV\.NL"".adim.INT_ZWA_PO.STG_DV_TAAKINZAAK.DIM_HASHDIFF_TAAKINZAAK"
,INT_ZWA_PO.PRESTG_DV_TAAKINZAAK_VW.CODE_AANWEZIGHEID_PERSOON > INT_ZWA_PO.STG_DV_TAAKINZAAK.DIM_HASHDIFF_TAAKINZAAK,hashdiff,"""UWVM3VLAAPP0022\.A-DC\.BA\.UWV\.NL"".adim.INT_ZWA_PO.PRESTG_DV_TAAKINZAAK_VW.CODE_AANWEZIGHEID_PERSOON",,"""UWVM3VLAAPP0022\.A-DC\.BA\.UWV\.NL"".adim.INT_ZWA_PO.STG_DV_TAAKINZAAK.DIM_HASHDIFF_TAAKINZAAK"
,INT_ZWA_PO.PRESTG_DV_TAAKINZAAK_VW.AANWEZIGHEID_PERSOON > INT_ZWA_PO.STG_DV_TAAKINZAAK.DIM_HASHDIFF_TAAKINZAAK,hashdiff,"""UWVM3VLAAPP0022\.A-DC\.BA\.UWV\.NL"".adim.INT_ZWA_PO.PRESTG_DV_TAAKINZAAK_VW.AANWEZIGHEID_PERSOON",,"""UWVM3VLAAPP0022\.A-DC\.BA\.UWV\.NL"".adim.INT_ZWA_PO.STG_DV_TAAKINZAAK.DIM_HASHDIFF_TAAKINZAAK"
,INT_ZWA_PO.PRESTG_DV_TAAKINZAAK_VW.CODE_FUNCTIE_MEDEWERKER > INT_ZWA_PO.STG_DV_TAAKINZAAK.DIM_HASHDIFF_TAAKINZAAK,hashdiff,"""UWVM3VLAAPP0022\.A-DC\.BA\.UWV\.NL"".adim.INT_ZWA_PO.PRESTG_DV_TAAKINZAAK_VW.CODE_FUNCTIE_MEDEWERKER",,"""UWVM3VLAAPP0022\.A-DC\.BA\.UWV\.NL"".adim.INT_ZWA_PO.STG_DV_TAAKINZAAK.DIM_HASHDIFF_TAAKINZAAK"
,INT_ZWA_PO.PRESTG_DV_TAAKINZAAK_VW.FUNCTIE_MEDEWERKER > INT_ZWA_PO.STG_DV_TAAKINZAAK.DIM_HASHDIFF_TAAKINZAAK,hashdiff,"""UWVM3VLAAPP0022\.A-DC\.BA\.UWV\.NL"".adim.INT_ZWA_PO.PRESTG_DV_TAAKINZAAK_VW.FUNCTIE_MEDEWERKER",,"""UWVM3VLAAPP0022\.A-DC\.BA\.UWV\.NL"".adim.INT_ZWA_PO.STG_DV_TAAKINZAAK.DIM_HASHDIFF_TAAKINZAAK"
,INT_ZWA_PO.PRESTG_DV_TAAKINZAAK_VW.CODE_STATUS_ACTIVITEIT > INT_ZWA_PO.STG_DV_TAAKINZAAK.DIM_HASHDIFF_TAAKINZAAK,hashdiff,"""UWVM3VLAAPP0022\.A-DC\.BA\.UWV\.NL"".adim.INT_ZWA_PO.PRESTG_DV_TAAKINZAAK_VW.CODE_STATUS_ACTIVITEIT",,"""UWVM3VLAAPP0022\.A-DC\.BA\.UWV\.NL"".adim.INT_ZWA_PO.STG_DV_TAAKINZAAK.DIM_HASHDIFF_TAAKINZAAK"
,INT_ZWA_PO.PRESTG_DV_TAAKINZAAK_VW.STATUS_ACTIVITEIT > INT_ZWA_PO.STG_DV_TAAKINZAAK.DIM_HASHDIFF_TAAKINZAAK,hashdiff,"""UWVM3VLAAPP0022\.A-DC\.BA\.UWV\.NL"".adim.INT_ZWA_PO.PRESTG_DV_TAAKINZAAK_VW.STATUS_ACTIVITEIT",,"""UWVM3VLAAPP0022\.A-DC\.BA\.UWV\.NL"".adim.INT_ZWA_PO.STG_DV_TAAKINZAAK.DIM_HASHDIFF_TAAKINZAAK"
,INT_ZWA_PO.PRESTG_DV_TAAKINZAAK_VW.CODE_CONCLUSIE_ACTIVITEIT > INT_ZWA_PO.STG_DV_TAAKINZAAK.DIM_HASHDIFF_TAAKINZAAK,hashdiff,"""UWVM3VLAAPP0022\.A-DC\.BA\.UWV\.NL"".adim.INT_ZWA_PO.PRESTG_DV_TAAKINZAAK_VW.CODE_CONCLUSIE_ACTIVITEIT",,"""UWVM3VLAAPP0022\.A-DC\.BA\.UWV\.NL"".adim.INT_ZWA_PO.STG_DV_TAAKINZAAK.DIM_HASHDIFF_TAAKINZAAK"
,INT_ZWA_PO.PRESTG_DV_TAAKINZAAK_VW.CONCLUSIE_ACTIVITEIT > INT_ZWA_PO.STG_DV_TAAKINZAAK.DIM_HASHDIFF_TAAKINZAAK,hashdiff,"""UWVM3VLAAPP0022\.A-DC\.BA\.UWV\.NL"".adim.INT_ZWA_PO.PRESTG_DV_TAAKINZAAK_VW.CONCLUSIE_ACTIVITEIT",,"""UWVM3VLAAPP0022\.A-DC\.BA\.UWV\.NL"".adim.INT_ZWA_PO.STG_DV_TAAKINZAAK.DIM_HASHDIFF_TAAKINZAAK"
,INT_ZWA_PO.PRESTG_DV_TAAKINZAAK_VW.NAAM_MEDEWERKER > INT_ZWA_PO.STG_DV_TAAKINZAAK.DIM_HASHDIFF_TAAKINZAAK,hashdiff,"""UWVM3VLAAPP0022\.A-DC\.BA\.UWV\.NL"".adim.INT_ZWA_PO.PRESTG_DV_TAAKINZAAK_VW.NAAM_MEDEWERKER",,"""UWVM3VLAAPP0022\.A-DC\.BA\.UWV\.NL"".adim.INT_ZWA_PO.STG_DV_TAAKINZAAK.DIM_HASHDIFF_TAAKINZAAK"
,INT_ZWA_PO.PRESTG_DV_TAAKINZAAK_VW.TEAMNUMMER > INT_ZWA_PO.STG_DV_TAAKINZAAK.TEAMNUMMER,,"""UWVM3VLAAPP0022\.A-DC\.BA\.UWV\.NL"".adim.INT_ZWA_PO.PRESTG_DV_TAAKINZAAK_VW.TEAMNUMMER",,"""UWVM3VLAAPP0022\.A-DC\.BA\.UWV\.NL"".adim.INT_ZWA_PO.STG_DV_TAAKINZAAK.TEAMNUMMER"
,INT_ZWA_PO.PRESTG_DV_TAAKINZAAK_VW.NAAM_MEDEWERKER > INT_ZWA_PO.STG_DV_TAAKINZAAK.NAAM_MEDEWERKER,,"""UWVM3VLAAPP0022\.A-DC\.BA\.UWV\.NL"".adim.INT_ZWA_PO.PRESTG_DV_TAAKINZAAK_VW.NAAM_MEDEWERKER",,"""UWVM3VLAAPP0022\.A-DC\.BA\.UWV\.NL"".adim.INT_ZWA_PO.STG_DV_TAAKINZAAK.NAAM_MEDEWERKER"
,INT_ZWA_PO.PRESTG_DV_TEAM_VW.TEAMNUMMER > INT_ZWA_PO.STG_DV_TEAM.TEAMNUMMER,,"""UWVM3VLAAPP0022\.A-DC\.BA\.UWV\.NL"".adim.INT_ZWA_PO.PRESTG_DV_TEAM_VW.TEAMNUMMER",,"""UWVM3VLAAPP0022\.A-DC\.BA\.UWV\.NL"".adim.INT_ZWA_PO.STG_DV_TEAM.TEAMNUMMER"
,INT_ZWA_PO.PRESTG_DV_TEAM_VW.TEAMNAAM > INT_ZWA_PO.STG_DV_TEAM.TEAMNAAM,,"""UWVM3VLAAPP0022\.A-DC\.BA\.UWV\.NL"".adim.INT_ZWA_PO.PRESTG_DV_TEAM_VW.TEAMNAAM",,"""UWVM3VLAAPP0022\.A-DC\.BA\.UWV\.NL"".adim.INT_ZWA_PO.STG_DV_TEAM.TEAMNAAM"
,INT_ZWA_PO.PRESTG_DV_TEAM_VW.DIM_INGANGSDATUM_BWT > INT_ZWA_PO.STG_DV_TEAM.DIM_INGANGSDATUM_BWT,,"""UWVM3VLAAPP0022\.A-DC\.BA\.UWV\.NL"".adim.INT_ZWA_PO.PRESTG_DV_TEAM_VW.DIM_INGANGSDATUM_BWT",,"""UWVM3VLAAPP0022\.A-DC\.BA\.UWV\.NL"".adim.INT_ZWA_PO.STG_DV_TEAM.DIM_INGANGSDATUM_BWT"
,INT_ZWA_PO.PRESTG_DV_TEAM_VW.DIM_INGANGSDATUM_BWT > INT_ZWA_PO.STG_DV_TEAM.DIM_HASHDIFF_TEAM_BWT,hashdiff,"""UWVM3VLAAPP0022\.A-DC\.BA\.UWV\.NL"".adim.INT_ZWA_PO.PRESTG_DV_TEAM_VW.DIM_INGANGSDATUM_BWT",,"""UWVM3VLAAPP0022\.A-DC\.BA\.UWV\.NL"".adim.INT_ZWA_PO.STG_DV_TEAM.DIM_HASHDIFF_TEAM_BWT"
,INT_ZWA_PO.PRESTG_DV_TEAM_VW.TEAMNUMMER > INT_ZWA_PO.STG_DV_TEAM.DIM_TEAM_H_HK,hubkey,"""UWVM3VLAAPP0022\.A-DC\.BA\.UWV\.NL"".adim.INT_ZWA_PO.PRESTG_DV_TEAM_VW.TEAMNUMMER",msl_mapping_documentation - Nr Districtskantoor || Teamnummer,"""UWVM3VLAAPP0022\.A-DC\.BA\.UWV\.NL"".adim.INT_ZWA_PO.STG_DV_TEAM.DIM_TEAM_H_HK"
,INT_ZWA_PO.PRESTG_DV_TEAM_VW.DISTRICTSKANTOOR_NR > INT_ZWA_PO.STG_DV_TEAM.DIM_TEAM_H_HK,hubkey,"""UWVM3VLAAPP0022\.A-DC\.BA\.UWV\.NL"".adim.INT_ZWA_PO.PRESTG_DV_TEAM_VW.DISTRICTSKANTOOR_NR",msl_mapping_documentation - Nr Districtskantoor || Teamnummer,"""UWVM3VLAAPP0022\.A-DC\.BA\.UWV\.NL"".adim.INT_ZWA_PO.STG_DV_TEAM.DIM_TEAM_H_HK"
,INT_ZWA_PO.PRESTG_DV_TEAM_VW.TEAMNAAM > INT_ZWA_PO.STG_DV_TEAM.DIM_HASHDIFF_TEAM,hashdiff,"""UWVM3VLAAPP0022\.A-DC\.BA\.UWV\.NL"".adim.INT_ZWA_PO.PRESTG_DV_TEAM_VW.TEAMNAAM",msl_mapping_documentation - Teamnaam || Organisatie Bron ID || Naam Districtskantoor || Sorteervolgnr || Nummer Regio || Naam Regio || Sorteer Volgorde Regio,"""UWVM3VLAAPP0022\.A-DC\.BA\.UWV\.NL"".adim.INT_ZWA_PO.STG_DV_TEAM.DIM_HASHDIFF_TEAM"
,INT_ZWA_PO.PRESTG_DV_TEAM_VW.DISTRICTSKANTOOR_NAAM > INT_ZWA_PO.STG_DV_TEAM.DIM_HASHDIFF_TEAM,hashdiff,"""UWVM3VLAAPP0022\.A-DC\.BA\.UWV\.NL"".adim.INT_ZWA_PO.PRESTG_DV_TEAM_VW.DISTRICTSKANTOOR_NAAM",msl_mapping_documentation - Teamnaam || Organisatie Bron ID || Naam Districtskantoor || Sorteervolgnr || Nummer Regio || Naam Regio || Sorteer Volgorde Regio,"""UWVM3VLAAPP0022\.A-DC\.BA\.UWV\.NL"".adim.INT_ZWA_PO.STG_DV_TEAM.DIM_HASHDIFF_TEAM"
,INT_ZWA_PO.PRESTG_DV_TEAM_VW.DISTRICTSKANTOOR_SORTEERVOLGNR > INT_ZWA_PO.STG_DV_TEAM.DIM_HASHDIFF_TEAM,hashdiff,"""UWVM3VLAAPP0022\.A-DC\.BA\.UWV\.NL"".adim.INT_ZWA_PO.PRESTG_DV_TEAM_VW.DISTRICTSKANTOOR_SORTEERVOLGNR",msl_mapping_documentation - Teamnaam || Organisatie Bron ID || Naam Districtskantoor || Sorteervolgnr || Nummer Regio || Naam Regio || Sorteer Volgorde Regio,"""UWVM3VLAAPP0022\.A-DC\.BA\.UWV\.NL"".adim.INT_ZWA_PO.STG_DV_TEAM.DIM_HASHDIFF_TEAM"
,INT_ZWA_PO.PRESTG_DV_TEAM_VW.REGIO_NR > INT_ZWA_PO.STG_DV_TEAM.DIM_HASHDIFF_TEAM,hashdiff,"""UWVM3VLAAPP0022\.A-DC\.BA\.UWV\.NL"".adim.INT_ZWA_PO.PRESTG_DV_TEAM_VW.REGIO_NR",msl_mapping_documentation - Teamnaam || Organisatie Bron ID || Naam Districtskantoor || Sorteervolgnr || Nummer Regio || Naam Regio || Sorteer Volgorde Regio,"""UWVM3VLAAPP0022\.A-DC\.BA\.UWV\.NL"".adim.INT_ZWA_PO.STG_DV_TEAM.DIM_HASHDIFF_TEAM"
,INT_ZWA_PO.PRESTG_DV_TEAM_VW.REGIO_NAAM > INT_ZWA_PO.STG_DV_TEAM.DIM_HASHDIFF_TEAM,hashdiff,"""UWVM3VLAAPP0022\.A-DC\.BA\.UWV\.NL"".adim.INT_ZWA_PO.PRESTG_DV_TEAM_VW.REGIO_NAAM",msl_mapping_documentation - Teamnaam || Organisatie Bron ID || Naam Districtskantoor || Sorteervolgnr || Nummer Regio || Naam Regio || Sorteer Volgorde Regio,"""UWVM3VLAAPP0022\.A-DC\.BA\.UWV\.NL"".adim.INT_ZWA_PO.STG_DV_TEAM.DIM_HASHDIFF_TEAM"
,INT_ZWA_PO.PRESTG_DV_TEAM_VW.REGIO_SORTEERVOLGNR > INT_ZWA_PO.STG_DV_TEAM.DIM_HASHDIFF_TEAM,hashdiff,"""UWVM3VLAAPP0022\.A-DC\.BA\.UWV\.NL"".adim.INT_ZWA_PO.PRESTG_DV_TEAM_VW.REGIO_SORTEERVOLGNR",msl_mapping_documentation - Teamnaam || Organisatie Bron ID || Naam Districtskantoor || Sorteervolgnr || Nummer Regio || Naam Regio || Sorteer Volgorde Regio,"""UWVM3VLAAPP0022\.A-DC\.BA\.UWV\.NL"".adim.INT_ZWA_PO.STG_DV_TEAM.DIM_HASHDIFF_TEAM"
,INT_ZWA_PO.PRESTG_DV_TEAM_VW.DISTRICTSKANTOOR_NR > INT_ZWA_PO.STG_DV_TEAM.DISTRICTSKANTOOR_NR,,"""UWVM3VLAAPP0022\.A-DC\.BA\.UWV\.NL"".adim.INT_ZWA_PO.PRESTG_DV_TEAM_VW.DISTRICTSKANTOOR_NR",,"""UWVM3VLAAPP0022\.A-DC\.BA\.UWV\.NL"".adim.INT_ZWA_PO.STG_DV_TEAM.DISTRICTSKANTOOR_NR"
,INT_ZWA_PO.PRESTG_DV_TEAM_VW.DISTRICTSKANTOOR_NAAM > INT_ZWA_PO.STG_DV_TEAM.DISTRICTSKANTOOR_NAAM,,"""UWVM3VLAAPP0022\.A-DC\.BA\.UWV\.NL"".adim.INT_ZWA_PO.PRESTG_DV_TEAM_VW.DISTRICTSKANTOOR_NAAM",,"""UWVM3VLAAPP0022\.A-DC\.BA\.UWV\.NL"".adim.INT_ZWA_PO.STG_DV_TEAM.DISTRICTSKANTOOR_NAAM"
,INT_ZWA_PO.PRESTG_DV_TEAM_VW.REGIO_NAAM > INT_ZWA_PO.STG_DV_TEAM.REGIO_NAAM,,"""UWVM3VLAAPP0022\.A-DC\.BA\.UWV\.NL"".adim.INT_ZWA_PO.PRESTG_DV_TEAM_VW.REGIO_NAAM",,"""UWVM3VLAAPP0022\.A-DC\.BA\.UWV\.NL"".adim.INT_ZWA_PO.STG_DV_TEAM.REGIO_NAAM"
,INT_ZWA_PO.PRESTG_DV_TEAM_VW.DISTRICTSKANTOOR_SORTEERVOLGNR > INT_ZWA_PO.STG_DV_TEAM.DISTRICTSKANTOOR_SORTEERVOLGNR,,"""UWVM3VLAAPP0022\.A-DC\.BA\.UWV\.NL"".adim.INT_ZWA_PO.PRESTG_DV_TEAM_VW.DISTRICTSKANTOOR_SORTEERVOLGNR",,"""UWVM3VLAAPP0022\.A-DC\.BA\.UWV\.NL"".adim.INT_ZWA_PO.STG_DV_TEAM.DISTRICTSKANTOOR_SORTEERVOLGNR"
,INT_ZWA_PO.PRESTG_DV_TEAM_VW.REGIO_NR > INT_ZWA_PO.STG_DV_TEAM.REGIO_NR,,"""UWVM3VLAAPP0022\.A-DC\.BA\.UWV\.NL"".adim.INT_ZWA_PO.PRESTG_DV_TEAM_VW.REGIO_NR",,"""UWVM3VLAAPP0022\.A-DC\.BA\.UWV\.NL"".adim.INT_ZWA_PO.STG_DV_TEAM.REGIO_NR"
,INT_ZWA_PO.PRESTG_DV_TEAM_VW.REGIO_SORTEERVOLGNR > INT_ZWA_PO.STG_DV_TEAM.REGIO_SORTEERVOLGNR,,"""UWVM3VLAAPP0022\.A-DC\.BA\.UWV\.NL"".adim.INT_ZWA_PO.PRESTG_DV_TEAM_VW.REGIO_SORTEERVOLGNR",,"""UWVM3VLAAPP0022\.A-DC\.BA\.UWV\.NL"".adim.INT_ZWA_PO.STG_DV_TEAM.REGIO_SORTEERVOLGNR"
,INT_ZWA_PO.PRESTG_DV_NATUURL_PERSOON_VW.BSN > INT_ZWA_PO.STG_DV_NATUURLIJKEPERSOON.BSN,,"""UWVM3VLAAPP0022\.A-DC\.BA\.UWV\.NL"".adim.INT_ZWA_PO.PRESTG_DV_NATUURL_PERSOON_VW.BSN",,"""UWVM3VLAAPP0022\.A-DC\.BA\.UWV\.NL"".adim.INT_ZWA_PO.STG_DV_NATUURLIJKEPERSOON.BSN"
,INT_ZWA_PO.PRESTG_DV_NATUURL_PERSOON_VW.STATUS_PERSOON > INT_ZWA_PO.STG_DV_NATUURLIJKEPERSOON.STATUS_PERSOON,,"""UWVM3VLAAPP0022\.A-DC\.BA\.UWV\.NL"".adim.INT_ZWA_PO.PRESTG_DV_NATUURL_PERSOON_VW.STATUS_PERSOON",,"""UWVM3VLAAPP0022\.A-DC\.BA\.UWV\.NL"".adim.INT_ZWA_PO.STG_DV_NATUURLIJKEPERSOON.STATUS_PERSOON"
,INT_ZWA_PO.PRESTG_DV_NATUURL_PERSOON_VW.GEBOORTEDATUM > INT_ZWA_PO.STG_DV_NATUURLIJKEPERSOON.GEBOORTEDATUM,,"""UWVM3VLAAPP0022\.A-DC\.BA\.UWV\.NL"".adim.INT_ZWA_PO.PRESTG_DV_NATUURL_PERSOON_VW.GEBOORTEDATUM",,"""UWVM3VLAAPP0022\.A-DC\.BA\.UWV\.NL"".adim.INT_ZWA_PO.STG_DV_NATUURLIJKEPERSOON.GEBOORTEDATUM"
,INT_ZWA_PO.PRESTG_DV_NATUURL_PERSOON_VW.DOMICILIE_POSTCODE > INT_ZWA_PO.STG_DV_NATUURLIJKEPERSOON.DOMICILIE_POSTCODE,,"""UWVM3VLAAPP0022\.A-DC\.BA\.UWV\.NL"".adim.INT_ZWA_PO.PRESTG_DV_NATUURL_PERSOON_VW.DOMICILIE_POSTCODE",,"""UWVM3VLAAPP0022\.A-DC\.BA\.UWV\.NL"".adim.INT_ZWA_PO.STG_DV_NATUURLIJKEPERSOON.DOMICILIE_POSTCODE"
,INT_ZWA_PO.PRESTG_DV_NATUURL_PERSOON_VW.VERPLEEG_ADRES_POSTCODE > INT_ZWA_PO.STG_DV_NATUURLIJKEPERSOON.VERPLEEG_ADRES_POSTCODE,,"""UWVM3VLAAPP0022\.A-DC\.BA\.UWV\.NL"".adim.INT_ZWA_PO.PRESTG_DV_NATUURL_PERSOON_VW.VERPLEEG_ADRES_POSTCODE",,"""UWVM3VLAAPP0022\.A-DC\.BA\.UWV\.NL"".adim.INT_ZWA_PO.STG_DV_NATUURLIJKEPERSOON.VERPLEEG_ADRES_POSTCODE"
,INT_ZWA_PO.PRESTG_DV_NATUURL_PERSOON_VW.VERPLEEG_ADRES_LAND_NR > INT_ZWA_PO.STG_DV_NATUURLIJKEPERSOON.VERPLEEG_ADRES_LAND_NR,,"""UWVM3VLAAPP0022\.A-DC\.BA\.UWV\.NL"".adim.INT_ZWA_PO.PRESTG_DV_NATUURL_PERSOON_VW.VERPLEEG_ADRES_LAND_NR",,"""UWVM3VLAAPP0022\.A-DC\.BA\.UWV\.NL"".adim.INT_ZWA_PO.STG_DV_NATUURLIJKEPERSOON.VERPLEEG_ADRES_LAND_NR"
,INT_ZWA_PO.PRESTG_DV_NATUURL_PERSOON_VW.VERPLEEG_INSTELLING_CODE > INT_ZWA_PO.STG_DV_NATUURLIJKEPERSOON.VERPLEEG_INSTELLING_CODE,,"""UWVM3VLAAPP0022\.A-DC\.BA\.UWV\.NL"".adim.INT_ZWA_PO.PRESTG_DV_NATUURL_PERSOON_VW.VERPLEEG_INSTELLING_CODE",,"""UWVM3VLAAPP0022\.A-DC\.BA\.UWV\.NL"".adim.INT_ZWA_PO.STG_DV_NATUURLIJKEPERSOON.VERPLEEG_INSTELLING_CODE"
,INT_ZWA_PO.PRESTG_DV_NATUURL_PERSOON_VW.BSN > INT_ZWA_PO.STG_DV_NATUURLIJKEPERSOON.DIM_NATUURLIJKEPERSOON_H_HK,hubkey,"""UWVM3VLAAPP0022\.A-DC\.BA\.UWV\.NL"".adim.INT_ZWA_PO.PRESTG_DV_NATUURL_PERSOON_VW.BSN",,"""UWVM3VLAAPP0022\.A-DC\.BA\.UWV\.NL"".adim.INT_ZWA_PO.STG_DV_NATUURLIJKEPERSOON.DIM_NATUURLIJKEPERSOON_H_HK"
,INT_ZWA_PO.PRESTG_DV_NATUURL_PERSOON_VW.DOMICILIE_POSTCODE_GEBIED > INT_ZWA_PO.STG_DV_NATUURLIJKEPERSOON.DOMICILIE_POSTCODE_GEBIED,,"""UWVM3VLAAPP0022\.A-DC\.BA\.UWV\.NL"".adim.INT_ZWA_PO.PRESTG_DV_NATUURL_PERSOON_VW.DOMICILIE_POSTCODE_GEBIED",,"""UWVM3VLAAPP0022\.A-DC\.BA\.UWV\.NL"".adim.INT_ZWA_PO.STG_DV_NATUURLIJKEPERSOON.DOMICILIE_POSTCODE_GEBIED"
,INT_ZWA_PO.PRESTG_DV_NATUURL_PERSOON_VW.VERPLEEG_ADRES_POSTCODE_GEBIED > INT_ZWA_PO.STG_DV_NATUURLIJKEPERSOON.VERPLEEG_ADRES_POSTCODE_GEBIED,,"""UWVM3VLAAPP0022\.A-DC\.BA\.UWV\.NL"".adim.INT_ZWA_PO.PRESTG_DV_NATUURL_PERSOON_VW.VERPLEEG_ADRES_POSTCODE_GEBIED",,"""UWVM3VLAAPP0022\.A-DC\.BA\.UWV\.NL"".adim.INT_ZWA_PO.STG_DV_NATUURLIJKEPERSOON.VERPLEEG_ADRES_POSTCODE_GEBIED"
,INT_ZWA_PO.PRESTG_DV_NATUURL_PERSOON_VW.VERPLEEG_ADRES_LAND > INT_ZWA_PO.STG_DV_NATUURLIJKEPERSOON.VERPLEEG_ADRES_LAND,,"""UWVM3VLAAPP0022\.A-DC\.BA\.UWV\.NL"".adim.INT_ZWA_PO.PRESTG_DV_NATUURL_PERSOON_VW.VERPLEEG_ADRES_LAND",,"""UWVM3VLAAPP0022\.A-DC\.BA\.UWV\.NL"".adim.INT_ZWA_PO.STG_DV_NATUURLIJKEPERSOON.VERPLEEG_ADRES_LAND"
,INT_ZWA_PO.PRESTG_DV_NATUURL_PERSOON_VW.VERPLEEG_INSTELLING > INT_ZWA_PO.STG_DV_NATUURLIJKEPERSOON.VERPLEEG_INSTELLING,,"""UWVM3VLAAPP0022\.A-DC\.BA\.UWV\.NL"".adim.INT_ZWA_PO.PRESTG_DV_NATUURL_PERSOON_VW.VERPLEEG_INSTELLING",,"""UWVM3VLAAPP0022\.A-DC\.BA\.UWV\.NL"".adim.INT_ZWA_PO.STG_DV_NATUURLIJKEPERSOON.VERPLEEG_INSTELLING"
,INT_ZWA_PO.PRESTG_DV_NATUURL_PERSOON_VW.STATUS_PERSOON > INT_ZWA_PO.STG_DV_NATUURLIJKEPERSOON.DIM_HASHDIFF_NATUURLIJKE_PERS,hashdiff,"""UWVM3VLAAPP0022\.A-DC\.BA\.UWV\.NL"".adim.INT_ZWA_PO.PRESTG_DV_NATUURL_PERSOON_VW.STATUS_PERSOON",,"""UWVM3VLAAPP0022\.A-DC\.BA\.UWV\.NL"".adim.INT_ZWA_PO.STG_DV_NATUURLIJKEPERSOON.DIM_HASHDIFF_NATUURLIJKE_PERS"
,INT_ZWA_PO.PRESTG_DV_NATUURL_PERSOON_VW.GEBOORTEDATUM > INT_ZWA_PO.STG_DV_NATUURLIJKEPERSOON.DIM_HASHDIFF_NATUURLIJKE_PERS,hashdiff,"""UWVM3VLAAPP0022\.A-DC\.BA\.UWV\.NL"".adim.INT_ZWA_PO.PRESTG_DV_NATUURL_PERSOON_VW.GEBOORTEDATUM",,"""UWVM3VLAAPP0022\.A-DC\.BA\.UWV\.NL"".adim.INT_ZWA_PO.STG_DV_NATUURLIJKEPERSOON.DIM_HASHDIFF_NATUURLIJKE_PERS"
,INT_ZWA_PO.PRESTG_DV_NATUURL_PERSOON_VW.DOMICILIE_POSTCODE > INT_ZWA_PO.STG_DV_NATUURLIJKEPERSOON.DIM_HASHDIFF_NATUURLIJKE_PERS,hashdiff,"""UWVM3VLAAPP0022\.A-DC\.BA\.UWV\.NL"".adim.INT_ZWA_PO.PRESTG_DV_NATUURL_PERSOON_VW.DOMICILIE_POSTCODE",,"""UWVM3VLAAPP0022\.A-DC\.BA\.UWV\.NL"".adim.INT_ZWA_PO.STG_DV_NATUURLIJKEPERSOON.DIM_HASHDIFF_NATUURLIJKE_PERS"
,INT_ZWA_PO.PRESTG_DV_NATUURL_PERSOON_VW.DOMICILIE_POSTCODE_GEBIED > INT_ZWA_PO.STG_DV_NATUURLIJKEPERSOON.DIM_HASHDIFF_NATUURLIJKE_PERS,hashdiff,"""UWVM3VLAAPP0022\.A-DC\.BA\.UWV\.NL"".adim.INT_ZWA_PO.PRESTG_DV_NATUURL_PERSOON_VW.DOMICILIE_POSTCODE_GEBIED",,"""UWVM3VLAAPP0022\.A-DC\.BA\.UWV\.NL"".adim.INT_ZWA_PO.STG_DV_NATUURLIJKEPERSOON.DIM_HASHDIFF_NATUURLIJKE_PERS"
,INT_ZWA_PO.PRESTG_DV_NATUURL_PERSOON_VW.VERPLEEG_ADRES_POSTCODE > INT_ZWA_PO.STG_DV_NATUURLIJKEPERSOON.DIM_HASHDIFF_NATUURLIJKE_PERS,hashdiff,"""UWVM3VLAAPP0022\.A-DC\.BA\.UWV\.NL"".adim.INT_ZWA_PO.PRESTG_DV_NATUURL_PERSOON_VW.VERPLEEG_ADRES_POSTCODE",,"""UWVM3VLAAPP0022\.A-DC\.BA\.UWV\.NL"".adim.INT_ZWA_PO.STG_DV_NATUURLIJKEPERSOON.DIM_HASHDIFF_NATUURLIJKE_PERS"
,INT_ZWA_PO.PRESTG_DV_NATUURL_PERSOON_VW.VERPLEEG_ADRES_POSTCODE_GEBIED > INT_ZWA_PO.STG_DV_NATUURLIJKEPERSOON.DIM_HASHDIFF_NATUURLIJKE_PERS,hashdiff,"""UWVM3VLAAPP0022\.A-DC\.BA\.UWV\.NL"".adim.INT_ZWA_PO.PRESTG_DV_NATUURL_PERSOON_VW.VERPLEEG_ADRES_POSTCODE_GEBIED",,"""UWVM3VLAAPP0022\.A-DC\.BA\.UWV\.NL"".adim.INT_ZWA_PO.STG_DV_NATUURLIJKEPERSOON.DIM_HASHDIFF_NATUURLIJKE_PERS"
,INT_ZWA_PO.PRESTG_DV_NATUURL_PERSOON_VW.VERPLEEG_ADRES_LAND_NR > INT_ZWA_PO.STG_DV_NATUURLIJKEPERSOON.DIM_HASHDIFF_NATUURLIJKE_PERS,hashdiff,"""UWVM3VLAAPP0022\.A-DC\.BA\.UWV\.NL"".adim.INT_ZWA_PO.PRESTG_DV_NATUURL_PERSOON_VW.VERPLEEG_ADRES_LAND_NR",,"""UWVM3VLAAPP0022\.A-DC\.BA\.UWV\.NL"".adim.INT_ZWA_PO.STG_DV_NATUURLIJKEPERSOON.DIM_HASHDIFF_NATUURLIJKE_PERS"
,INT_ZWA_PO.PRESTG_DV_NATUURL_PERSOON_VW.VERPLEEG_ADRES_LAND > INT_ZWA_PO.STG_DV_NATUURLIJKEPERSOON.DIM_HASHDIFF_NATUURLIJKE_PERS,hashdiff,"""UWVM3VLAAPP0022\.A-DC\.BA\.UWV\.NL"".adim.INT_ZWA_PO.PRESTG_DV_NATUURL_PERSOON_VW.VERPLEEG_ADRES_LAND",,"""UWVM3VLAAPP0022\.A-DC\.BA\.UWV\.NL"".adim.INT_ZWA_PO.STG_DV_NATUURLIJKEPERSOON.DIM_HASHDIFF_NATUURLIJKE_PERS"
,INT_ZWA_PO.PRESTG_DV_NATUURL_PERSOON_VW.VERPLEEG_INSTELLING_CODE > INT_ZWA_PO.STG_DV_NATUURLIJKEPERSOON.DIM_HASHDIFF_NATUURLIJKE_PERS,hashdiff,"""UWVM3VLAAPP0022\.A-DC\.BA\.UWV\.NL"".adim.INT_ZWA_PO.PRESTG_DV_NATUURL_PERSOON_VW.VERPLEEG_INSTELLING_CODE",,"""UWVM3VLAAPP0022\.A-DC\.BA\.UWV\.NL"".adim.INT_ZWA_PO.STG_DV_NATUURLIJKEPERSOON.DIM_HASHDIFF_NATUURLIJKE_PERS"
,INT_ZWA_PO.PRESTG_DV_NATUURL_PERSOON_VW.VERPLEEG_INSTELLING > INT_ZWA_PO.STG_DV_NATUURLIJKEPERSOON.DIM_HASHDIFF_NATUURLIJKE_PERS,hashdiff,"""UWVM3VLAAPP0022\.A-DC\.BA\.UWV\.NL"".adim.INT_ZWA_PO.PRESTG_DV_NATUURL_PERSOON_VW.VERPLEEG_INSTELLING",,"""UWVM3VLAAPP0022\.A-DC\.BA\.UWV\.NL"".adim.INT_ZWA_PO.STG_DV_NATUURLIJKEPERSOON.DIM_HASHDIFF_NATUURLIJKE_PERS"
,INT_ZWA_PO.PRESTG_DV_ZAAK_VW.BSN > INT_ZWA_PO.STG_DV_ZAAK.BSN,,"""UWVM3VLAAPP0022\.A-DC\.BA\.UWV\.NL"".adim.INT_ZWA_PO.PRESTG_DV_ZAAK_VW.BSN",,"""UWVM3VLAAPP0022\.A-DC\.BA\.UWV\.NL"".adim.INT_ZWA_PO.STG_DV_ZAAK.BSN"
,INT_ZWA_PO.PRESTG_DV_ZAAK_VW.AANSLUITINGSNR > INT_ZWA_PO.STG_DV_ZAAK.AANSLUITINGSNR,,"""UWVM3VLAAPP0022\.A-DC\.BA\.UWV\.NL"".adim.INT_ZWA_PO.PRESTG_DV_ZAAK_VW.AANSLUITINGSNR",,"""UWVM3VLAAPP0022\.A-DC\.BA\.UWV\.NL"".adim.INT_ZWA_PO.STG_DV_ZAAK.AANSLUITINGSNR"
,INT_ZWA_PO.PRESTG_DV_ZAAK_VW.CONTRACTCODE > INT_ZWA_PO.STG_DV_ZAAK.CONTRACTCODE,,"""UWVM3VLAAPP0022\.A-DC\.BA\.UWV\.NL"".adim.INT_ZWA_PO.PRESTG_DV_ZAAK_VW.CONTRACTCODE",,"""UWVM3VLAAPP0022\.A-DC\.BA\.UWV\.NL"".adim.INT_ZWA_PO.STG_DV_ZAAK.CONTRACTCODE"
,INT_ZWA_PO.PRESTG_DV_ZAAK_VW.BUITENLANDSE_INSTELLINGSNR > INT_ZWA_PO.STG_DV_ZAAK.BUITENLANDSE_INSTELLINGSNR,,"""UWVM3VLAAPP0022\.A-DC\.BA\.UWV\.NL"".adim.INT_ZWA_PO.PRESTG_DV_ZAAK_VW.BUITENLANDSE_INSTELLINGSNR",,"""UWVM3VLAAPP0022\.A-DC\.BA\.UWV\.NL"".adim.INT_ZWA_PO.STG_DV_ZAAK.BUITENLANDSE_INSTELLINGSNR"
,INT_ZWA_PO.PRESTG_DV_ZAAK_VW.DATUM_BOEKING_DIENSTVERBAND > INT_ZWA_PO.STG_DV_ZAAK.DATUM_BOEKING_DIENSTVERBAND,,"""UWVM3VLAAPP0022\.A-DC\.BA\.UWV\.NL"".adim.INT_ZWA_PO.PRESTG_DV_ZAAK_VW.DATUM_BOEKING_DIENSTVERBAND",,"""UWVM3VLAAPP0022\.A-DC\.BA\.UWV\.NL"".adim.INT_ZWA_PO.STG_DV_ZAAK.DATUM_BOEKING_DIENSTVERBAND"
,INT_ZWA_PO.PRESTG_DV_ZAAK_VW.BEGINDATUM_AO > INT_ZWA_PO.STG_DV_ZAAK.BEGINDATUM_AO,,"""UWVM3VLAAPP0022\.A-DC\.BA\.UWV\.NL"".adim.INT_ZWA_PO.PRESTG_DV_ZAAK_VW.BEGINDATUM_AO",,"""UWVM3VLAAPP0022\.A-DC\.BA\.UWV\.NL"".adim.INT_ZWA_PO.STG_DV_ZAAK.BEGINDATUM_AO"
,INT_ZWA_PO.PRESTG_DV_ZAAK_VW.UZS_AANVRAAGID > INT_ZWA_PO.STG_DV_ZAAK.UZS_AANVRAAGID,,"""UWVM3VLAAPP0022\.A-DC\.BA\.UWV\.NL"".adim.INT_ZWA_PO.PRESTG_DV_ZAAK_VW.UZS_AANVRAAGID",,"""UWVM3VLAAPP0022\.A-DC\.BA\.UWV\.NL"".adim.INT_ZWA_PO.STG_DV_ZAAK.UZS_AANVRAAGID"
,INT_ZWA_PO.PRESTG_DV_ZAAK_VW.UZS_GEVALSVOLGNR > INT_ZWA_PO.STG_DV_ZAAK.UZS_GEVALSVOLGNR,,"""UWVM3VLAAPP0022\.A-DC\.BA\.UWV\.NL"".adim.INT_ZWA_PO.PRESTG_DV_ZAAK_VW.UZS_GEVALSVOLGNR",,"""UWVM3VLAAPP0022\.A-DC\.BA\.UWV\.NL"".adim.INT_ZWA_PO.STG_DV_ZAAK.UZS_GEVALSVOLGNR"
,INT_ZWA_PO.PRESTG_DV_ZAAK_VW.DATUM_ONTVANGST_AO_MELDING > INT_ZWA_PO.STG_DV_ZAAK.DATUM_ONTVANGST_AO_MELDING,,"""UWVM3VLAAPP0022\.A-DC\.BA\.UWV\.NL"".adim.INT_ZWA_PO.PRESTG_DV_ZAAK_VW.DATUM_ONTVANGST_AO_MELDING",,"""UWVM3VLAAPP0022\.A-DC\.BA\.UWV\.NL"".adim.INT_ZWA_PO.STG_DV_ZAAK.DATUM_ONTVANGST_AO_MELDING"
,INT_ZWA_PO.PRESTG_DV_ZAAK_VW.DATUM_BOEKING_AO > INT_ZWA_PO.STG_DV_ZAAK.DATUM_BOEKING_AO,,"""UWVM3VLAAPP0022\.A-DC\.BA\.UWV\.NL"".adim.INT_ZWA_PO.PRESTG_DV_ZAAK_VW.DATUM_BOEKING_AO",,"""UWVM3VLAAPP0022\.A-DC\.BA\.UWV\.NL"".adim.INT_ZWA_PO.STG_DV_ZAAK.DATUM_BOEKING_AO"
,INT_ZWA_PO.PRESTG_DV_ZAAK_VW.EERSTE_OF_TWEEDE_LIJN > INT_ZWA_PO.STG_DV_ZAAK.EERSTE_OF_TWEEDE_LIJN,,"""UWVM3VLAAPP0022\.A-DC\.BA\.UWV\.NL"".adim.INT_ZWA_PO.PRESTG_DV_ZAAK_VW.EERSTE_OF_TWEEDE_LIJN",,"""UWVM3VLAAPP0022\.A-DC\.BA\.UWV\.NL"".adim.INT_ZWA_PO.STG_DV_ZAAK.EERSTE_OF_TWEEDE_LIJN"
,INT_ZWA_PO.PRESTG_DV_ZAAK_VW.DATUM_OVERDRACHT_CK > INT_ZWA_PO.STG_DV_ZAAK.DATUM_OVERDRACHT_CK,,"""UWVM3VLAAPP0022\.A-DC\.BA\.UWV\.NL"".adim.INT_ZWA_PO.PRESTG_DV_ZAAK_VW.DATUM_OVERDRACHT_CK",,"""UWVM3VLAAPP0022\.A-DC\.BA\.UWV\.NL"".adim.INT_ZWA_PO.STG_DV_ZAAK.DATUM_OVERDRACHT_CK"
,INT_ZWA_PO.PRESTG_DV_ZAAK_VW.DATUM_ZIEKMELD_DOOR_VERZEKERDE > INT_ZWA_PO.STG_DV_ZAAK.DATUM_ZIEKMELD_DOOR_VERZEKERDE,,"""UWVM3VLAAPP0022\.A-DC\.BA\.UWV\.NL"".adim.INT_ZWA_PO.PRESTG_DV_ZAAK_VW.DATUM_ZIEKMELD_DOOR_VERZEKERDE",,"""UWVM3VLAAPP0022\.A-DC\.BA\.UWV\.NL"".adim.INT_ZWA_PO.STG_DV_ZAAK.DATUM_ZIEKMELD_DOOR_VERZEKERDE"
,INT_ZWA_PO.PRESTG_DV_ZAAK_VW.EERSTE_CONTACTMOMENT > INT_ZWA_PO.STG_DV_ZAAK.EERSTE_CONTACTMOMENT,,"""UWVM3VLAAPP0022\.A-DC\.BA\.UWV\.NL"".adim.INT_ZWA_PO.PRESTG_DV_ZAAK_VW.EERSTE_CONTACTMOMENT",,"""UWVM3VLAAPP0022\.A-DC\.BA\.UWV\.NL"".adim.INT_ZWA_PO.STG_DV_ZAAK.EERSTE_CONTACTMOMENT"
,INT_ZWA_PO.PRESTG_DV_ZAAK_VW.DATUM_PLAUSIBEL > INT_ZWA_PO.STG_DV_ZAAK.DATUM_PLAUSIBEL,,"""UWVM3VLAAPP0022\.A-DC\.BA\.UWV\.NL"".adim.INT_ZWA_PO.PRESTG_DV_ZAAK_VW.DATUM_PLAUSIBEL",,"""UWVM3VLAAPP0022\.A-DC\.BA\.UWV\.NL"".adim.INT_ZWA_PO.STG_DV_ZAAK.DATUM_PLAUSIBEL"
,INT_ZWA_PO.PRESTG_DV_ZAAK_VW.INDICATIE_PLAUSIBEL > INT_ZWA_PO.STG_DV_ZAAK.INDICATIE_PLAUSIBEL,,"""UWVM3VLAAPP0022\.A-DC\.BA\.UWV\.NL"".adim.INT_ZWA_PO.PRESTG_DV_ZAAK_VW.INDICATIE_PLAUSIBEL",,"""UWVM3VLAAPP0022\.A-DC\.BA\.UWV\.NL"".adim.INT_ZWA_PO.STG_DV_ZAAK.INDICATIE_PLAUSIBEL"
,INT_ZWA_PO.PRESTG_DV_ZAAK_VW.MAXIMUM_DATUM_ZIEKTEWET > INT_ZWA_PO.STG_DV_ZAAK.MAXIMUM_DATUM_ZIEKTEWET,,"""UWVM3VLAAPP0022\.A-DC\.BA\.UWV\.NL"".adim.INT_ZWA_PO.PRESTG_DV_ZAAK_VW.MAXIMUM_DATUM_ZIEKTEWET",,"""UWVM3VLAAPP0022\.A-DC\.BA\.UWV\.NL"".adim.INT_ZWA_PO.STG_DV_ZAAK.MAXIMUM_DATUM_ZIEKTEWET"
,INT_ZWA_PO.PRESTG_DV_ZAAK_VW.DAT_UDA_EZWB > INT_ZWA_PO.STG_DV_ZAAK.DAT_UDA_EZWB,,"""UWVM3VLAAPP0022\.A-DC\.BA\.UWV\.NL"".adim.INT_ZWA_PO.PRESTG_DV_ZAAK_VW.DAT_UDA_EZWB",,"""UWVM3VLAAPP0022\.A-DC\.BA\.UWV\.NL"".adim.INT_ZWA_PO.STG_DV_ZAAK.DAT_UDA_EZWB"
,INT_ZWA_PO.PRESTG_DV_ZAAK_VW.DAT_NUDA_EZWB > INT_ZWA_PO.STG_DV_ZAAK.DAT_NUDA_EZWB,,"""UWVM3VLAAPP0022\.A-DC\.BA\.UWV\.NL"".adim.INT_ZWA_PO.PRESTG_DV_ZAAK_VW.DAT_NUDA_EZWB",,"""UWVM3VLAAPP0022\.A-DC\.BA\.UWV\.NL"".adim.INT_ZWA_PO.STG_DV_ZAAK.DAT_NUDA_EZWB"
,INT_ZWA_PO.PRESTG_DV_ZAAK_VW.DATUM_ONTVANGST_HERSTELDMELDING > INT_ZWA_PO.STG_DV_ZAAK.DATUM_ONTVANGST_HERSTELDMELDING,,"""UWVM3VLAAPP0022\.A-DC\.BA\.UWV\.NL"".adim.INT_ZWA_PO.PRESTG_DV_ZAAK_VW.DATUM_ONTVANGST_HERSTELDMELDING",,"""UWVM3VLAAPP0022\.A-DC\.BA\.UWV\.NL"".adim.INT_ZWA_PO.STG_DV_ZAAK.DATUM_ONTVANGST_HERSTELDMELDING"
,INT_ZWA_PO.PRESTG_DV_ZAAK_VW.DATUM_BOEKING_HERSTELDMELDING > INT_ZWA_PO.STG_DV_ZAAK.DATUM_BOEKING_HERSTELDMELDING,,"""UWVM3VLAAPP0022\.A-DC\.BA\.UWV\.NL"".adim.INT_ZWA_PO.PRESTG_DV_ZAAK_VW.DATUM_BOEKING_HERSTELDMELDING",,"""UWVM3VLAAPP0022\.A-DC\.BA\.UWV\.NL"".adim.INT_ZWA_PO.STG_DV_ZAAK.DATUM_BOEKING_HERSTELDMELDING"
,INT_ZWA_PO.PRESTG_DV_ZAAK_VW.EINDDATUM_AO > INT_ZWA_PO.STG_DV_ZAAK.EINDDATUM_AO,,"""UWVM3VLAAPP0022\.A-DC\.BA\.UWV\.NL"".adim.INT_ZWA_PO.PRESTG_DV_ZAAK_VW.EINDDATUM_AO",,"""UWVM3VLAAPP0022\.A-DC\.BA\.UWV\.NL"".adim.INT_ZWA_PO.STG_DV_ZAAK.EINDDATUM_AO"
,INT_ZWA_PO.PRESTG_DV_ZAAK_VW.CODE_VANGNETCATEGORIE_IMF > INT_ZWA_PO.STG_DV_ZAAK.CODE_VANGNETCATEGORIE_IMF,,"""UWVM3VLAAPP0022\.A-DC\.BA\.UWV\.NL"".adim.INT_ZWA_PO.PRESTG_DV_ZAAK_VW.CODE_VANGNETCATEGORIE_IMF",,"""UWVM3VLAAPP0022\.A-DC\.BA\.UWV\.NL"".adim.INT_ZWA_PO.STG_DV_ZAAK.CODE_VANGNETCATEGORIE_IMF"
,INT_ZWA_PO.PRESTG_DV_ZAAK_VW.VANGNETCATEGORIE_IMF > INT_ZWA_PO.STG_DV_ZAAK.VANGNETCATEGORIE_IMF,,"""UWVM3VLAAPP0022\.A-DC\.BA\.UWV\.NL"".adim.INT_ZWA_PO.PRESTG_DV_ZAAK_VW.VANGNETCATEGORIE_IMF",,"""UWVM3VLAAPP0022\.A-DC\.BA\.UWV\.NL"".adim.INT_ZWA_PO.STG_DV_ZAAK.VANGNETCATEGORIE_IMF"
,INT_ZWA_PO.PRESTG_DV_ZAAK_VW.CODE_VANGNETCATEGORIE_BB > INT_ZWA_PO.STG_DV_ZAAK.CODE_VANGNETCATEGORIE_BB,,"""UWVM3VLAAPP0022\.A-DC\.BA\.UWV\.NL"".adim.INT_ZWA_PO.PRESTG_DV_ZAAK_VW.CODE_VANGNETCATEGORIE_BB",,"""UWVM3VLAAPP0022\.A-DC\.BA\.UWV\.NL"".adim.INT_ZWA_PO.STG_DV_ZAAK.CODE_VANGNETCATEGORIE_BB"
,INT_ZWA_PO.PRESTG_DV_ZAAK_VW.VANGNETCATEGORIE_BB > INT_ZWA_PO.STG_DV_ZAAK.VANGNETCATEGORIE_BB,,"""UWVM3VLAAPP0022\.A-DC\.BA\.UWV\.NL"".adim.INT_ZWA_PO.PRESTG_DV_ZAAK_VW.VANGNETCATEGORIE_BB",,"""UWVM3VLAAPP0022\.A-DC\.BA\.UWV\.NL"".adim.INT_ZWA_PO.STG_DV_ZAAK.VANGNETCATEGORIE_BB"
,INT_ZWA_PO.PRESTG_DV_ZAAK_VW.CODE_VANGNETCATEGORIE_SZW > INT_ZWA_PO.STG_DV_ZAAK.CODE_VANGNETCATEGORIE_SZW,,"""UWVM3VLAAPP0022\.A-DC\.BA\.UWV\.NL"".adim.INT_ZWA_PO.PRESTG_DV_ZAAK_VW.CODE_VANGNETCATEGORIE_SZW",,"""UWVM3VLAAPP0022\.A-DC\.BA\.UWV\.NL"".adim.INT_ZWA_PO.STG_DV_ZAAK.CODE_VANGNETCATEGORIE_SZW"
,INT_ZWA_PO.PRESTG_DV_ZAAK_VW.VANGNETCATEGORIE_SZW > INT_ZWA_PO.STG_DV_ZAAK.VANGNETCATEGORIE_SZW,,"""UWVM3VLAAPP0022\.A-DC\.BA\.UWV\.NL"".adim.INT_ZWA_PO.PRESTG_DV_ZAAK_VW.VANGNETCATEGORIE_SZW",,"""UWVM3VLAAPP0022\.A-DC\.BA\.UWV\.NL"".adim.INT_ZWA_PO.STG_DV_ZAAK.VANGNETCATEGORIE_SZW"
,INT_ZWA_PO.PRESTG_DV_ZAAK_VW.CODE_AG_TRAJECT > INT_ZWA_PO.STG_DV_ZAAK.CODE_AG_TRAJECT,,"""UWVM3VLAAPP0022\.A-DC\.BA\.UWV\.NL"".adim.INT_ZWA_PO.PRESTG_DV_ZAAK_VW.CODE_AG_TRAJECT",,"""UWVM3VLAAPP0022\.A-DC\.BA\.UWV\.NL"".adim.INT_ZWA_PO.STG_DV_ZAAK.CODE_AG_TRAJECT"
,INT_ZWA_PO.PRESTG_DV_ZAAK_VW.AG_TRAJECT > INT_ZWA_PO.STG_DV_ZAAK.AG_TRAJECT,,"""UWVM3VLAAPP0022\.A-DC\.BA\.UWV\.NL"".adim.INT_ZWA_PO.PRESTG_DV_ZAAK_VW.AG_TRAJECT",,"""UWVM3VLAAPP0022\.A-DC\.BA\.UWV\.NL"".adim.INT_ZWA_PO.STG_DV_ZAAK.AG_TRAJECT"
,INT_ZWA_PO.PRESTG_DV_ZAAK_VW.CODE_BRON_HERSTELDMELDING > INT_ZWA_PO.STG_DV_ZAAK.CODE_BRON_HERSTELDMELDING,,"""UWVM3VLAAPP0022\.A-DC\.BA\.UWV\.NL"".adim.INT_ZWA_PO.PRESTG_DV_ZAAK_VW.CODE_BRON_HERSTELDMELDING",,"""UWVM3VLAAPP0022\.A-DC\.BA\.UWV\.NL"".adim.INT_ZWA_PO.STG_DV_ZAAK.CODE_BRON_HERSTELDMELDING"
,INT_ZWA_PO.PRESTG_DV_ZAAK_VW.BRON_HERSTELDMELDING > INT_ZWA_PO.STG_DV_ZAAK.BRON_HERSTELDMELDING,,"""UWVM3VLAAPP0022\.A-DC\.BA\.UWV\.NL"".adim.INT_ZWA_PO.PRESTG_DV_ZAAK_VW.BRON_HERSTELDMELDING",,"""UWVM3VLAAPP0022\.A-DC\.BA\.UWV\.NL"".adim.INT_ZWA_PO.STG_DV_ZAAK.BRON_HERSTELDMELDING"
,INT_ZWA_PO.PRESTG_DV_ZAAK_VW.CODE_UITSTROOMOORZAAK > INT_ZWA_PO.STG_DV_ZAAK.CODE_UITSTROOMOORZAAK,,"""UWVM3VLAAPP0022\.A-DC\.BA\.UWV\.NL"".adim.INT_ZWA_PO.PRESTG_DV_ZAAK_VW.CODE_UITSTROOMOORZAAK",,"""UWVM3VLAAPP0022\.A-DC\.BA\.UWV\.NL"".adim.INT_ZWA_PO.STG_DV_ZAAK.CODE_UITSTROOMOORZAAK"
,INT_ZWA_PO.PRESTG_DV_ZAAK_VW.UITSTROOMOORZAAK > INT_ZWA_PO.STG_DV_ZAAK.UITSTROOMOORZAAK,,"""UWVM3VLAAPP0022\.A-DC\.BA\.UWV\.NL"".adim.INT_ZWA_PO.PRESTG_DV_ZAAK_VW.UITSTROOMOORZAAK",,"""UWVM3VLAAPP0022\.A-DC\.BA\.UWV\.NL"".adim.INT_ZWA_PO.STG_DV_ZAAK.UITSTROOMOORZAAK"
,INT_ZWA_PO.PRESTG_DV_ZAAK_VW.CODE_REDEN_EINDE_RECHT > INT_ZWA_PO.STG_DV_ZAAK.CODE_REDEN_EINDE_RECHT,,"""UWVM3VLAAPP0022\.A-DC\.BA\.UWV\.NL"".adim.INT_ZWA_PO.PRESTG_DV_ZAAK_VW.CODE_REDEN_EINDE_RECHT",,"""UWVM3VLAAPP0022\.A-DC\.BA\.UWV\.NL"".adim.INT_ZWA_PO.STG_DV_ZAAK.CODE_REDEN_EINDE_RECHT"
,INT_ZWA_PO.PRESTG_DV_ZAAK_VW.REDEN_EINDE_RECHT > INT_ZWA_PO.STG_DV_ZAAK.REDEN_EINDE_RECHT,,"""UWVM3VLAAPP0022\.A-DC\.BA\.UWV\.NL"".adim.INT_ZWA_PO.PRESTG_DV_ZAAK_VW.REDEN_EINDE_RECHT",,"""UWVM3VLAAPP0022\.A-DC\.BA\.UWV\.NL"".adim.INT_ZWA_PO.STG_DV_ZAAK.REDEN_EINDE_RECHT"
,INT_ZWA_PO.PRESTG_DV_ZAAK_VW.IND_EIGENRISICODRAGER > INT_ZWA_PO.STG_DV_ZAAK.IND_EIGENRISICODRAGER,,"""UWVM3VLAAPP0022\.A-DC\.BA\.UWV\.NL"".adim.INT_ZWA_PO.PRESTG_DV_ZAAK_VW.IND_EIGENRISICODRAGER",,"""UWVM3VLAAPP0022\.A-DC\.BA\.UWV\.NL"".adim.INT_ZWA_PO.STG_DV_ZAAK.IND_EIGENRISICODRAGER"
,INT_ZWA_PO.PRESTG_DV_ZAAK_VW.IND_SLAPEND > INT_ZWA_PO.STG_DV_ZAAK.IND_SLAPEND,,"""UWVM3VLAAPP0022\.A-DC\.BA\.UWV\.NL"".adim.INT_ZWA_PO.PRESTG_DV_ZAAK_VW.IND_SLAPEND",,"""UWVM3VLAAPP0022\.A-DC\.BA\.UWV\.NL"".adim.INT_ZWA_PO.STG_DV_ZAAK.IND_SLAPEND"
,INT_ZWA_PO.PRESTG_DV_ZAAK_VW.IND_SLAPEND > INT_ZWA_PO.STG_DV_ZAAK.IND_GDBM,,"""UWVM3VLAAPP0022\.A-DC\.BA\.UWV\.NL"".adim.INT_ZWA_PO.PRESTG_DV_ZAAK_VW.IND_SLAPEND",,"""UWVM3VLAAPP0022\.A-DC\.BA\.UWV\.NL"".adim.INT_ZWA_PO.STG_DV_ZAAK.IND_GDBM"
,INT_ZWA_PO.PRESTG_DV_ZAAK_VW.DIM_INGANGSDATUM_BWT > INT_ZWA_PO.STG_DV_ZAAK.DIM_INGANGSDATUM_BWT,,"""UWVM3VLAAPP0022\.A-DC\.BA\.UWV\.NL"".adim.INT_ZWA_PO.PRESTG_DV_ZAAK_VW.DIM_INGANGSDATUM_BWT",,"""UWVM3VLAAPP0022\.A-DC\.BA\.UWV\.NL"".adim.INT_ZWA_PO.STG_DV_ZAAK.DIM_INGANGSDATUM_BWT"
,INT_ZWA_PO.PRESTG_DV_ZAAK_VW.TEAMNUMMER > INT_ZWA_PO.STG_DV_ZAAK.TEAMNUMMER,,"""UWVM3VLAAPP0022\.A-DC\.BA\.UWV\.NL"".adim.INT_ZWA_PO.PRESTG_DV_ZAAK_VW.TEAMNUMMER",,"""UWVM3VLAAPP0022\.A-DC\.BA\.UWV\.NL"".adim.INT_ZWA_PO.STG_DV_ZAAK.TEAMNUMMER"
,INT_ZWA_PO.PRESTG_DV_ZAAK_VW.DISTRICTSKANTOOR_NR > INT_ZWA_PO.STG_DV_ZAAK.DISTRICTSKANTOOR_NR,,"""UWVM3VLAAPP0022\.A-DC\.BA\.UWV\.NL"".adim.INT_ZWA_PO.PRESTG_DV_ZAAK_VW.DISTRICTSKANTOOR_NR",,"""UWVM3VLAAPP0022\.A-DC\.BA\.UWV\.NL"".adim.INT_ZWA_PO.STG_DV_ZAAK.DISTRICTSKANTOOR_NR"
,INT_ZWA_PO.PRESTG_DV_ZAAK_VW.DIM_DUMMY > INT_ZWA_PO.STG_DV_ZAAK.DIM_DUMMY,,"""UWVM3VLAAPP0022\.A-DC\.BA\.UWV\.NL"".adim.INT_ZWA_PO.PRESTG_DV_ZAAK_VW.DIM_DUMMY",,"""UWVM3VLAAPP0022\.A-DC\.BA\.UWV\.NL"".adim.INT_ZWA_PO.STG_DV_ZAAK.DIM_DUMMY"
,INT_ZWA_PO.PRESTG_DV_ZAAK_VW.BSN > INT_ZWA_PO.STG_DV_ZAAK.DIM_ZAAK_H_HK,hubkey,"""UWVM3VLAAPP0022\.A-DC\.BA\.UWV\.NL"".adim.INT_ZWA_PO.PRESTG_DV_ZAAK_VW.BSN",,"""UWVM3VLAAPP0022\.A-DC\.BA\.UWV\.NL"".adim.INT_ZWA_PO.STG_DV_ZAAK.DIM_ZAAK_H_HK"
,INT_ZWA_PO.PRESTG_DV_ZAAK_VW.AANSLUITINGSNR > INT_ZWA_PO.STG_DV_ZAAK.DIM_ZAAK_H_HK,hubkey,"""UWVM3VLAAPP0022\.A-DC\.BA\.UWV\.NL"".adim.INT_ZWA_PO.PRESTG_DV_ZAAK_VW.AANSLUITINGSNR",,"""UWVM3VLAAPP0022\.A-DC\.BA\.UWV\.NL"".adim.INT_ZWA_PO.STG_DV_ZAAK.DIM_ZAAK_H_HK"
,INT_ZWA_PO.PRESTG_DV_ZAAK_VW.CONTRACTCODE > INT_ZWA_PO.STG_DV_ZAAK.DIM_ZAAK_H_HK,hubkey,"""UWVM3VLAAPP0022\.A-DC\.BA\.UWV\.NL"".adim.INT_ZWA_PO.PRESTG_DV_ZAAK_VW.CONTRACTCODE",,"""UWVM3VLAAPP0022\.A-DC\.BA\.UWV\.NL"".adim.INT_ZWA_PO.STG_DV_ZAAK.DIM_ZAAK_H_HK"
,INT_ZWA_PO.PRESTG_DV_ZAAK_VW.BUITENLANDSE_INSTELLINGSNR > INT_ZWA_PO.STG_DV_ZAAK.DIM_ZAAK_H_HK,hubkey,"""UWVM3VLAAPP0022\.A-DC\.BA\.UWV\.NL"".adim.INT_ZWA_PO.PRESTG_DV_ZAAK_VW.BUITENLANDSE_INSTELLINGSNR",,"""UWVM3VLAAPP0022\.A-DC\.BA\.UWV\.NL"".adim.INT_ZWA_PO.STG_DV_ZAAK.DIM_ZAAK_H_HK"
,INT_ZWA_PO.PRESTG_DV_ZAAK_VW.DATUM_BOEKING_DIENSTVERBAND > INT_ZWA_PO.STG_DV_ZAAK.DIM_ZAAK_H_HK,hubkey,"""UWVM3VLAAPP0022\.A-DC\.BA\.UWV\.NL"".adim.INT_ZWA_PO.PRESTG_DV_ZAAK_VW.DATUM_BOEKING_DIENSTVERBAND",,"""UWVM3VLAAPP0022\.A-DC\.BA\.UWV\.NL"".adim.INT_ZWA_PO.STG_DV_ZAAK.DIM_ZAAK_H_HK"
,INT_ZWA_PO.PRESTG_DV_ZAAK_VW.BEGINDATUM_AO > INT_ZWA_PO.STG_DV_ZAAK.DIM_ZAAK_H_HK,hubkey,"""UWVM3VLAAPP0022\.A-DC\.BA\.UWV\.NL"".adim.INT_ZWA_PO.PRESTG_DV_ZAAK_VW.BEGINDATUM_AO",,"""UWVM3VLAAPP0022\.A-DC\.BA\.UWV\.NL"".adim.INT_ZWA_PO.STG_DV_ZAAK.DIM_ZAAK_H_HK"
,INT_ZWA_PO.PRESTG_DV_ZAAK_VW.UZS_AANVRAAGID > INT_ZWA_PO.STG_DV_ZAAK.DIM_HASHDIFF_ZAAK,hashdiff,"""UWVM3VLAAPP0022\.A-DC\.BA\.UWV\.NL"".adim.INT_ZWA_PO.PRESTG_DV_ZAAK_VW.UZS_AANVRAAGID",,"""UWVM3VLAAPP0022\.A-DC\.BA\.UWV\.NL"".adim.INT_ZWA_PO.STG_DV_ZAAK.DIM_HASHDIFF_ZAAK"
,INT_ZWA_PO.PRESTG_DV_ZAAK_VW.UZS_GEVALSVOLGNR > INT_ZWA_PO.STG_DV_ZAAK.DIM_HASHDIFF_ZAAK,hashdiff,"""UWVM3VLAAPP0022\.A-DC\.BA\.UWV\.NL"".adim.INT_ZWA_PO.PRESTG_DV_ZAAK_VW.UZS_GEVALSVOLGNR",,"""UWVM3VLAAPP0022\.A-DC\.BA\.UWV\.NL"".adim.INT_ZWA_PO.STG_DV_ZAAK.DIM_HASHDIFF_ZAAK"
,INT_ZWA_PO.PRESTG_DV_ZAAK_VW.DATUM_ONTVANGST_AO_MELDING > INT_ZWA_PO.STG_DV_ZAAK.DIM_HASHDIFF_ZAAK,hashdiff,"""UWVM3VLAAPP0022\.A-DC\.BA\.UWV\.NL"".adim.INT_ZWA_PO.PRESTG_DV_ZAAK_VW.DATUM_ONTVANGST_AO_MELDING",,"""UWVM3VLAAPP0022\.A-DC\.BA\.UWV\.NL"".adim.INT_ZWA_PO.STG_DV_ZAAK.DIM_HASHDIFF_ZAAK"
,INT_ZWA_PO.PRESTG_DV_ZAAK_VW.DATUM_BOEKING_AO > INT_ZWA_PO.STG_DV_ZAAK.DIM_HASHDIFF_ZAAK,hashdiff,"""UWVM3VLAAPP0022\.A-DC\.BA\.UWV\.NL"".adim.INT_ZWA_PO.PRESTG_DV_ZAAK_VW.DATUM_BOEKING_AO",,"""UWVM3VLAAPP0022\.A-DC\.BA\.UWV\.NL"".adim.INT_ZWA_PO.STG_DV_ZAAK.DIM_HASHDIFF_ZAAK"
,INT_ZWA_PO.PRESTG_DV_ZAAK_VW.EERSTE_OF_TWEEDE_LIJN > INT_ZWA_PO.STG_DV_ZAAK.DIM_HASHDIFF_ZAAK,hashdiff,"""UWVM3VLAAPP0022\.A-DC\.BA\.UWV\.NL"".adim.INT_ZWA_PO.PRESTG_DV_ZAAK_VW.EERSTE_OF_TWEEDE_LIJN",,"""UWVM3VLAAPP0022\.A-DC\.BA\.UWV\.NL"".adim.INT_ZWA_PO.STG_DV_ZAAK.DIM_HASHDIFF_ZAAK"
,INT_ZWA_PO.PRESTG_DV_ZAAK_VW.DATUM_OVERDRACHT_CK > INT_ZWA_PO.STG_DV_ZAAK.DIM_HASHDIFF_ZAAK,hashdiff,"""UWVM3VLAAPP0022\.A-DC\.BA\.UWV\.NL"".adim.INT_ZWA_PO.PRESTG_DV_ZAAK_VW.DATUM_OVERDRACHT_CK",,"""UWVM3VLAAPP0022\.A-DC\.BA\.UWV\.NL"".adim.INT_ZWA_PO.STG_DV_ZAAK.DIM_HASHDIFF_ZAAK"
,INT_ZWA_PO.PRESTG_DV_ZAAK_VW.DATUM_ZIEKMELD_DOOR_VERZEKERDE > INT_ZWA_PO.STG_DV_ZAAK.DIM_HASHDIFF_ZAAK,hashdiff,"""UWVM3VLAAPP0022\.A-DC\.BA\.UWV\.NL"".adim.INT_ZWA_PO.PRESTG_DV_ZAAK_VW.DATUM_ZIEKMELD_DOOR_VERZEKERDE",,"""UWVM3VLAAPP0022\.A-DC\.BA\.UWV\.NL"".adim.INT_ZWA_PO.STG_DV_ZAAK.DIM_HASHDIFF_ZAAK"
,INT_ZWA_PO.PRESTG_DV_ZAAK_VW.EERSTE_CONTACTMOMENT > INT_ZWA_PO.STG_DV_ZAAK.DIM_HASHDIFF_ZAAK,hashdiff,"""UWVM3VLAAPP0022\.A-DC\.BA\.UWV\.NL"".adim.INT_ZWA_PO.PRESTG_DV_ZAAK_VW.EERSTE_CONTACTMOMENT",,"""UWVM3VLAAPP0022\.A-DC\.BA\.UWV\.NL"".adim.INT_ZWA_PO.STG_DV_ZAAK.DIM_HASHDIFF_ZAAK"
,INT_ZWA_PO.PRESTG_DV_ZAAK_VW.DATUM_PLAUSIBEL > INT_ZWA_PO.STG_DV_ZAAK.DIM_HASHDIFF_ZAAK,hashdiff,"""UWVM3VLAAPP0022\.A-DC\.BA\.UWV\.NL"".adim.INT_ZWA_PO.PRESTG_DV_ZAAK_VW.DATUM_PLAUSIBEL",,"""UWVM3VLAAPP0022\.A-DC\.BA\.UWV\.NL"".adim.INT_ZWA_PO.STG_DV_ZAAK.DIM_HASHDIFF_ZAAK"
,INT_ZWA_PO.PRESTG_DV_ZAAK_VW.INDICATIE_PLAUSIBEL > INT_ZWA_PO.STG_DV_ZAAK.DIM_HASHDIFF_ZAAK,hashdiff,"""UWVM3VLAAPP0022\.A-DC\.BA\.UWV\.NL"".adim.INT_ZWA_PO.PRESTG_DV_ZAAK_VW.INDICATIE_PLAUSIBEL",,"""UWVM3VLAAPP0022\.A-DC\.BA\.UWV\.NL"".adim.INT_ZWA_PO.STG_DV_ZAAK.DIM_HASHDIFF_ZAAK"
,INT_ZWA_PO.PRESTG_DV_ZAAK_VW.MAXIMUM_DATUM_ZIEKTEWET > INT_ZWA_PO.STG_DV_ZAAK.DIM_HASHDIFF_ZAAK,hashdiff,"""UWVM3VLAAPP0022\.A-DC\.BA\.UWV\.NL"".adim.INT_ZWA_PO.PRESTG_DV_ZAAK_VW.MAXIMUM_DATUM_ZIEKTEWET",,"""UWVM3VLAAPP0022\.A-DC\.BA\.UWV\.NL"".adim.INT_ZWA_PO.STG_DV_ZAAK.DIM_HASHDIFF_ZAAK"
,INT_ZWA_PO.PRESTG_DV_ZAAK_VW.DAT_UDA_EZWB > INT_ZWA_PO.STG_DV_ZAAK.DIM_HASHDIFF_ZAAK,hashdiff,"""UWVM3VLAAPP0022\.A-DC\.BA\.UWV\.NL"".adim.INT_ZWA_PO.PRESTG_DV_ZAAK_VW.DAT_UDA_EZWB",,"""UWVM3VLAAPP0022\.A-DC\.BA\.UWV\.NL"".adim.INT_ZWA_PO.STG_DV_ZAAK.DIM_HASHDIFF_ZAAK"
,INT_ZWA_PO.PRESTG_DV_ZAAK_VW.DAT_NUDA_EZWB > INT_ZWA_PO.STG_DV_ZAAK.DIM_HASHDIFF_ZAAK,hashdiff,"""UWVM3VLAAPP0022\.A-DC\.BA\.UWV\.NL"".adim.INT_ZWA_PO.PRESTG_DV_ZAAK_VW.DAT_NUDA_EZWB",,"""UWVM3VLAAPP0022\.A-DC\.BA\.UWV\.NL"".adim.INT_ZWA_PO.STG_DV_ZAAK.DIM_HASHDIFF_ZAAK"
,INT_ZWA_PO.PRESTG_DV_ZAAK_VW.DATUM_ONTVANGST_HERSTELDMELDING > INT_ZWA_PO.STG_DV_ZAAK.DIM_HASHDIFF_ZAAK,hashdiff,"""UWVM3VLAAPP0022\.A-DC\.BA\.UWV\.NL"".adim.INT_ZWA_PO.PRESTG_DV_ZAAK_VW.DATUM_ONTVANGST_HERSTELDMELDING",,"""UWVM3VLAAPP0022\.A-DC\.BA\.UWV\.NL"".adim.INT_ZWA_PO.STG_DV_ZAAK.DIM_HASHDIFF_ZAAK"
,INT_ZWA_PO.PRESTG_DV_ZAAK_VW.DATUM_BOEKING_HERSTELDMELDING > INT_ZWA_PO.STG_DV_ZAAK.DIM_HASHDIFF_ZAAK,hashdiff,"""UWVM3VLAAPP0022\.A-DC\.BA\.UWV\.NL"".adim.INT_ZWA_PO.PRESTG_DV_ZAAK_VW.DATUM_BOEKING_HERSTELDMELDING",,"""UWVM3VLAAPP0022\.A-DC\.BA\.UWV\.NL"".adim.INT_ZWA_PO.STG_DV_ZAAK.DIM_HASHDIFF_ZAAK"
,INT_ZWA_PO.PRESTG_DV_ZAAK_VW.EINDDATUM_AO > INT_ZWA_PO.STG_DV_ZAAK.DIM_HASHDIFF_ZAAK,hashdiff,"""UWVM3VLAAPP0022\.A-DC\.BA\.UWV\.NL"".adim.INT_ZWA_PO.PRESTG_DV_ZAAK_VW.EINDDATUM_AO",,"""UWVM3VLAAPP0022\.A-DC\.BA\.UWV\.NL"".adim.INT_ZWA_PO.STG_DV_ZAAK.DIM_HASHDIFF_ZAAK"
,INT_ZWA_PO.PRESTG_DV_ZAAK_VW.CODE_VANGNETCATEGORIE_IMF > INT_ZWA_PO.STG_DV_ZAAK.DIM_HASHDIFF_ZAAK,hashdiff,"""UWVM3VLAAPP0022\.A-DC\.BA\.UWV\.NL"".adim.INT_ZWA_PO.PRESTG_DV_ZAAK_VW.CODE_VANGNETCATEGORIE_IMF",,"""UWVM3VLAAPP0022\.A-DC\.BA\.UWV\.NL"".adim.INT_ZWA_PO.STG_DV_ZAAK.DIM_HASHDIFF_ZAAK"
,INT_ZWA_PO.PRESTG_DV_ZAAK_VW.VANGNETCATEGORIE_IMF > INT_ZWA_PO.STG_DV_ZAAK.DIM_HASHDIFF_ZAAK,hashdiff,"""UWVM3VLAAPP0022\.A-DC\.BA\.UWV\.NL"".adim.INT_ZWA_PO.PRESTG_DV_ZAAK_VW.VANGNETCATEGORIE_IMF",,"""UWVM3VLAAPP0022\.A-DC\.BA\.UWV\.NL"".adim.INT_ZWA_PO.STG_DV_ZAAK.DIM_HASHDIFF_ZAAK"
,INT_ZWA_PO.PRESTG_DV_ZAAK_VW.CODE_VANGNETCATEGORIE_BB > INT_ZWA_PO.STG_DV_ZAAK.DIM_HASHDIFF_ZAAK,hashdiff,"""UWVM3VLAAPP0022\.A-DC\.BA\.UWV\.NL"".adim.INT_ZWA_PO.PRESTG_DV_ZAAK_VW.CODE_VANGNETCATEGORIE_BB",,"""UWVM3VLAAPP0022\.A-DC\.BA\.UWV\.NL"".adim.INT_ZWA_PO.STG_DV_ZAAK.DIM_HASHDIFF_ZAAK"
,INT_ZWA_PO.PRESTG_DV_ZAAK_VW.VANGNETCATEGORIE_BB > INT_ZWA_PO.STG_DV_ZAAK.DIM_HASHDIFF_ZAAK,hashdiff,"""UWVM3VLAAPP0022\.A-DC\.BA\.UWV\.NL"".adim.INT_ZWA_PO.PRESTG_DV_ZAAK_VW.VANGNETCATEGORIE_BB",,"""UWVM3VLAAPP0022\.A-DC\.BA\.UWV\.NL"".adim.INT_ZWA_PO.STG_DV_ZAAK.DIM_HASHDIFF_ZAAK"
,INT_ZWA_PO.PRESTG_DV_ZAAK_VW.CODE_VANGNETCATEGORIE_SZW > INT_ZWA_PO.STG_DV_ZAAK.DIM_HASHDIFF_ZAAK,hashdiff,"""UWVM3VLAAPP0022\.A-DC\.BA\.UWV\.NL"".adim.INT_ZWA_PO.PRESTG_DV_ZAAK_VW.CODE_VANGNETCATEGORIE_SZW",,"""UWVM3VLAAPP0022\.A-DC\.BA\.UWV\.NL"".adim.INT_ZWA_PO.STG_DV_ZAAK.DIM_HASHDIFF_ZAAK"
,INT_ZWA_PO.PRESTG_DV_ZAAK_VW.VANGNETCATEGORIE_SZW > INT_ZWA_PO.STG_DV_ZAAK.DIM_HASHDIFF_ZAAK,hashdiff,"""UWVM3VLAAPP0022\.A-DC\.BA\.UWV\.NL"".adim.INT_ZWA_PO.PRESTG_DV_ZAAK_VW.VANGNETCATEGORIE_SZW",,"""UWVM3VLAAPP0022\.A-DC\.BA\.UWV\.NL"".adim.INT_ZWA_PO.STG_DV_ZAAK.DIM_HASHDIFF_ZAAK"
,INT_ZWA_PO.PRESTG_DV_ZAAK_VW.CODE_AG_TRAJECT > INT_ZWA_PO.STG_DV_ZAAK.DIM_HASHDIFF_ZAAK,hashdiff,"""UWVM3VLAAPP0022\.A-DC\.BA\.UWV\.NL"".adim.INT_ZWA_PO.PRESTG_DV_ZAAK_VW.CODE_AG_TRAJECT",,"""UWVM3VLAAPP0022\.A-DC\.BA\.UWV\.NL"".adim.INT_ZWA_PO.STG_DV_ZAAK.DIM_HASHDIFF_ZAAK"
,INT_ZWA_PO.PRESTG_DV_ZAAK_VW.AG_TRAJECT > INT_ZWA_PO.STG_DV_ZAAK.DIM_HASHDIFF_ZAAK,hashdiff,"""UWVM3VLAAPP0022\.A-DC\.BA\.UWV\.NL"".adim.INT_ZWA_PO.PRESTG_DV_ZAAK_VW.AG_TRAJECT",,"""UWVM3VLAAPP0022\.A-DC\.BA\.UWV\.NL"".adim.INT_ZWA_PO.STG_DV_ZAAK.DIM_HASHDIFF_ZAAK"
,INT_ZWA_PO.PRESTG_DV_ZAAK_VW.CODE_BRON_HERSTELDMELDING > INT_ZWA_PO.STG_DV_ZAAK.DIM_HASHDIFF_ZAAK,hashdiff,"""UWVM3VLAAPP0022\.A-DC\.BA\.UWV\.NL"".adim.INT_ZWA_PO.PRESTG_DV_ZAAK_VW.CODE_BRON_HERSTELDMELDING",,"""UWVM3VLAAPP0022\.A-DC\.BA\.UWV\.NL"".adim.INT_ZWA_PO.STG_DV_ZAAK.DIM_HASHDIFF_ZAAK"
,INT_ZWA_PO.PRESTG_DV_ZAAK_VW.BRON_HERSTELDMELDING > INT_ZWA_PO.STG_DV_ZAAK.DIM_HASHDIFF_ZAAK,hashdiff,"""UWVM3VLAAPP0022\.A-DC\.BA\.UWV\.NL"".adim.INT_ZWA_PO.PRESTG_DV_ZAAK_VW.BRON_HERSTELDMELDING",,"""UWVM3VLAAPP0022\.A-DC\.BA\.UWV\.NL"".adim.INT_ZWA_PO.STG_DV_ZAAK.DIM_HASHDIFF_ZAAK"
,INT_ZWA_PO.PRESTG_DV_ZAAK_VW.CODE_UITSTROOMOORZAAK > INT_ZWA_PO.STG_DV_ZAAK.DIM_HASHDIFF_ZAAK,hashdiff,"""UWVM3VLAAPP0022\.A-DC\.BA\.UWV\.NL"".adim.INT_ZWA_PO.PRESTG_DV_ZAAK_VW.CODE_UITSTROOMOORZAAK",,"""UWVM3VLAAPP0022\.A-DC\.BA\.UWV\.NL"".adim.INT_ZWA_PO.STG_DV_ZAAK.DIM_HASHDIFF_ZAAK"
,INT_ZWA_PO.PRESTG_DV_ZAAK_VW.UITSTROOMOORZAAK > INT_ZWA_PO.STG_DV_ZAAK.DIM_HASHDIFF_ZAAK,hashdiff,"""UWVM3VLAAPP0022\.A-DC\.BA\.UWV\.NL"".adim.INT_ZWA_PO.PRESTG_DV_ZAAK_VW.UITSTROOMOORZAAK",,"""UWVM3VLAAPP0022\.A-DC\.BA\.UWV\.NL"".adim.INT_ZWA_PO.STG_DV_ZAAK.DIM_HASHDIFF_ZAAK"
,INT_ZWA_PO.PRESTG_DV_ZAAK_VW.CODE_REDEN_EINDE_RECHT > INT_ZWA_PO.STG_DV_ZAAK.DIM_HASHDIFF_ZAAK,hashdiff,"""UWVM3VLAAPP0022\.A-DC\.BA\.UWV\.NL"".adim.INT_ZWA_PO.PRESTG_DV_ZAAK_VW.CODE_REDEN_EINDE_RECHT",,"""UWVM3VLAAPP0022\.A-DC\.BA\.UWV\.NL"".adim.INT_ZWA_PO.STG_DV_ZAAK.DIM_HASHDIFF_ZAAK"
,INT_ZWA_PO.PRESTG_DV_ZAAK_VW.REDEN_EINDE_RECHT > INT_ZWA_PO.STG_DV_ZAAK.DIM_HASHDIFF_ZAAK,hashdiff,"""UWVM3VLAAPP0022\.A-DC\.BA\.UWV\.NL"".adim.INT_ZWA_PO.PRESTG_DV_ZAAK_VW.REDEN_EINDE_RECHT",,"""UWVM3VLAAPP0022\.A-DC\.BA\.UWV\.NL"".adim.INT_ZWA_PO.STG_DV_ZAAK.DIM_HASHDIFF_ZAAK"
,INT_ZWA_PO.PRESTG_DV_ZAAK_VW.IND_EIGENRISICODRAGER > INT_ZWA_PO.STG_DV_ZAAK.DIM_HASHDIFF_ZAAK,hashdiff,"""UWVM3VLAAPP0022\.A-DC\.BA\.UWV\.NL"".adim.INT_ZWA_PO.PRESTG_DV_ZAAK_VW.IND_EIGENRISICODRAGER",,"""UWVM3VLAAPP0022\.A-DC\.BA\.UWV\.NL"".adim.INT_ZWA_PO.STG_DV_ZAAK.DIM_HASHDIFF_ZAAK"
,INT_ZWA_PO.PRESTG_DV_ZAAK_VW.IND_SLAPEND > INT_ZWA_PO.STG_DV_ZAAK.DIM_HASHDIFF_ZAAK,hashdiff,"""UWVM3VLAAPP0022\.A-DC\.BA\.UWV\.NL"".adim.INT_ZWA_PO.PRESTG_DV_ZAAK_VW.IND_SLAPEND",,"""UWVM3VLAAPP0022\.A-DC\.BA\.UWV\.NL"".adim.INT_ZWA_PO.STG_DV_ZAAK.DIM_HASHDIFF_ZAAK"
,INT_ZWA_PO.PRESTG_DV_ZAAK_VW.IND_SLAPEND > INT_ZWA_PO.STG_DV_ZAAK.DIM_HASHDIFF_ZAAK,hashdiff,"""UWVM3VLAAPP0022\.A-DC\.BA\.UWV\.NL"".adim.INT_ZWA_PO.PRESTG_DV_ZAAK_VW.IND_SLAPEND",,"""UWVM3VLAAPP0022\.A-DC\.BA\.UWV\.NL"".adim.INT_ZWA_PO.STG_DV_ZAAK.DIM_HASHDIFF_ZAAK"
,INT_ZWA_PO.PRESTG_DV_ZAAK_VW.DIM_INGANGSDATUM_BWT > INT_ZWA_PO.STG_DV_ZAAK.DIM_HASHDIFF_ZAAK_BWT,hashdiff,"""UWVM3VLAAPP0022\.A-DC\.BA\.UWV\.NL"".adim.INT_ZWA_PO.PRESTG_DV_ZAAK_VW.DIM_INGANGSDATUM_BWT",,"""UWVM3VLAAPP0022\.A-DC\.BA\.UWV\.NL"".adim.INT_ZWA_PO.STG_DV_ZAAK.DIM_HASHDIFF_ZAAK_BWT"
,INT_ZWA_PO.PRESTG_DV_ZAAK_VW.TEAMNUMMER > INT_ZWA_PO.STG_DV_ZAAK.DIM_TEAM_H_HK,hubkey,"""UWVM3VLAAPP0022\.A-DC\.BA\.UWV\.NL"".adim.INT_ZWA_PO.PRESTG_DV_ZAAK_VW.TEAMNUMMER",,"""UWVM3VLAAPP0022\.A-DC\.BA\.UWV\.NL"".adim.INT_ZWA_PO.STG_DV_ZAAK.DIM_TEAM_H_HK"
,INT_ZWA_PO.PRESTG_DV_ZAAK_VW.DISTRICTSKANTOOR_NR > INT_ZWA_PO.STG_DV_ZAAK.DIM_TEAM_H_HK,hubkey,"""UWVM3VLAAPP0022\.A-DC\.BA\.UWV\.NL"".adim.INT_ZWA_PO.PRESTG_DV_ZAAK_VW.DISTRICTSKANTOOR_NR",,"""UWVM3VLAAPP0022\.A-DC\.BA\.UWV\.NL"".adim.INT_ZWA_PO.STG_DV_ZAAK.DIM_TEAM_H_HK"
,INT_ZWA_PO.PRESTG_DV_ZAAK_VW.DIM_DUMMY > INT_ZWA_PO.STG_DV_ZAAK.DIM_HASHDIFF_TEAMBIJZAAK,hashdiff,"""UWVM3VLAAPP0022\.A-DC\.BA\.UWV\.NL"".adim.INT_ZWA_PO.PRESTG_DV_ZAAK_VW.DIM_DUMMY",,"""UWVM3VLAAPP0022\.A-DC\.BA\.UWV\.NL"".adim.INT_ZWA_PO.STG_DV_ZAAK.DIM_HASHDIFF_TEAMBIJZAAK"
,INT_ZWA_PO.PRESTG_DV_ZAAK_VW.DIM_DUMMY > INT_ZWA_PO.STG_DV_ZAAK.DIM_HASHDIFF_ZAAKBIJNATPERS,hashdiff,"""UWVM3VLAAPP0022\.A-DC\.BA\.UWV\.NL"".adim.INT_ZWA_PO.PRESTG_DV_ZAAK_VW.DIM_DUMMY",,"""UWVM3VLAAPP0022\.A-DC\.BA\.UWV\.NL"".adim.INT_ZWA_PO.STG_DV_ZAAK.DIM_HASHDIFF_ZAAKBIJNATPERS"
,INT_ZWA_PO.PRESTG_DV_ZAAK_VW.BSN > INT_ZWA_PO.STG_DV_ZAAK.DIM_VERANTWTEAMBIJZAAK_L_HK,linkkey,"""UWVM3VLAAPP0022\.A-DC\.BA\.UWV\.NL"".adim.INT_ZWA_PO.PRESTG_DV_ZAAK_VW.BSN",,"""UWVM3VLAAPP0022\.A-DC\.BA\.UWV\.NL"".adim.INT_ZWA_PO.STG_DV_ZAAK.DIM_VERANTWTEAMBIJZAAK_L_HK"
,INT_ZWA_PO.PRESTG_DV_ZAAK_VW.AANSLUITINGSNR > INT_ZWA_PO.STG_DV_ZAAK.DIM_VERANTWTEAMBIJZAAK_L_HK,linkkey,"""UWVM3VLAAPP0022\.A-DC\.BA\.UWV\.NL"".adim.INT_ZWA_PO.PRESTG_DV_ZAAK_VW.AANSLUITINGSNR",,"""UWVM3VLAAPP0022\.A-DC\.BA\.UWV\.NL"".adim.INT_ZWA_PO.STG_DV_ZAAK.DIM_VERANTWTEAMBIJZAAK_L_HK"
,INT_ZWA_PO.PRESTG_DV_ZAAK_VW.CONTRACTCODE > INT_ZWA_PO.STG_DV_ZAAK.DIM_VERANTWTEAMBIJZAAK_L_HK,linkkey,"""UWVM3VLAAPP0022\.A-DC\.BA\.UWV\.NL"".adim.INT_ZWA_PO.PRESTG_DV_ZAAK_VW.CONTRACTCODE",,"""UWVM3VLAAPP0022\.A-DC\.BA\.UWV\.NL"".adim.INT_ZWA_PO.STG_DV_ZAAK.DIM_VERANTWTEAMBIJZAAK_L_HK"
,INT_ZWA_PO.PRESTG_DV_ZAAK_VW.BUITENLANDSE_INSTELLINGSNR > INT_ZWA_PO.STG_DV_ZAAK.DIM_VERANTWTEAMBIJZAAK_L_HK,linkkey,"""UWVM3VLAAPP0022\.A-DC\.BA\.UWV\.NL"".adim.INT_ZWA_PO.PRESTG_DV_ZAAK_VW.BUITENLANDSE_INSTELLINGSNR",,"""UWVM3VLAAPP0022\.A-DC\.BA\.UWV\.NL"".adim.INT_ZWA_PO.STG_DV_ZAAK.DIM_VERANTWTEAMBIJZAAK_L_HK"
,INT_ZWA_PO.PRESTG_DV_ZAAK_VW.DATUM_BOEKING_DIENSTVERBAND > INT_ZWA_PO.STG_DV_ZAAK.DIM_VERANTWTEAMBIJZAAK_L_HK,linkkey,"""UWVM3VLAAPP0022\.A-DC\.BA\.UWV\.NL"".adim.INT_ZWA_PO.PRESTG_DV_ZAAK_VW.DATUM_BOEKING_DIENSTVERBAND",,"""UWVM3VLAAPP0022\.A-DC\.BA\.UWV\.NL"".adim.INT_ZWA_PO.STG_DV_ZAAK.DIM_VERANTWTEAMBIJZAAK_L_HK"
,INT_ZWA_PO.PRESTG_DV_ZAAK_VW.BEGINDATUM_AO > INT_ZWA_PO.STG_DV_ZAAK.DIM_VERANTWTEAMBIJZAAK_L_HK,linkkey,"""UWVM3VLAAPP0022\.A-DC\.BA\.UWV\.NL"".adim.INT_ZWA_PO.PRESTG_DV_ZAAK_VW.BEGINDATUM_AO",,"""UWVM3VLAAPP0022\.A-DC\.BA\.UWV\.NL"".adim.INT_ZWA_PO.STG_DV_ZAAK.DIM_VERANTWTEAMBIJZAAK_L_HK"
,INT_ZWA_PO.PRESTG_DV_ZAAK_VW.TEAMNUMMER > INT_ZWA_PO.STG_DV_ZAAK.DIM_VERANTWTEAMBIJZAAK_L_HK,linkkey,"""UWVM3VLAAPP0022\.A-DC\.BA\.UWV\.NL"".adim.INT_ZWA_PO.PRESTG_DV_ZAAK_VW.TEAMNUMMER",,"""UWVM3VLAAPP0022\.A-DC\.BA\.UWV\.NL"".adim.INT_ZWA_PO.STG_DV_ZAAK.DIM_VERANTWTEAMBIJZAAK_L_HK"
,INT_ZWA_PO.PRESTG_DV_ZAAK_VW.DISTRICTSKANTOOR_NR > INT_ZWA_PO.STG_DV_ZAAK.DIM_VERANTWTEAMBIJZAAK_L_HK,linkkey,"""UWVM3VLAAPP0022\.A-DC\.BA\.UWV\.NL"".adim.INT_ZWA_PO.PRESTG_DV_ZAAK_VW.DISTRICTSKANTOOR_NR",,"""UWVM3VLAAPP0022\.A-DC\.BA\.UWV\.NL"".adim.INT_ZWA_PO.STG_DV_ZAAK.DIM_VERANTWTEAMBIJZAAK_L_HK"
,INT_ZWA_PO.PRESTG_DV_ZAAK_VW.BSN > INT_ZWA_PO.STG_DV_ZAAK.DIM_NATUURLIJKEPERSOON_H_HK,hubkey,"""UWVM3VLAAPP0022\.A-DC\.BA\.UWV\.NL"".adim.INT_ZWA_PO.PRESTG_DV_ZAAK_VW.BSN",,"""UWVM3VLAAPP0022\.A-DC\.BA\.UWV\.NL"".adim.INT_ZWA_PO.STG_DV_ZAAK.DIM_NATUURLIJKEPERSOON_H_HK"
,INT_ZWA_PO.PRESTG_DV_ZAAK_VW.BSN > INT_ZWA_PO.STG_DV_ZAAK.DIM_ZAAKBIJNATUURLIJKPERS_L_HK,linkkey,"""UWVM3VLAAPP0022\.A-DC\.BA\.UWV\.NL"".adim.INT_ZWA_PO.PRESTG_DV_ZAAK_VW.BSN",,"""UWVM3VLAAPP0022\.A-DC\.BA\.UWV\.NL"".adim.INT_ZWA_PO.STG_DV_ZAAK.DIM_ZAAKBIJNATUURLIJKPERS_L_HK"
,INT_ZWA_PO.PRESTG_DV_ZAAK_VW.AANSLUITINGSNR > INT_ZWA_PO.STG_DV_ZAAK.DIM_ZAAKBIJNATUURLIJKPERS_L_HK,linkkey,"""UWVM3VLAAPP0022\.A-DC\.BA\.UWV\.NL"".adim.INT_ZWA_PO.PRESTG_DV_ZAAK_VW.AANSLUITINGSNR",,"""UWVM3VLAAPP0022\.A-DC\.BA\.UWV\.NL"".adim.INT_ZWA_PO.STG_DV_ZAAK.DIM_ZAAKBIJNATUURLIJKPERS_L_HK"
,INT_ZWA_PO.PRESTG_DV_ZAAK_VW.CONTRACTCODE > INT_ZWA_PO.STG_DV_ZAAK.DIM_ZAAKBIJNATUURLIJKPERS_L_HK,linkkey,"""UWVM3VLAAPP0022\.A-DC\.BA\.UWV\.NL"".adim.INT_ZWA_PO.PRESTG_DV_ZAAK_VW.CONTRACTCODE",,"""UWVM3VLAAPP0022\.A-DC\.BA\.UWV\.NL"".adim.INT_ZWA_PO.STG_DV_ZAAK.DIM_ZAAKBIJNATUURLIJKPERS_L_HK"
,INT_ZWA_PO.PRESTG_DV_ZAAK_VW.BUITENLANDSE_INSTELLINGSNR > INT_ZWA_PO.STG_DV_ZAAK.DIM_ZAAKBIJNATUURLIJKPERS_L_HK,linkkey,"""UWVM3VLAAPP0022\.A-DC\.BA\.UWV\.NL"".adim.INT_ZWA_PO.PRESTG_DV_ZAAK_VW.BUITENLANDSE_INSTELLINGSNR",,"""UWVM3VLAAPP0022\.A-DC\.BA\.UWV\.NL"".adim.INT_ZWA_PO.STG_DV_ZAAK.DIM_ZAAKBIJNATUURLIJKPERS_L_HK"
,INT_ZWA_PO.PRESTG_DV_ZAAK_VW.DATUM_BOEKING_DIENSTVERBAND > INT_ZWA_PO.STG_DV_ZAAK.DIM_ZAAKBIJNATUURLIJKPERS_L_HK,linkkey,"""UWVM3VLAAPP0022\.A-DC\.BA\.UWV\.NL"".adim.INT_ZWA_PO.PRESTG_DV_ZAAK_VW.DATUM_BOEKING_DIENSTVERBAND",,"""UWVM3VLAAPP0022\.A-DC\.BA\.UWV\.NL"".adim.INT_ZWA_PO.STG_DV_ZAAK.DIM_ZAAKBIJNATUURLIJKPERS_L_HK"
,INT_ZWA_PO.PRESTG_DV_ZAAK_VW.BEGINDATUM_AO > INT_ZWA_PO.STG_DV_ZAAK.DIM_ZAAKBIJNATUURLIJKPERS_L_HK,linkkey,"""UWVM3VLAAPP0022\.A-DC\.BA\.UWV\.NL"".adim.INT_ZWA_PO.PRESTG_DV_ZAAK_VW.BEGINDATUM_AO",,"""UWVM3VLAAPP0022\.A-DC\.BA\.UWV\.NL"".adim.INT_ZWA_PO.STG_DV_ZAAK.DIM_ZAAKBIJNATUURLIJKPERS_L_HK"
