<?xml version="1.0" encoding="UTF-8"?><logicalModelElement detailLevel="full" fqn="INT_ZWA" icon="347221556.jpeg" id="_17AF4K6ZEe2uPYjdYxiEHQ" name="INT_ZWA" parentId="_17AF4K6ZEe2uPYjdYxiEHQ" parentName="INT_ZWA" type="Package" xmlns:publish="http://www.ibm.com/DataModelPublish"><properties><property name="Label" value="INT_ZWA"/></properties><diagram diagramFile="V:\SMZ\ZW-Arbo\IDA\08 Documentation\HTML\images/diagram_17AF4.q6ZE.e2.uPY.j.dY.x.iEHQ.PNG" icon="1489358754.jpeg" id="diagram_17AF4.q6ZE.e2.uPY.j.dY.x.iEHQ" imageType="PNG" name="BDV STG" parentId="_17AF4K6ZEe2uPYjdYxiEHQ" parentName="INT_ZWA" type="Diagram"/><modelElement type="Model Information"><properties><property name="Location" value="V:\SMZ\ZW-Arbo\IDA\02 INT_ZWA_PO\BDV-STG.ldm"/><property name="Size" value="78.580  bytes"/><property name="Last Modified" value="10 juli 2023 10:38:21"/><property name="Editable" value="true"/></properties></modelElement><logicalModelElement icon="1882936036.jpeg" id="_PNQ0UK6aEe2uPYjdYxiEHQ" name="Zaak" parentId="_17AF4K6ZEe2uPYjdYxiEHQ" parentName="INT_ZWA" type="Entity"><properties><property name="Label" value="STG_DV_ZAAK"/></properties><logicalModelElement icon="-1257963500.jpeg" id="_F7eqcK6bEe2uPYjdYxiEHQ" name="BSN" parentId="_PNQ0UK6aEe2uPYjdYxiEHQ" parentName="Zaak" type="Attribute"><properties><property name="Data Type" value="VARCHAR(99)"/><property name="Is Part Of PrimaryKey" value="false"/><property name="Is Required" value="false"/><property name="Is Derived" value="false"/><property name="Is Surrogate Key" value="false"/></properties></logicalModelElement><logicalModelElement icon="-1257963500.jpeg" id="_Gxr5sK6bEe2uPYjdYxiEHQ" name="Aansluitingsnr" parentId="_PNQ0UK6aEe2uPYjdYxiEHQ" parentName="Zaak" type="Attribute"><properties><property name="Data Type" value="VARCHAR(99)"/><property name="Is Part Of PrimaryKey" value="false"/><property name="Is Required" value="false"/><property name="Is Derived" value="false"/><property name="Is Surrogate Key" value="false"/></properties></logicalModelElement><logicalModelElement icon="-1257963500.jpeg" id="_IaEMwK6bEe2uPYjdYxiEHQ" name="Contractcode" parentId="_PNQ0UK6aEe2uPYjdYxiEHQ" parentName="Zaak" type="Attribute"><properties><property name="Data Type" value="VARCHAR(9)"/><property name="Is Part Of PrimaryKey" value="false"/><property name="Is Required" value="false"/><property name="Is Derived" value="false"/><property name="Is Surrogate Key" value="false"/></properties></logicalModelElement><logicalModelElement icon="-1257963500.jpeg" id="_IfUgMK6bEe2uPYjdYxiEHQ" name="Buitenlandse instellingsnr" parentId="_PNQ0UK6aEe2uPYjdYxiEHQ" parentName="Zaak" type="Attribute"><properties><property name="Data Type" value="VARCHAR(9)"/><property name="Is Part Of PrimaryKey" value="false"/><property name="Is Required" value="false"/><property name="Is Derived" value="false"/><property name="Is Surrogate Key" value="false"/></properties></logicalModelElement><logicalModelElement icon="-1257963500.jpeg" id="_IlkSIK6bEe2uPYjdYxiEHQ" name="Datum Boeking Dienstverband" parentId="_PNQ0UK6aEe2uPYjdYxiEHQ" parentName="Zaak" type="Attribute"><properties><property name="Data Type" value="DATE"/><property name="Is Part Of PrimaryKey" value="false"/><property name="Is Required" value="false"/><property name="Is Derived" value="false"/><property name="Is Surrogate Key" value="false"/></properties></logicalModelElement><logicalModelElement icon="-1257963500.jpeg" id="_IoK6MK6bEe2uPYjdYxiEHQ" name="Begindatum AO" parentId="_PNQ0UK6aEe2uPYjdYxiEHQ" parentName="Zaak" type="Attribute"><properties><property name="Data Type" value="DATE"/><property name="Is Part Of PrimaryKey" value="false"/><property name="Is Required" value="false"/><property name="Is Derived" value="false"/><property name="Is Surrogate Key" value="false"/></properties></logicalModelElement><logicalModelElement icon="-1257963500.jpeg" id="_Rz8GMK6bEe2uPYjdYxiEHQ" name="UZS Aanvraagid" parentId="_PNQ0UK6aEe2uPYjdYxiEHQ" parentName="Zaak" type="Attribute"><properties><property name="Data Type" value="NUMERIC(38,10)"/><property name="Is Part Of PrimaryKey" value="false"/><property name="Is Required" value="false"/><property name="Is Derived" value="false"/><property name="Is Surrogate Key" value="false"/></properties></logicalModelElement><logicalModelElement icon="-1257963500.jpeg" id="_R1p9cK6bEe2uPYjdYxiEHQ" name="UZS Gevalsvolgnr" parentId="_PNQ0UK6aEe2uPYjdYxiEHQ" parentName="Zaak" type="Attribute"><properties><property name="Data Type" value="NUMERIC(38,10)"/><property name="Is Part Of PrimaryKey" value="false"/><property name="Is Required" value="false"/><property name="Is Derived" value="false"/><property name="Is Surrogate Key" value="false"/></properties></logicalModelElement><logicalModelElement icon="-1257963500.jpeg" id="_SBmuwK6bEe2uPYjdYxiEHQ" name="Datum ontvangst AO Melding" parentId="_PNQ0UK6aEe2uPYjdYxiEHQ" parentName="Zaak" type="Attribute"><properties><property name="Data Type" value="DATE"/><property name="Is Part Of PrimaryKey" value="false"/><property name="Is Required" value="false"/><property name="Is Derived" value="false"/><property name="Is Surrogate Key" value="false"/></properties></logicalModelElement><logicalModelElement icon="-1257963500.jpeg" id="_SDNRQK6bEe2uPYjdYxiEHQ" name="Datum Boeking AO" parentId="_PNQ0UK6aEe2uPYjdYxiEHQ" parentName="Zaak" type="Attribute"><properties><property name="Data Type" value="TIMESTAMP"/><property name="Is Part Of PrimaryKey" value="false"/><property name="Is Required" value="false"/><property name="Is Derived" value="false"/><property name="Is Surrogate Key" value="false"/></properties></logicalModelElement><logicalModelElement icon="-1257963500.jpeg" id="_aYKKMAakEe6ZVbKXPG1J4Q" name="Datum overdracht centraal kantoor" parentId="_PNQ0UK6aEe2uPYjdYxiEHQ" parentName="Zaak" type="Attribute"><properties><property name="Label" value="DATUM_OVERDRACHT_CK"/><property name="Data Type" value="TIMESTAMP"/><property name="Is Part Of PrimaryKey" value="false"/><property name="Is Required" value="false"/><property name="Is Derived" value="false"/><property name="Is Surrogate Key" value="false"/></properties></logicalModelElement><logicalModelElement icon="-1257963500.jpeg" id="_SE-L0K6bEe2uPYjdYxiEHQ" name="Datum Ziekmelding door verzekerde" parentId="_PNQ0UK6aEe2uPYjdYxiEHQ" parentName="Zaak" type="Attribute"><properties><property name="Label" value="DATUM_ZIEKMELD_DOOR_VERZEKERDE"/><property name="Data Type" value="DATE"/><property name="Is Part Of PrimaryKey" value="false"/><property name="Is Required" value="false"/><property name="Is Derived" value="false"/><property name="Is Surrogate Key" value="false"/></properties></logicalModelElement><logicalModelElement icon="-1257963500.jpeg" id="_tzGx4AaiEe6ZVbKXPG1J4Q" name="Datum eerste contact" parentId="_PNQ0UK6aEe2uPYjdYxiEHQ" parentName="Zaak" type="Attribute"><properties><property name="Label" value="EERSTE_CONTACTMOMENT"/><property name="Data Type" value="TIMESTAMP"/><property name="Is Part Of PrimaryKey" value="false"/><property name="Is Required" value="false"/><property name="Is Derived" value="false"/><property name="Is Surrogate Key" value="false"/></properties></logicalModelElement><logicalModelElement icon="-1257963500.jpeg" id="_W92HAAbGEe6c0fyHczwF1Q" name="Datum plausibel" parentId="_PNQ0UK6aEe2uPYjdYxiEHQ" parentName="Zaak" type="Attribute"><properties><property name="Data Type" value="TIMESTAMP"/><property name="Is Part Of PrimaryKey" value="false"/><property name="Is Required" value="false"/><property name="Is Derived" value="false"/><property name="Is Surrogate Key" value="false"/></properties></logicalModelElement><logicalModelElement icon="-1257963500.jpeg" id="_DZG8IBcZEe6MzcVVbn7IyQ" name="Indicatie Plausibel" parentId="_PNQ0UK6aEe2uPYjdYxiEHQ" parentName="Zaak" type="Attribute"><properties><property name="Data Type" value="VARCHAR(9)"/><property name="Is Part Of PrimaryKey" value="false"/><property name="Is Required" value="false"/><property name="Is Derived" value="false"/><property name="Is Surrogate Key" value="false"/></properties></logicalModelElement><logicalModelElement icon="-1257963500.jpeg" id="_VKl8gAbNEe6c0fyHczwF1Q" name="Maximum datum ziektewet" parentId="_PNQ0UK6aEe2uPYjdYxiEHQ" parentName="Zaak" type="Attribute"><properties><property name="Data Type" value="TIMESTAMP"/><property name="Is Part Of PrimaryKey" value="false"/><property name="Is Required" value="false"/><property name="Is Derived" value="false"/><property name="Is Surrogate Key" value="false"/></properties></logicalModelElement><logicalModelElement icon="-1257963500.jpeg" id="_VaDD4AbEEe6c0fyHczwF1Q" name="Uiterste datum afhandeling EZWB" parentId="_PNQ0UK6aEe2uPYjdYxiEHQ" parentName="Zaak" type="Attribute"><properties><property name="Label" value="DAT_UDA_EZWB"/><property name="Data Type" value="TIMESTAMP"/><property name="Is Part Of PrimaryKey" value="false"/><property name="Is Required" value="false"/><property name="Is Derived" value="false"/><property name="Is Surrogate Key" value="false"/></properties></logicalModelElement><logicalModelElement icon="-1257963500.jpeg" id="_XbYpgAbEEe6c0fyHczwF1Q" name="Nieuwe uiterste datum afhandeling EZWB" parentId="_PNQ0UK6aEe2uPYjdYxiEHQ" parentName="Zaak" type="Attribute"><properties><property name="Label" value="DAT_NUDA_EZWB"/><property name="Data Type" value="TIMESTAMP"/><property name="Is Part Of PrimaryKey" value="false"/><property name="Is Required" value="false"/><property name="Is Derived" value="false"/><property name="Is Surrogate Key" value="false"/></properties></logicalModelElement><logicalModelElement icon="-1257963500.jpeg" id="_sMl08K6bEe2uPYjdYxiEHQ" name="Datum ontvangst hersteldmelding" parentId="_PNQ0UK6aEe2uPYjdYxiEHQ" parentName="Zaak" type="Attribute"><properties><property name="Data Type" value="DATE"/><property name="Is Part Of PrimaryKey" value="false"/><property name="Is Required" value="false"/><property name="Is Derived" value="false"/><property name="Is Surrogate Key" value="false"/></properties></logicalModelElement><logicalModelElement icon="-1257963500.jpeg" id="_u_YssK6bEe2uPYjdYxiEHQ" name="Datum boeking hersteldmelding" parentId="_PNQ0UK6aEe2uPYjdYxiEHQ" parentName="Zaak" type="Attribute"><properties><property name="Data Type" value="TIMESTAMP"/><property name="Is Part Of PrimaryKey" value="false"/><property name="Is Required" value="false"/><property name="Is Derived" value="false"/><property name="Is Surrogate Key" value="false"/></properties></logicalModelElement><logicalModelElement icon="-1257963500.jpeg" id="_yA4u0K6bEe2uPYjdYxiEHQ" name="Einddatum AO" parentId="_PNQ0UK6aEe2uPYjdYxiEHQ" parentName="Zaak" type="Attribute"><properties><property name="Data Type" value="DATE"/><property name="Is Part Of PrimaryKey" value="false"/><property name="Is Required" value="false"/><property name="Is Derived" value="false"/><property name="Is Surrogate Key" value="false"/></properties></logicalModelElement><logicalModelElement icon="-1257963500.jpeg" id="_SQAVUPMyEe2z15XSCidqEQ" name="Code vangnetcategorie" parentId="_PNQ0UK6aEe2uPYjdYxiEHQ" parentName="Zaak" type="Attribute"><properties><property name="Data Type" value="VARCHAR(99)"/><property name="Is Part Of PrimaryKey" value="false"/><property name="Is Required" value="false"/><property name="Is Derived" value="false"/><property name="Is Surrogate Key" value="false"/></properties></logicalModelElement><logicalModelElement icon="-1257963500.jpeg" id="_VXttIPMyEe2z15XSCidqEQ" name="Vangnetcategorie" parentId="_PNQ0UK6aEe2uPYjdYxiEHQ" parentName="Zaak" type="Attribute"><properties><property name="Data Type" value="VARCHAR(99)"/><property name="Is Part Of PrimaryKey" value="false"/><property name="Is Required" value="false"/><property name="Is Derived" value="false"/><property name="Is Surrogate Key" value="false"/></properties></logicalModelElement><logicalModelElement icon="-1257963500.jpeg" id="_SWb6MAbKEe6c0fyHczwF1Q" name="Code bron hersteldmelding" parentId="_PNQ0UK6aEe2uPYjdYxiEHQ" parentName="Zaak" type="Attribute"><properties><property name="Data Type" value="VARCHAR(99)"/><property name="Is Part Of PrimaryKey" value="false"/><property name="Is Required" value="false"/><property name="Is Derived" value="false"/><property name="Is Surrogate Key" value="false"/></properties></logicalModelElement><logicalModelElement icon="-1257963500.jpeg" id="_SZUPEAbKEe6c0fyHczwF1Q" name="Bron hersteldmelding" parentId="_PNQ0UK6aEe2uPYjdYxiEHQ" parentName="Zaak" type="Attribute"><properties><property name="Data Type" value="VARCHAR(99)"/><property name="Is Part Of PrimaryKey" value="false"/><property name="Is Required" value="false"/><property name="Is Derived" value="false"/><property name="Is Surrogate Key" value="false"/></properties></logicalModelElement><logicalModelElement icon="-1257963500.jpeg" id="_W8d5cBD3Ee6mufEHWIKatw" name="Code Reden Hersteldmelding" parentId="_PNQ0UK6aEe2uPYjdYxiEHQ" parentName="Zaak" type="Attribute"><properties><property name="Data Type" value="VARCHAR(99)"/><property name="Is Part Of PrimaryKey" value="false"/><property name="Is Required" value="false"/><property name="Is Derived" value="false"/><property name="Is Surrogate Key" value="false"/></properties></logicalModelElement><logicalModelElement icon="-1257963500.jpeg" id="_W8-PwBD3Ee6mufEHWIKatw" name="Reden Hersteldmelding" parentId="_PNQ0UK6aEe2uPYjdYxiEHQ" parentName="Zaak" type="Attribute"><properties><property name="Data Type" value="VARCHAR(99)"/><property name="Is Part Of PrimaryKey" value="false"/><property name="Is Required" value="false"/><property name="Is Derived" value="false"/><property name="Is Surrogate Key" value="false"/></properties></logicalModelElement><logicalModelElement icon="-1257963500.jpeg" id="_bKXxsAXdEe6i3P4_hf1J0g" name="Code uitstroomoorzaak" parentId="_PNQ0UK6aEe2uPYjdYxiEHQ" parentName="Zaak" type="Attribute"><properties><property name="Data Type" value="VARCHAR(99)"/><property name="Is Part Of PrimaryKey" value="false"/><property name="Is Required" value="false"/><property name="Is Derived" value="false"/><property name="Is Surrogate Key" value="false"/></properties></logicalModelElement><logicalModelElement icon="-1257963500.jpeg" id="_bNDSQAXdEe6i3P4_hf1J0g" name="Uitstroomoorzaak" parentId="_PNQ0UK6aEe2uPYjdYxiEHQ" parentName="Zaak" type="Attribute"><properties><property name="Data Type" value="VARCHAR(99)"/><property name="Is Part Of PrimaryKey" value="false"/><property name="Is Required" value="false"/><property name="Is Derived" value="false"/><property name="Is Surrogate Key" value="false"/></properties></logicalModelElement><logicalModelElement icon="-1257963500.jpeg" id="_XBnYEAaXEe6ZVbKXPG1J4Q" name="Indicatie slapend" parentId="_PNQ0UK6aEe2uPYjdYxiEHQ" parentName="Zaak" type="Attribute"><properties><property name="Label" value="IND_SLAPEND"/><property name="Data Type" value="VARCHAR(9)"/><property name="Is Part Of PrimaryKey" value="false"/><property name="Is Required" value="false"/><property name="Is Derived" value="false"/><property name="Is Surrogate Key" value="false"/></properties></logicalModelElement><logicalModelElement icon="-1257963500.jpeg" id="_REE7QAaaEe6ZVbKXPG1J4Q" name="Indicatie eigen risico drager" parentId="_PNQ0UK6aEe2uPYjdYxiEHQ" parentName="Zaak" type="Attribute"><properties><property name="Label" value="IND_EIGENRISICODRAGER"/><property name="Data Type" value="VARCHAR(9)"/><property name="Is Part Of PrimaryKey" value="false"/><property name="Is Required" value="false"/><property name="Is Derived" value="false"/><property name="Is Surrogate Key" value="false"/></properties></logicalModelElement><logicalModelElement icon="-1257963500.jpeg" id="_-_jksK6bEe2uPYjdYxiEHQ" name="Ingangsdatum bwt Zaak" parentId="_PNQ0UK6aEe2uPYjdYxiEHQ" parentName="Zaak" type="Attribute"><properties><property name="Label" value="DIM_INGANGSDATUM_BWT"/><property name="Data Type" value="DATE"/><property name="Is Part Of PrimaryKey" value="false"/><property name="Is Required" value="false"/><property name="Is Derived" value="false"/><property name="Is Surrogate Key" value="false"/></properties></logicalModelElement><logicalModelElement icon="-1257963500.jpeg" id="_BwtSILOIEe2wZeFJnR-9rA" name="Zaak Hashkey" parentId="_PNQ0UK6aEe2uPYjdYxiEHQ" parentName="Zaak" type="Attribute"><properties><property name="Label" value="DIM_ZAAK_H_HK"/><property name="Data Type" value="VARCHAR(99)"/><property name="Is Part Of PrimaryKey" value="false"/><property name="Is Required" value="true"/><property name="Is Derived" value="false"/><property name="Is Surrogate Key" value="false"/></properties></logicalModelElement><logicalModelElement icon="-1257963500.jpeg" id="_qpJyULnKEe2tccyh_GgW9w" name="Hashdiff Zaak" parentId="_PNQ0UK6aEe2uPYjdYxiEHQ" parentName="Zaak" type="Attribute"><properties><property name="Label" value="DIM_HASHDIFF_ZAAK"/><property name="Data Type" value="VARCHAR(99)"/><property name="Is Part Of PrimaryKey" value="false"/><property name="Is Required" value="true"/><property name="Is Derived" value="false"/><property name="Is Surrogate Key" value="false"/></properties></logicalModelElement><logicalModelElement icon="-1257963500.jpeg" id="_sH_u4LnKEe2tccyh_GgW9w" name="Hashdiff Zaak bwt" parentId="_PNQ0UK6aEe2uPYjdYxiEHQ" parentName="Zaak" type="Attribute"><properties><property name="Label" value="DIM_HASHDIFF_ZAAK_BWT"/><property name="Data Type" value="VARCHAR(99)"/><property name="Is Part Of PrimaryKey" value="false"/><property name="Is Required" value="true"/><property name="Is Derived" value="false"/><property name="Is Surrogate Key" value="false"/></properties></logicalModelElement><logicalModelElement icon="-1257963500.jpeg" id="_CUJaQLnGEe2tccyh_GgW9w" name="Nr Districtskantoor" parentId="_PNQ0UK6aEe2uPYjdYxiEHQ" parentName="Zaak" type="Attribute"><properties><property name="Data Type" value="VARCHAR(99)"/><property name="Is Part Of PrimaryKey" value="false"/><property name="Is Required" value="false"/><property name="Is Derived" value="false"/><property name="Is Surrogate Key" value="false"/></properties></logicalModelElement><logicalModelElement icon="-1257963500.jpeg" id="_CjKtsLnGEe2tccyh_GgW9w" name="Teamnummer" parentId="_PNQ0UK6aEe2uPYjdYxiEHQ" parentName="Zaak" type="Attribute"><properties><property name="Data Type" value="VARCHAR(99)"/><property name="Is Part Of PrimaryKey" value="false"/><property name="Is Required" value="false"/><property name="Is Derived" value="false"/><property name="Is Surrogate Key" value="false"/></properties></logicalModelElement><logicalModelElement icon="-1257963500.jpeg" id="_vm2VALnCEe2tccyh_GgW9w" name="Team Hashkey" parentId="_PNQ0UK6aEe2uPYjdYxiEHQ" parentName="Zaak" type="Attribute"><properties><property name="Label" value="DIM_TEAM_H_HK"/><property name="Data Type" value="VARCHAR(99)"/><property name="Is Part Of PrimaryKey" value="false"/><property name="Is Required" value="true"/><property name="Is Derived" value="false"/><property name="Is Surrogate Key" value="false"/></properties></logicalModelElement><logicalModelElement icon="-1257963500.jpeg" id="_z8oI0LnKEe2tccyh_GgW9w" name="Hashdiff Team bij Zaak" parentId="_PNQ0UK6aEe2uPYjdYxiEHQ" parentName="Zaak" type="Attribute"><properties><property name="Label" value="DIM_HASHDIFF_TEAMBIJZAAK"/><property name="Data Type" value="VARCHAR(99)"/><property name="Is Part Of PrimaryKey" value="false"/><property name="Is Required" value="true"/><property name="Is Derived" value="false"/><property name="Is Surrogate Key" value="false"/></properties></logicalModelElement><logicalModelElement icon="-1257963500.jpeg" id="_6jwugLnCEe2tccyh_GgW9w" name="Team bij Zaak Hashkey" parentId="_PNQ0UK6aEe2uPYjdYxiEHQ" parentName="Zaak" type="Attribute"><properties><property name="Label" value="DIM_VERANTWTEAMBIJZAAK_L_HK"/><property name="Data Type" value="VARCHAR(99)"/><property name="Is Part Of PrimaryKey" value="false"/><property name="Is Required" value="true"/><property name="Is Derived" value="false"/><property name="Is Surrogate Key" value="false"/></properties></logicalModelElement><logicalModelElement icon="-1257963500.jpeg" id="__0o0sPisEe2ztIqB0uOAMQ" name="Dummy" parentId="_PNQ0UK6aEe2uPYjdYxiEHQ" parentName="Zaak" type="Attribute"><properties><property name="Label" value="DIM_DUMMY"/><property name="Data Type" value="VARCHAR(9)"/><property name="Is Part Of PrimaryKey" value="false"/><property name="Is Required" value="false"/><property name="Is Derived" value="false"/><property name="Is Surrogate Key" value="false"/></properties></logicalModelElement></logicalModelElement><logicalModelElement icon="1882936036.jpeg" id="_2tg-QLdoEe2Pz_PRNglaPw" name="Team" parentId="_17AF4K6ZEe2uPYjdYxiEHQ" parentName="INT_ZWA" type="Entity"><properties><property name="Label" value="STG_DV_TEAM"/></properties><logicalModelElement icon="-1257963500.jpeg" id="_TKvM0LdpEe2Pz_PRNglaPw" name="Teamnummer" parentId="_2tg-QLdoEe2Pz_PRNglaPw" parentName="Team" type="Attribute"><properties><property name="Data Type" value="VARCHAR(99)"/><property name="Is Part Of PrimaryKey" value="false"/><property name="Is Required" value="false"/><property name="Is Derived" value="false"/><property name="Is Surrogate Key" value="false"/></properties></logicalModelElement><logicalModelElement icon="-1257963500.jpeg" id="_TR92MLdpEe2Pz_PRNglaPw" name="Teamnaam" parentId="_2tg-QLdoEe2Pz_PRNglaPw" parentName="Team" type="Attribute"><properties><property name="Description" value="Blijft nu bewust even leeg"/><property name="Data Type" value="VARCHAR(99)"/><property name="Is Part Of PrimaryKey" value="false"/><property name="Is Required" value="false"/><property name="Is Derived" value="false"/><property name="Is Surrogate Key" value="false"/></properties></logicalModelElement><logicalModelElement icon="-1257963500.jpeg" id="_TTuwwLdpEe2Pz_PRNglaPw" name="Nr Districtskantoor" parentId="_2tg-QLdoEe2Pz_PRNglaPw" parentName="Team" type="Attribute"><properties><property name="Data Type" value="VARCHAR(99)"/><property name="Is Part Of PrimaryKey" value="false"/><property name="Is Required" value="false"/><property name="Is Derived" value="false"/><property name="Is Surrogate Key" value="false"/></properties></logicalModelElement><logicalModelElement icon="-1257963500.jpeg" id="_TVgSYLdpEe2Pz_PRNglaPw" name="Naam Districtskantoor" parentId="_2tg-QLdoEe2Pz_PRNglaPw" parentName="Team" type="Attribute"><properties><property name="Data Type" value="VARCHAR(99)"/><property name="Is Part Of PrimaryKey" value="false"/><property name="Is Required" value="false"/><property name="Is Derived" value="false"/><property name="Is Surrogate Key" value="false"/></properties></logicalModelElement><logicalModelElement icon="-1257963500.jpeg" id="_P-TiULwlEe2mhLgXdY_KIw" name="Sorteervolgnr" parentId="_2tg-QLdoEe2Pz_PRNglaPw" parentName="Team" type="Attribute"><properties><property name="Data Type" value="INTEGER"/><property name="Is Part Of PrimaryKey" value="false"/><property name="Is Required" value="false"/><property name="Is Derived" value="false"/><property name="Is Surrogate Key" value="false"/></properties></logicalModelElement><logicalModelElement icon="-1257963500.jpeg" id="_cwVL4LnLEe2tccyh_GgW9w" name="Ingangsdatum bwt Team" parentId="_2tg-QLdoEe2Pz_PRNglaPw" parentName="Team" type="Attribute"><properties><property name="Label" value="DIM_INGANGSDATUM_BWT"/><property name="Data Type" value="DATE"/><property name="Is Part Of PrimaryKey" value="false"/><property name="Is Required" value="false"/><property name="Is Derived" value="false"/><property name="Is Surrogate Key" value="false"/></properties></logicalModelElement><logicalModelElement icon="-1257963500.jpeg" id="_Ww5vILnCEe2tccyh_GgW9w" name="Team Hashkey" parentId="_2tg-QLdoEe2Pz_PRNglaPw" parentName="Team" type="Attribute"><properties><property name="Label" value="DIM_TEAM_H_HK"/><property name="Data Type" value="VARCHAR(99)"/><property name="Is Part Of PrimaryKey" value="false"/><property name="Is Required" value="true"/><property name="Is Derived" value="false"/><property name="Is Surrogate Key" value="false"/></properties></logicalModelElement><logicalModelElement icon="-1257963500.jpeg" id="_xr5RwLnJEe2tccyh_GgW9w" name="Hashdiff Team" parentId="_2tg-QLdoEe2Pz_PRNglaPw" parentName="Team" type="Attribute"><properties><property name="Label" value="DIM_HASHDIFF_TEAM"/><property name="Data Type" value="VARCHAR(99)"/><property name="Is Part Of PrimaryKey" value="false"/><property name="Is Required" value="true"/><property name="Is Derived" value="false"/><property name="Is Surrogate Key" value="false"/></properties></logicalModelElement><logicalModelElement icon="-1257963500.jpeg" id="_okgaALnKEe2tccyh_GgW9w" name="Hashdiff Team bwt" parentId="_2tg-QLdoEe2Pz_PRNglaPw" parentName="Team" type="Attribute"><properties><property name="Label" value="DIM_HASHDIFF_TEAM_BWT"/><property name="Data Type" value="VARCHAR(99)"/><property name="Is Part Of PrimaryKey" value="false"/><property name="Is Required" value="true"/><property name="Is Derived" value="false"/><property name="Is Surrogate Key" value="false"/></properties></logicalModelElement></logicalModelElement><logicalModelElement icon="1882936036.jpeg" id="_7rAj0LzKEe2zbOoqM_Py2A" name="PreStage Zaak" parentId="_17AF4K6ZEe2uPYjdYxiEHQ" parentName="INT_ZWA" type="Entity"><properties><property name="Label" value="PRESTG_DV_ZAAK_VW"/></properties><logicalModelElement icon="-1257963500.jpeg" id="_XY4U4LzSEe2zbOoqM_Py2A" name="Mapping documentatie" parentId="_7rAj0LzKEe2zbOoqM_Py2A" parentName="PreStage Zaak" type="Attribute"><properties><property name="Description" value="NB: Neem alleen gevallen mee waarbij Einddatum AO NIET kleiner is dan Begindatum AO (en houdt rekening met null-values in deze vergelijking!)"/><property name="Data Type" value="CHAR(5)"/><property name="Is Part Of PrimaryKey" value="false"/><property name="Is Required" value="false"/><property name="Is Derived" value="false"/><property name="Is Surrogate Key" value="false"/></properties></logicalModelElement><logicalModelElement icon="-1257963500.jpeg" id="_7rAj0bzKEe2zbOoqM_Py2A" name="BSN" parentId="_7rAj0LzKEe2zbOoqM_Py2A" parentName="PreStage Zaak" type="Attribute"><properties><property name="Data Type" value="VARCHAR(99)"/><property name="Is Part Of PrimaryKey" value="false"/><property name="Is Required" value="false"/><property name="Is Derived" value="false"/><property name="Is Surrogate Key" value="false"/></properties></logicalModelElement><logicalModelElement icon="-1257963500.jpeg" id="_7rBK4LzKEe2zbOoqM_Py2A" name="Aansluitingsnr" parentId="_7rAj0LzKEe2zbOoqM_Py2A" parentName="PreStage Zaak" type="Attribute"><properties><property name="Data Type" value="VARCHAR(99)"/><property name="Is Part Of PrimaryKey" value="false"/><property name="Is Required" value="false"/><property name="Is Derived" value="false"/><property name="Is Surrogate Key" value="false"/></properties></logicalModelElement><logicalModelElement icon="-1257963500.jpeg" id="_7rBK4bzKEe2zbOoqM_Py2A" name="Contractcode" parentId="_7rAj0LzKEe2zbOoqM_Py2A" parentName="PreStage Zaak" type="Attribute"><properties><property name="Data Type" value="VARCHAR(9)"/><property name="Is Part Of PrimaryKey" value="false"/><property name="Is Required" value="false"/><property name="Is Derived" value="false"/><property name="Is Surrogate Key" value="false"/></properties></logicalModelElement><logicalModelElement icon="-1257963500.jpeg" id="_7rBK4rzKEe2zbOoqM_Py2A" name="Buitenlandse instellingsnr" parentId="_7rAj0LzKEe2zbOoqM_Py2A" parentName="PreStage Zaak" type="Attribute"><properties><property name="Data Type" value="VARCHAR(9)"/><property name="Is Part Of PrimaryKey" value="false"/><property name="Is Required" value="false"/><property name="Is Derived" value="false"/><property name="Is Surrogate Key" value="false"/></properties></logicalModelElement><logicalModelElement icon="-1257963500.jpeg" id="_7rBK47zKEe2zbOoqM_Py2A" name="Datum Boeking Dienstverband" parentId="_7rAj0LzKEe2zbOoqM_Py2A" parentName="PreStage Zaak" type="Attribute"><properties><property name="Description" value="Blijft nu even bewust leeg"/><property name="Data Type" value="DATE"/><property name="Is Part Of PrimaryKey" value="false"/><property name="Is Required" value="false"/><property name="Is Derived" value="false"/><property name="Is Surrogate Key" value="false"/></properties></logicalModelElement><logicalModelElement icon="-1257963500.jpeg" id="_7rBK5LzKEe2zbOoqM_Py2A" name="Begindatum AO" parentId="_7rAj0LzKEe2zbOoqM_Py2A" parentName="PreStage Zaak" type="Attribute"><properties><property name="Data Type" value="DATE"/><property name="Is Part Of PrimaryKey" value="false"/><property name="Is Required" value="false"/><property name="Is Derived" value="false"/><property name="Is Surrogate Key" value="false"/></properties></logicalModelElement><logicalModelElement icon="-1257963500.jpeg" id="_7rBK5bzKEe2zbOoqM_Py2A" name="UZS Aanvraagid" parentId="_7rAj0LzKEe2zbOoqM_Py2A" parentName="PreStage Zaak" type="Attribute"><properties><property name="Data Type" value="NUMERIC(38,10)"/><property name="Is Part Of PrimaryKey" value="false"/><property name="Is Required" value="false"/><property name="Is Derived" value="false"/><property name="Is Surrogate Key" value="false"/></properties></logicalModelElement><logicalModelElement icon="-1257963500.jpeg" id="_7rBK5rzKEe2zbOoqM_Py2A" name="UZS Gevalsvolgnr" parentId="_7rAj0LzKEe2zbOoqM_Py2A" parentName="PreStage Zaak" type="Attribute"><properties><property name="Data Type" value="NUMERIC(38,10)"/><property name="Is Part Of PrimaryKey" value="false"/><property name="Is Required" value="false"/><property name="Is Derived" value="false"/><property name="Is Surrogate Key" value="false"/></properties></logicalModelElement><logicalModelElement icon="-1257963500.jpeg" id="_7rBK57zKEe2zbOoqM_Py2A" name="Datum ontvangst AO Melding" parentId="_7rAj0LzKEe2zbOoqM_Py2A" parentName="PreStage Zaak" type="Attribute"><properties><property name="Data Type" value="DATE"/><property name="Is Part Of PrimaryKey" value="false"/><property name="Is Required" value="false"/><property name="Is Derived" value="false"/><property name="Is Surrogate Key" value="false"/></properties></logicalModelElement><logicalModelElement icon="-1257963500.jpeg" id="_7rBK6LzKEe2zbOoqM_Py2A" name="Datum Boeking AO" parentId="_7rAj0LzKEe2zbOoqM_Py2A" parentName="PreStage Zaak" type="Attribute"><properties><property name="Description" value="Dat Boeking AO + Tijd Boeking AO&#13;&#10;Let op: Tijd Boeking AO is een getal&#13;&#10;floor(Tijd Boeking AO / 100) = uren&#13;&#10;mod(Tijd Boeking AO, 100) = minuten"/><property name="Data Type" value="TIMESTAMP"/><property name="Is Part Of PrimaryKey" value="false"/><property name="Is Required" value="false"/><property name="Is Derived" value="false"/><property name="Is Surrogate Key" value="false"/></properties></logicalModelElement><logicalModelElement icon="-1257963500.jpeg" id="_ei_L4AakEe6ZVbKXPG1J4Q" name="Datum overdracht centraal kantoor" parentId="_7rAj0LzKEe2zbOoqM_Py2A" parentName="PreStage Zaak" type="Attribute"><properties><property name="Label" value="DATUM_OVERDRACHT_CK"/><property name="Data Type" value="TIMESTAMP"/><property name="Is Part Of PrimaryKey" value="false"/><property name="Is Required" value="false"/><property name="Is Derived" value="false"/><property name="Is Surrogate Key" value="false"/></properties></logicalModelElement><logicalModelElement icon="-1257963500.jpeg" id="_7rBK6bzKEe2zbOoqM_Py2A" name="Datum Ziekmelding door verzekerde" parentId="_7rAj0LzKEe2zbOoqM_Py2A" parentName="PreStage Zaak" type="Attribute"><properties><property name="Label" value="DATUM_ZIEKMELD_DOOR_VERZEKERDE"/><property name="Data Type" value="DATE"/><property name="Is Part Of PrimaryKey" value="false"/><property name="Is Required" value="false"/><property name="Is Derived" value="false"/><property name="Is Surrogate Key" value="false"/></properties></logicalModelElement><logicalModelElement icon="-1257963500.jpeg" id="_3D4ZsAaiEe6ZVbKXPG1J4Q" name="Datum eerste contact" parentId="_7rAj0LzKEe2zbOoqM_Py2A" parentName="PreStage Zaak" type="Attribute"><properties><property name="Label" value="EERSTE_CONTACTMOMENT"/><property name="Data Type" value="TIMESTAMP"/><property name="Is Part Of PrimaryKey" value="false"/><property name="Is Required" value="false"/><property name="Is Derived" value="false"/><property name="Is Surrogate Key" value="false"/></properties></logicalModelElement><logicalModelElement icon="-1257963500.jpeg" id="_bjfccAbGEe6c0fyHczwF1Q" name="Datum plausibel" parentId="_7rAj0LzKEe2zbOoqM_Py2A" parentName="PreStage Zaak" type="Attribute"><properties><property name="Data Type" value="TIMESTAMP"/><property name="Is Part Of PrimaryKey" value="false"/><property name="Is Required" value="false"/><property name="Is Derived" value="false"/><property name="Is Surrogate Key" value="false"/></properties></logicalModelElement><logicalModelElement icon="-1257963500.jpeg" id="_OjzIYBcYEe6MzcVVbn7IyQ" name="Indicatie Plausibel" parentId="_7rAj0LzKEe2zbOoqM_Py2A" parentName="PreStage Zaak" type="Attribute"><properties><property name="Data Type" value="VARCHAR(9)"/><property name="Is Part Of PrimaryKey" value="false"/><property name="Is Required" value="false"/><property name="Is Derived" value="false"/><property name="Is Surrogate Key" value="false"/></properties></logicalModelElement><logicalModelElement icon="-1257963500.jpeg" id="_e3rs4AbNEe6c0fyHczwF1Q" name="Maximum datum ziektewet" parentId="_7rAj0LzKEe2zbOoqM_Py2A" parentName="PreStage Zaak" type="Attribute"><properties><property name="Data Type" value="TIMESTAMP"/><property name="Is Part Of PrimaryKey" value="false"/><property name="Is Required" value="false"/><property name="Is Derived" value="false"/><property name="Is Surrogate Key" value="false"/></properties></logicalModelElement><logicalModelElement icon="-1257963500.jpeg" id="_aXU2MAbEEe6c0fyHczwF1Q" name="Uiterste datum afhandeling EZWB" parentId="_7rAj0LzKEe2zbOoqM_Py2A" parentName="PreStage Zaak" type="Attribute"><properties><property name="Label" value="DAT_UDA_EZWB"/><property name="Data Type" value="TIMESTAMP"/><property name="Is Part Of PrimaryKey" value="false"/><property name="Is Required" value="false"/><property name="Is Derived" value="false"/><property name="Is Surrogate Key" value="false"/></properties></logicalModelElement><logicalModelElement icon="-1257963500.jpeg" id="_aZsNsAbEEe6c0fyHczwF1Q" name="Nieuwe uiterste datum afhandeling EZWB" parentId="_7rAj0LzKEe2zbOoqM_Py2A" parentName="PreStage Zaak" type="Attribute"><properties><property name="Label" value="DAT_NUDA_EZWB"/><property name="Data Type" value="TIMESTAMP"/><property name="Is Part Of PrimaryKey" value="false"/><property name="Is Required" value="false"/><property name="Is Derived" value="false"/><property name="Is Surrogate Key" value="false"/></properties></logicalModelElement><logicalModelElement icon="-1257963500.jpeg" id="_7rBK6rzKEe2zbOoqM_Py2A" name="Datum ontvangst hersteldmelding" parentId="_7rAj0LzKEe2zbOoqM_Py2A" parentName="PreStage Zaak" type="Attribute"><properties><property name="Data Type" value="DATE"/><property name="Is Part Of PrimaryKey" value="false"/><property name="Is Required" value="false"/><property name="Is Derived" value="false"/><property name="Is Surrogate Key" value="false"/></properties></logicalModelElement><logicalModelElement icon="-1257963500.jpeg" id="_7rBK67zKEe2zbOoqM_Py2A" name="Datum boeking hersteldmelding" parentId="_7rAj0LzKEe2zbOoqM_Py2A" parentName="PreStage Zaak" type="Attribute"><properties><property name="Description" value="Dat Boek Hm + Tijd Boeking Hm&#13;&#10;&#13;&#10;Let op: Tijd Boeking Hm is een getal&#13;&#10;floor(Tijd Boeking Hm / 100) = uren&#13;&#10;mod(Tijd Boeking Hm, 100) = minuten"/><property name="Data Type" value="TIMESTAMP"/><property name="Is Part Of PrimaryKey" value="false"/><property name="Is Required" value="false"/><property name="Is Derived" value="false"/><property name="Is Surrogate Key" value="false"/></properties></logicalModelElement><logicalModelElement icon="-1257963500.jpeg" id="_7rBK7LzKEe2zbOoqM_Py2A" name="Einddatum AO" parentId="_7rAj0LzKEe2zbOoqM_Py2A" parentName="PreStage Zaak" type="Attribute"><properties><property name="Data Type" value="DATE"/><property name="Is Part Of PrimaryKey" value="false"/><property name="Is Required" value="false"/><property name="Is Derived" value="false"/><property name="Is Surrogate Key" value="false"/></properties></logicalModelElement><logicalModelElement icon="-1257963500.jpeg" id="_cbeq0PMyEe2z15XSCidqEQ" name="Code vangnetcategorie" parentId="_7rAj0LzKEe2zbOoqM_Py2A" parentName="PreStage Zaak" type="Attribute"><properties><property name="Data Type" value="VARCHAR(99)"/><property name="Is Part Of PrimaryKey" value="false"/><property name="Is Required" value="false"/><property name="Is Derived" value="false"/><property name="Is Surrogate Key" value="false"/></properties></logicalModelElement><logicalModelElement icon="-1257963500.jpeg" id="_eEDyMPMyEe2z15XSCidqEQ" name="Vangnetcategorie" parentId="_7rAj0LzKEe2zbOoqM_Py2A" parentName="PreStage Zaak" type="Attribute"><properties><property name="Data Type" value="VARCHAR(99)"/><property name="Is Part Of PrimaryKey" value="false"/><property name="Is Required" value="false"/><property name="Is Derived" value="false"/><property name="Is Surrogate Key" value="false"/></properties></logicalModelElement><logicalModelElement icon="-1257963500.jpeg" id="_KpeOgAbKEe6c0fyHczwF1Q" name="Code bron hersteldmelding" parentId="_7rAj0LzKEe2zbOoqM_Py2A" parentName="PreStage Zaak" type="Attribute"><properties><property name="Data Type" value="VARCHAR(99)"/><property name="Is Part Of PrimaryKey" value="false"/><property name="Is Required" value="false"/><property name="Is Derived" value="false"/><property name="Is Surrogate Key" value="false"/></properties></logicalModelElement><logicalModelElement icon="-1257963500.jpeg" id="_KmrZMAbKEe6c0fyHczwF1Q" name="Bron hersteldmelding" parentId="_7rAj0LzKEe2zbOoqM_Py2A" parentName="PreStage Zaak" type="Attribute"><properties><property name="Data Type" value="VARCHAR(99)"/><property name="Is Part Of PrimaryKey" value="false"/><property name="Is Required" value="false"/><property name="Is Derived" value="false"/><property name="Is Surrogate Key" value="false"/></properties></logicalModelElement><logicalModelElement icon="-1257963500.jpeg" id="_iFXggBD3Ee6mufEHWIKatw" name="Code Reden Hersteldmelding" parentId="_7rAj0LzKEe2zbOoqM_Py2A" parentName="PreStage Zaak" type="Attribute"><properties><property name="Data Type" value="VARCHAR(99)"/><property name="Is Part Of PrimaryKey" value="false"/><property name="Is Required" value="false"/><property name="Is Derived" value="false"/><property name="Is Surrogate Key" value="false"/></properties></logicalModelElement><logicalModelElement icon="-1257963500.jpeg" id="_iFwiEBD3Ee6mufEHWIKatw" name="Reden Hersteldmelding" parentId="_7rAj0LzKEe2zbOoqM_Py2A" parentName="PreStage Zaak" type="Attribute"><properties><property name="Data Type" value="VARCHAR(99)"/><property name="Is Part Of PrimaryKey" value="false"/><property name="Is Required" value="false"/><property name="Is Derived" value="false"/><property name="Is Surrogate Key" value="false"/></properties></logicalModelElement><logicalModelElement icon="-1257963500.jpeg" id="_gdl-0AXdEe6i3P4_hf1J0g" name="Code uitstroomoorzaak" parentId="_7rAj0LzKEe2zbOoqM_Py2A" parentName="PreStage Zaak" type="Attribute"><properties><property name="Data Type" value="VARCHAR(99)"/><property name="Is Part Of PrimaryKey" value="false"/><property name="Is Required" value="false"/><property name="Is Derived" value="false"/><property name="Is Surrogate Key" value="false"/></properties></logicalModelElement><logicalModelElement icon="-1257963500.jpeg" id="_ggBnwAXdEe6i3P4_hf1J0g" name="Uitstroomoorzaak" parentId="_7rAj0LzKEe2zbOoqM_Py2A" parentName="PreStage Zaak" type="Attribute"><properties><property name="Data Type" value="VARCHAR(99)"/><property name="Is Part Of PrimaryKey" value="false"/><property name="Is Required" value="false"/><property name="Is Derived" value="false"/><property name="Is Surrogate Key" value="false"/></properties></logicalModelElement><logicalModelElement icon="-1257963500.jpeg" id="_FSAbYAaaEe6ZVbKXPG1J4Q" name="Indicatie eigen risico drager" parentId="_7rAj0LzKEe2zbOoqM_Py2A" parentName="PreStage Zaak" type="Attribute"><properties><property name="Label" value="IND_EIGENRISICODRAGER"/><property name="Data Type" value="VARCHAR(9)"/><property name="Is Part Of PrimaryKey" value="false"/><property name="Is Required" value="false"/><property name="Is Derived" value="false"/><property name="Is Surrogate Key" value="false"/></properties></logicalModelElement><logicalModelElement icon="-1257963500.jpeg" id="_QfDC8AaXEe6ZVbKXPG1J4Q" name="Indicatie slapend" parentId="_7rAj0LzKEe2zbOoqM_Py2A" parentName="PreStage Zaak" type="Attribute"><properties><property name="Label" value="IND_SLAPEND"/><property name="Data Type" value="VARCHAR(9)"/><property name="Is Part Of PrimaryKey" value="false"/><property name="Is Required" value="false"/><property name="Is Derived" value="false"/><property name="Is Surrogate Key" value="false"/></properties></logicalModelElement><logicalModelElement icon="-1257963500.jpeg" id="_7rBK7bzKEe2zbOoqM_Py2A" name="Ingangsdatum bwt Zaak" parentId="_7rAj0LzKEe2zbOoqM_Py2A" parentName="PreStage Zaak" type="Attribute"><properties><property name="Label" value="DIM_INGANGSDATUM_BWT"/><property name="Data Type" value="DATE"/><property name="Is Part Of PrimaryKey" value="false"/><property name="Is Required" value="false"/><property name="Is Derived" value="false"/><property name="Is Surrogate Key" value="false"/></properties></logicalModelElement><logicalModelElement icon="-1257963500.jpeg" id="_7rBK8bzKEe2zbOoqM_Py2A" name="Nr Districtskantoor" parentId="_7rAj0LzKEe2zbOoqM_Py2A" parentName="PreStage Zaak" type="Attribute"><properties><property name="Data Type" value="VARCHAR(99)"/><property name="Is Part Of PrimaryKey" value="false"/><property name="Is Required" value="false"/><property name="Is Derived" value="false"/><property name="Is Surrogate Key" value="false"/></properties></logicalModelElement><logicalModelElement icon="-1257963500.jpeg" id="_7rBK8rzKEe2zbOoqM_Py2A" name="Teamnummer" parentId="_7rAj0LzKEe2zbOoqM_Py2A" parentName="PreStage Zaak" type="Attribute"><properties><property name="Data Type" value="VARCHAR(99)"/><property name="Is Part Of PrimaryKey" value="false"/><property name="Is Required" value="false"/><property name="Is Derived" value="false"/><property name="Is Surrogate Key" value="false"/></properties></logicalModelElement><logicalModelElement icon="-1257963500.jpeg" id="_wou-kMJvEe2mAtS0tjWawA" name="Dummy" parentId="_7rAj0LzKEe2zbOoqM_Py2A" parentName="PreStage Zaak" type="Attribute"><properties><property name="Label" value="DIM_DUMMY"/><property name="Data Type" value="VARCHAR(9)"/><property name="Is Part Of PrimaryKey" value="false"/><property name="Is Required" value="false"/><property name="Is Derived" value="false"/><property name="Is Surrogate Key" value="false"/></properties></logicalModelElement></logicalModelElement><logicalModelElement icon="1882936036.jpeg" id="_WZ3zILzLEe2zbOoqM_Py2A" name="PreStage Team" parentId="_17AF4K6ZEe2uPYjdYxiEHQ" parentName="INT_ZWA" type="Entity"><properties><property name="Label" value="PRESTG_DV_TEAM_VW"/></properties><logicalModelElement icon="-1257963500.jpeg" id="_WZ3zIbzLEe2zbOoqM_Py2A" name="Teamnummer" parentId="_WZ3zILzLEe2zbOoqM_Py2A" parentName="PreStage Team" type="Attribute"><properties><property name="Data Type" value="VARCHAR(99)"/><property name="Is Part Of PrimaryKey" value="false"/><property name="Is Required" value="false"/><property name="Is Derived" value="false"/><property name="Is Surrogate Key" value="false"/></properties></logicalModelElement><logicalModelElement icon="-1257963500.jpeg" id="_WZ3zIrzLEe2zbOoqM_Py2A" name="Teamnaam" parentId="_WZ3zILzLEe2zbOoqM_Py2A" parentName="PreStage Team" type="Attribute"><properties><property name="Description" value="Blijft nu bewust even leeg"/><property name="Data Type" value="VARCHAR(99)"/><property name="Is Part Of PrimaryKey" value="false"/><property name="Is Required" value="false"/><property name="Is Derived" value="false"/><property name="Is Surrogate Key" value="false"/></properties></logicalModelElement><logicalModelElement icon="-1257963500.jpeg" id="_WZ3zI7zLEe2zbOoqM_Py2A" name="Nr Districtskantoor" parentId="_WZ3zILzLEe2zbOoqM_Py2A" parentName="PreStage Team" type="Attribute"><properties><property name="Data Type" value="VARCHAR(99)"/><property name="Is Part Of PrimaryKey" value="false"/><property name="Is Required" value="false"/><property name="Is Derived" value="false"/><property name="Is Surrogate Key" value="false"/></properties></logicalModelElement><logicalModelElement icon="-1257963500.jpeg" id="_WZ3zJLzLEe2zbOoqM_Py2A" name="Naam Districtskantoor" parentId="_WZ3zILzLEe2zbOoqM_Py2A" parentName="PreStage Team" type="Attribute"><properties><property name="Data Type" value="VARCHAR(99)"/><property name="Is Part Of PrimaryKey" value="false"/><property name="Is Required" value="false"/><property name="Is Derived" value="false"/><property name="Is Surrogate Key" value="false"/></properties></logicalModelElement><logicalModelElement icon="-1257963500.jpeg" id="_WZ3zJbzLEe2zbOoqM_Py2A" name="Sorteervolgnr" parentId="_WZ3zILzLEe2zbOoqM_Py2A" parentName="PreStage Team" type="Attribute"><properties><property name="Data Type" value="INTEGER"/><property name="Is Part Of PrimaryKey" value="false"/><property name="Is Required" value="false"/><property name="Is Derived" value="false"/><property name="Is Surrogate Key" value="false"/></properties></logicalModelElement><logicalModelElement icon="-1257963500.jpeg" id="_WZ3zJrzLEe2zbOoqM_Py2A" name="Ingangsdatum bwt Team" parentId="_WZ3zILzLEe2zbOoqM_Py2A" parentName="PreStage Team" type="Attribute"><properties><property name="Label" value="DIM_INGANGSDATUM_BWT"/><property name="Data Type" value="DATE"/><property name="Is Part Of PrimaryKey" value="false"/><property name="Is Required" value="false"/><property name="Is Derived" value="false"/><property name="Is Surrogate Key" value="false"/></properties></logicalModelElement></logicalModelElement><logicalModelElement icon="1882936036.jpeg" id="_hzvNIN0yEe2QlKnaFAL31A" name="Taak in Zaak" parentId="_17AF4K6ZEe2uPYjdYxiEHQ" parentName="INT_ZWA" type="Entity"><properties><property name="Label" value="STG_DV_TAAKINZAAK"/></properties><logicalModelElement icon="-1257963500.jpeg" id="_hzvNId0yEe2QlKnaFAL31A" name="BSN" parentId="_hzvNIN0yEe2QlKnaFAL31A" parentName="Taak in Zaak" type="Attribute"><properties><property name="Data Type" value="VARCHAR(99)"/><property name="Is Part Of PrimaryKey" value="false"/><property name="Is Required" value="false"/><property name="Is Derived" value="false"/><property name="Is Surrogate Key" value="false"/></properties></logicalModelElement><logicalModelElement icon="-1257963500.jpeg" id="_hzvNIt0yEe2QlKnaFAL31A" name="Aansluitingsnr" parentId="_hzvNIN0yEe2QlKnaFAL31A" parentName="Taak in Zaak" type="Attribute"><properties><property name="Data Type" value="VARCHAR(99)"/><property name="Is Part Of PrimaryKey" value="false"/><property name="Is Required" value="false"/><property name="Is Derived" value="false"/><property name="Is Surrogate Key" value="false"/></properties></logicalModelElement><logicalModelElement icon="-1257963500.jpeg" id="_hzvNI90yEe2QlKnaFAL31A" name="Contractcode" parentId="_hzvNIN0yEe2QlKnaFAL31A" parentName="Taak in Zaak" type="Attribute"><properties><property name="Data Type" value="VARCHAR(9)"/><property name="Is Part Of PrimaryKey" value="false"/><property name="Is Required" value="false"/><property name="Is Derived" value="false"/><property name="Is Surrogate Key" value="false"/></properties></logicalModelElement><logicalModelElement icon="-1257963500.jpeg" id="_hzvNJN0yEe2QlKnaFAL31A" name="Buitenlandse instellingsnr" parentId="_hzvNIN0yEe2QlKnaFAL31A" parentName="Taak in Zaak" type="Attribute"><properties><property name="Data Type" value="VARCHAR(9)"/><property name="Is Part Of PrimaryKey" value="false"/><property name="Is Required" value="false"/><property name="Is Derived" value="false"/><property name="Is Surrogate Key" value="false"/></properties></logicalModelElement><logicalModelElement icon="-1257963500.jpeg" id="_hzvNJd0yEe2QlKnaFAL31A" name="Datum Boeking Dienstverband" parentId="_hzvNIN0yEe2QlKnaFAL31A" parentName="Taak in Zaak" type="Attribute"><properties><property name="Data Type" value="DATE"/><property name="Is Part Of PrimaryKey" value="false"/><property name="Is Required" value="false"/><property name="Is Derived" value="false"/><property name="Is Surrogate Key" value="false"/></properties></logicalModelElement><logicalModelElement icon="-1257963500.jpeg" id="_hzvNJt0yEe2QlKnaFAL31A" name="Begindatum AO" parentId="_hzvNIN0yEe2QlKnaFAL31A" parentName="Taak in Zaak" type="Attribute"><properties><property name="Data Type" value="DATE"/><property name="Is Part Of PrimaryKey" value="false"/><property name="Is Required" value="false"/><property name="Is Derived" value="false"/><property name="Is Surrogate Key" value="false"/></properties></logicalModelElement><logicalModelElement icon="-1257963500.jpeg" id="__1qvsN0yEe2QlKnaFAL31A" name="Activiteitcode" parentId="_hzvNIN0yEe2QlKnaFAL31A" parentName="Taak in Zaak" type="Attribute"><properties><property name="Data Type" value="VARCHAR(9)"/><property name="Is Part Of PrimaryKey" value="false"/><property name="Is Required" value="false"/><property name="Is Derived" value="false"/><property name="Is Surrogate Key" value="false"/></properties></logicalModelElement><logicalModelElement icon="-1257963500.jpeg" id="__1g-sN0yEe2QlKnaFAL31A" name="Activiteit Omschrijving" parentId="_hzvNIN0yEe2QlKnaFAL31A" parentName="Taak in Zaak" type="Attribute"><properties><property name="Data Type" value="VARCHAR(999)"/><property name="Is Part Of PrimaryKey" value="false"/><property name="Is Required" value="false"/><property name="Is Derived" value="false"/><property name="Is Surrogate Key" value="false"/></properties></logicalModelElement><logicalModelElement icon="-1257963500.jpeg" id="_hzvNMN0yEe2QlKnaFAL31A" name="Zaak Hashkey" parentId="_hzvNIN0yEe2QlKnaFAL31A" parentName="Taak in Zaak" type="Attribute"><properties><property name="Label" value="DIM_ZAAK_H_HK"/><property name="Data Type" value="VARCHAR(99)"/><property name="Is Part Of PrimaryKey" value="false"/><property name="Is Required" value="true"/><property name="Is Derived" value="false"/><property name="Is Surrogate Key" value="false"/></properties></logicalModelElement><logicalModelElement icon="-1257963500.jpeg" id="_x0qoMN00Ee2QlKnaFAL31A" name="Taak Hashkey" parentId="_hzvNIN0yEe2QlKnaFAL31A" parentName="Taak in Zaak" type="Attribute"><properties><property name="Label" value="DIM_TAAK_H_HK"/><property name="Data Type" value="VARCHAR(99)"/><property name="Is Part Of PrimaryKey" value="false"/><property name="Is Required" value="true"/><property name="Is Derived" value="false"/><property name="Is Surrogate Key" value="false"/></properties></logicalModelElement><logicalModelElement icon="-1257963500.jpeg" id="_hzvNMd0yEe2QlKnaFAL31A" name="Hashdiff Taak" parentId="_hzvNIN0yEe2QlKnaFAL31A" parentName="Taak in Zaak" type="Attribute"><properties><property name="Label" value="DIM_HASHDIFF_TAAK"/><property name="Data Type" value="VARCHAR(99)"/><property name="Is Part Of PrimaryKey" value="false"/><property name="Is Required" value="true"/><property name="Is Derived" value="false"/><property name="Is Surrogate Key" value="false"/></properties></logicalModelElement><logicalModelElement icon="-1257963500.jpeg" id="_hzvNNd0yEe2QlKnaFAL31A" name="Taak In Zaak L Hashkey" parentId="_hzvNIN0yEe2QlKnaFAL31A" parentName="Taak in Zaak" type="Attribute"><properties><property name="Label" value="DIM_TAAKINZAAK_L_HK"/><property name="Data Type" value="VARCHAR(99)"/><property name="Is Part Of PrimaryKey" value="false"/><property name="Is Required" value="true"/><property name="Is Derived" value="false"/><property name="Is Surrogate Key" value="false"/></properties></logicalModelElement><logicalModelElement icon="-1257963500.jpeg" id="_hzvNMt0yEe2QlKnaFAL31A" name="Hashdiff TaakInZaak" parentId="_hzvNIN0yEe2QlKnaFAL31A" parentName="Taak in Zaak" type="Attribute"><properties><property name="Label" value="DIM_HASHDIFF_TAAKINZAAK"/><property name="Data Type" value="VARCHAR(99)"/><property name="Is Part Of PrimaryKey" value="false"/><property name="Is Required" value="true"/><property name="Is Derived" value="false"/><property name="Is Surrogate Key" value="false"/></properties></logicalModelElement><logicalModelElement icon="-1257963500.jpeg" id="_ndZvoOKpEe2DP5d4z7M7Jw" name="Datum initiele boeking activiteit" parentId="_hzvNIN0yEe2QlKnaFAL31A" parentName="Taak in Zaak" type="Attribute"><properties><property name="Label" value="DATUM_INITIELE_BOEKING_ACT"/><property name="Data Type" value="TIMESTAMP"/><property name="Is Part Of PrimaryKey" value="false"/><property name="Is Required" value="true"/><property name="Is Derived" value="false"/><property name="Is Surrogate Key" value="false"/></properties></logicalModelElement><logicalModelElement icon="-1257963500.jpeg" id="_ZeSvsN0zEe2QlKnaFAL31A" name="Datum boeking activiteit" parentId="_hzvNIN0yEe2QlKnaFAL31A" parentName="Taak in Zaak" type="Attribute"><properties><property name="Data Type" value="TIMESTAMP"/><property name="Is Part Of PrimaryKey" value="false"/><property name="Is Required" value="false"/><property name="Is Derived" value="false"/><property name="Is Surrogate Key" value="false"/></properties></logicalModelElement><logicalModelElement icon="-1257963500.jpeg" id="_bTLNsN0zEe2QlKnaFAL31A" name="Code aanleiding activiteit" parentId="_hzvNIN0yEe2QlKnaFAL31A" parentName="Taak in Zaak" type="Attribute"><properties><property name="Data Type" value="VARCHAR(99)"/><property name="Is Part Of PrimaryKey" value="false"/><property name="Is Required" value="false"/><property name="Is Derived" value="false"/><property name="Is Surrogate Key" value="false"/></properties></logicalModelElement><logicalModelElement icon="-1257963500.jpeg" id="_c5ZkoN0zEe2QlKnaFAL31A" name="Aanleiding activiteit" parentId="_hzvNIN0yEe2QlKnaFAL31A" parentName="Taak in Zaak" type="Attribute"><properties><property name="Data Type" value="VARCHAR(99)"/><property name="Is Part Of PrimaryKey" value="false"/><property name="Is Required" value="false"/><property name="Is Derived" value="false"/><property name="Is Surrogate Key" value="false"/></properties></logicalModelElement><logicalModelElement icon="-1257963500.jpeg" id="_fLx28N0zEe2QlKnaFAL31A" name="Datum activiteit Plan" parentId="_hzvNIN0yEe2QlKnaFAL31A" parentName="Taak in Zaak" type="Attribute"><properties><property name="Data Type" value="TIMESTAMP"/><property name="Is Part Of PrimaryKey" value="false"/><property name="Is Required" value="false"/><property name="Is Derived" value="false"/><property name="Is Surrogate Key" value="false"/></properties></logicalModelElement><logicalModelElement icon="-1257963500.jpeg" id="_ijUagN0zEe2QlKnaFAL31A" name="Datum activiteit Realisatie" parentId="_hzvNIN0yEe2QlKnaFAL31A" parentName="Taak in Zaak" type="Attribute"><properties><property name="Data Type" value="TIMESTAMP"/><property name="Is Part Of PrimaryKey" value="false"/><property name="Is Required" value="false"/><property name="Is Derived" value="false"/><property name="Is Surrogate Key" value="false"/></properties></logicalModelElement><logicalModelElement icon="-1257963500.jpeg" id="_jJAhgN0zEe2QlKnaFAL31A" name="Datum oproep" parentId="_hzvNIN0yEe2QlKnaFAL31A" parentName="Taak in Zaak" type="Attribute"><properties><property name="Data Type" value="TIMESTAMP"/><property name="Is Part Of PrimaryKey" value="false"/><property name="Is Required" value="false"/><property name="Is Derived" value="false"/><property name="Is Surrogate Key" value="false"/></properties></logicalModelElement><logicalModelElement icon="-1257963500.jpeg" id="_jP8P8N0zEe2QlKnaFAL31A" name="Code aanwezigheid persoon" parentId="_hzvNIN0yEe2QlKnaFAL31A" parentName="Taak in Zaak" type="Attribute"><properties><property name="Data Type" value="VARCHAR(99)"/><property name="Is Part Of PrimaryKey" value="false"/><property name="Is Required" value="false"/><property name="Is Derived" value="false"/><property name="Is Surrogate Key" value="false"/></properties></logicalModelElement><logicalModelElement icon="-1257963500.jpeg" id="_jXlJAN0zEe2QlKnaFAL31A" name="Aanwezigheid persoon" parentId="_hzvNIN0yEe2QlKnaFAL31A" parentName="Taak in Zaak" type="Attribute"><properties><property name="Data Type" value="VARCHAR(99)"/><property name="Is Part Of PrimaryKey" value="false"/><property name="Is Required" value="false"/><property name="Is Derived" value="false"/><property name="Is Surrogate Key" value="false"/></properties></logicalModelElement><logicalModelElement icon="-1257963500.jpeg" id="_jflOcN0zEe2QlKnaFAL31A" name="Code functie medewerker" parentId="_hzvNIN0yEe2QlKnaFAL31A" parentName="Taak in Zaak" type="Attribute"><properties><property name="Data Type" value="VARCHAR(99)"/><property name="Is Part Of PrimaryKey" value="false"/><property name="Is Required" value="false"/><property name="Is Derived" value="false"/><property name="Is Surrogate Key" value="false"/></properties></logicalModelElement><logicalModelElement icon="-1257963500.jpeg" id="_jmknQN0zEe2QlKnaFAL31A" name="Functie medewerker" parentId="_hzvNIN0yEe2QlKnaFAL31A" parentName="Taak in Zaak" type="Attribute"><properties><property name="Data Type" value="VARCHAR(99)"/><property name="Is Part Of PrimaryKey" value="false"/><property name="Is Required" value="false"/><property name="Is Derived" value="false"/><property name="Is Surrogate Key" value="false"/></properties></logicalModelElement><logicalModelElement icon="-1257963500.jpeg" id="_jsea8N0zEe2QlKnaFAL31A" name="Code status activiteit" parentId="_hzvNIN0yEe2QlKnaFAL31A" parentName="Taak in Zaak" type="Attribute"><properties><property name="Data Type" value="VARCHAR(99)"/><property name="Is Part Of PrimaryKey" value="false"/><property name="Is Required" value="false"/><property name="Is Derived" value="false"/><property name="Is Surrogate Key" value="false"/></properties></logicalModelElement><logicalModelElement icon="-1257963500.jpeg" id="_k4tkkN0zEe2QlKnaFAL31A" name="Status activiteit" parentId="_hzvNIN0yEe2QlKnaFAL31A" parentName="Taak in Zaak" type="Attribute"><properties><property name="Data Type" value="VARCHAR(99)"/><property name="Is Part Of PrimaryKey" value="false"/><property name="Is Required" value="false"/><property name="Is Derived" value="false"/><property name="Is Surrogate Key" value="false"/></properties></logicalModelElement><logicalModelElement icon="-1257963500.jpeg" id="_mn0xwN0zEe2QlKnaFAL31A" name="Code conclusie activiteit" parentId="_hzvNIN0yEe2QlKnaFAL31A" parentName="Taak in Zaak" type="Attribute"><properties><property name="Data Type" value="VARCHAR(99)"/><property name="Is Part Of PrimaryKey" value="false"/><property name="Is Required" value="false"/><property name="Is Derived" value="false"/><property name="Is Surrogate Key" value="false"/></properties></logicalModelElement><logicalModelElement icon="-1257963500.jpeg" id="_muIOEN0zEe2QlKnaFAL31A" name="Conclusie activiteit" parentId="_hzvNIN0yEe2QlKnaFAL31A" parentName="Taak in Zaak" type="Attribute"><properties><property name="Data Type" value="VARCHAR(999)"/><property name="Is Part Of PrimaryKey" value="false"/><property name="Is Required" value="false"/><property name="Is Derived" value="false"/><property name="Is Surrogate Key" value="false"/></properties></logicalModelElement><logicalModelElement icon="-1257963500.jpeg" id="_JXCeoAa8Ee6ZVbKXPG1J4Q" name="Nr Districtskantoor" parentId="_hzvNIN0yEe2QlKnaFAL31A" parentName="Taak in Zaak" type="Attribute"><properties><property name="Data Type" value="VARCHAR(99)"/><property name="Is Part Of PrimaryKey" value="false"/><property name="Is Required" value="false"/><property name="Is Derived" value="false"/><property name="Is Surrogate Key" value="false"/></properties></logicalModelElement><logicalModelElement icon="-1257963500.jpeg" id="_JUHtgAa8Ee6ZVbKXPG1J4Q" name="Naam Districtskantoor" parentId="_hzvNIN0yEe2QlKnaFAL31A" parentName="Taak in Zaak" type="Attribute"><properties><property name="Data Type" value="VARCHAR(99)"/><property name="Is Part Of PrimaryKey" value="false"/><property name="Is Required" value="false"/><property name="Is Derived" value="false"/><property name="Is Surrogate Key" value="false"/></properties></logicalModelElement><logicalModelElement icon="-1257963500.jpeg" id="_VTBusBp0Ee635vgw0hCwnw" name="Ingangsdatum Bwt" parentId="_hzvNIN0yEe2QlKnaFAL31A" parentName="Taak in Zaak" type="Attribute"><properties><property name="Label" value="DIM_INGANGSDATUM_BWT"/><property name="Data Type" value="DATE"/><property name="Is Part Of PrimaryKey" value="false"/><property name="Is Required" value="false"/><property name="Is Derived" value="false"/><property name="Is Surrogate Key" value="false"/></properties></logicalModelElement></logicalModelElement><logicalModelElement icon="1882936036.jpeg" id="_g6atkN00Ee2QlKnaFAL31A" name="Prestage Taak in Zaak" parentId="_17AF4K6ZEe2uPYjdYxiEHQ" parentName="INT_ZWA" type="Entity"><properties><property name="Label" value="PRESTG_DV_TAAKINZAAK_VW"/></properties><logicalModelElement icon="-1257963500.jpeg" id="_g6atkd00Ee2QlKnaFAL31A" name="BSN" parentId="_g6atkN00Ee2QlKnaFAL31A" parentName="Prestage Taak in Zaak" type="Attribute"><properties><property name="Data Type" value="VARCHAR(99)"/><property name="Is Part Of PrimaryKey" value="false"/><property name="Is Required" value="false"/><property name="Is Derived" value="false"/><property name="Is Surrogate Key" value="false"/></properties></logicalModelElement><logicalModelElement icon="-1257963500.jpeg" id="_g6atkt00Ee2QlKnaFAL31A" name="Aansluitingsnr" parentId="_g6atkN00Ee2QlKnaFAL31A" parentName="Prestage Taak in Zaak" type="Attribute"><properties><property name="Data Type" value="VARCHAR(99)"/><property name="Is Part Of PrimaryKey" value="false"/><property name="Is Required" value="false"/><property name="Is Derived" value="false"/><property name="Is Surrogate Key" value="false"/></properties></logicalModelElement><logicalModelElement icon="-1257963500.jpeg" id="_g6atk900Ee2QlKnaFAL31A" name="Contractcode" parentId="_g6atkN00Ee2QlKnaFAL31A" parentName="Prestage Taak in Zaak" type="Attribute"><properties><property name="Data Type" value="VARCHAR(9)"/><property name="Is Part Of PrimaryKey" value="false"/><property name="Is Required" value="false"/><property name="Is Derived" value="false"/><property name="Is Surrogate Key" value="false"/></properties></logicalModelElement><logicalModelElement icon="-1257963500.jpeg" id="_g6atlN00Ee2QlKnaFAL31A" name="Buitenlandse instellingsnr" parentId="_g6atkN00Ee2QlKnaFAL31A" parentName="Prestage Taak in Zaak" type="Attribute"><properties><property name="Data Type" value="VARCHAR(9)"/><property name="Is Part Of PrimaryKey" value="false"/><property name="Is Required" value="false"/><property name="Is Derived" value="false"/><property name="Is Surrogate Key" value="false"/></properties></logicalModelElement><logicalModelElement icon="-1257963500.jpeg" id="_g6atld00Ee2QlKnaFAL31A" name="Datum Boeking Dienstverband" parentId="_g6atkN00Ee2QlKnaFAL31A" parentName="Prestage Taak in Zaak" type="Attribute"><properties><property name="Data Type" value="DATE"/><property name="Is Part Of PrimaryKey" value="false"/><property name="Is Required" value="false"/><property name="Is Derived" value="false"/><property name="Is Surrogate Key" value="false"/></properties></logicalModelElement><logicalModelElement icon="-1257963500.jpeg" id="_g6atlt00Ee2QlKnaFAL31A" name="Begindatum AO" parentId="_g6atkN00Ee2QlKnaFAL31A" parentName="Prestage Taak in Zaak" type="Attribute"><properties><property name="Data Type" value="DATE"/><property name="Is Part Of PrimaryKey" value="false"/><property name="Is Required" value="false"/><property name="Is Derived" value="false"/><property name="Is Surrogate Key" value="false"/></properties></logicalModelElement><logicalModelElement icon="-1257963500.jpeg" id="_g6atl900Ee2QlKnaFAL31A" name="Activiteitcode" parentId="_g6atkN00Ee2QlKnaFAL31A" parentName="Prestage Taak in Zaak" type="Attribute"><properties><property name="Data Type" value="CHAR(5)"/><property name="Is Part Of PrimaryKey" value="false"/><property name="Is Required" value="false"/><property name="Is Derived" value="false"/><property name="Is Surrogate Key" value="false"/></properties></logicalModelElement><logicalModelElement icon="-1257963500.jpeg" id="_g6atmN00Ee2QlKnaFAL31A" name="Activiteit Omschrijving" parentId="_g6atkN00Ee2QlKnaFAL31A" parentName="Prestage Taak in Zaak" type="Attribute"><properties><property name="Data Type" value="CHAR(5)"/><property name="Is Part Of PrimaryKey" value="false"/><property name="Is Required" value="false"/><property name="Is Derived" value="false"/><property name="Is Surrogate Key" value="false"/></properties></logicalModelElement><logicalModelElement icon="-1257963500.jpeg" id="_dcdPIOKpEe2DP5d4z7M7Jw" name="Datum initiele boeking activiteit" parentId="_g6atkN00Ee2QlKnaFAL31A" parentName="Prestage Taak in Zaak" type="Attribute"><properties><property name="Label" value="DATUM_INITIELE_BOEKING_ACT"/><property name="Data Type" value="CHAR(5)"/><property name="Is Part Of PrimaryKey" value="false"/><property name="Is Required" value="false"/><property name="Is Derived" value="false"/><property name="Is Surrogate Key" value="false"/></properties></logicalModelElement><logicalModelElement icon="-1257963500.jpeg" id="_g6atnd00Ee2QlKnaFAL31A" name="Datum boeking activiteit" parentId="_g6atkN00Ee2QlKnaFAL31A" parentName="Prestage Taak in Zaak" type="Attribute"><properties><property name="Data Type" value="TIMESTAMP"/><property name="Is Part Of PrimaryKey" value="false"/><property name="Is Required" value="false"/><property name="Is Derived" value="false"/><property name="Is Surrogate Key" value="false"/></properties></logicalModelElement><logicalModelElement icon="-1257963500.jpeg" id="_g6atnt00Ee2QlKnaFAL31A" name="Code aanleiding activiteit" parentId="_g6atkN00Ee2QlKnaFAL31A" parentName="Prestage Taak in Zaak" type="Attribute"><properties><property name="Data Type" value="VARCHAR(99)"/><property name="Is Part Of PrimaryKey" value="false"/><property name="Is Required" value="false"/><property name="Is Derived" value="false"/><property name="Is Surrogate Key" value="false"/></properties></logicalModelElement><logicalModelElement icon="-1257963500.jpeg" id="_g6atn900Ee2QlKnaFAL31A" name="Aanleiding activiteit" parentId="_g6atkN00Ee2QlKnaFAL31A" parentName="Prestage Taak in Zaak" type="Attribute"><properties><property name="Data Type" value="VARCHAR(99)"/><property name="Is Part Of PrimaryKey" value="false"/><property name="Is Required" value="false"/><property name="Is Derived" value="false"/><property name="Is Surrogate Key" value="false"/></properties></logicalModelElement><logicalModelElement icon="-1257963500.jpeg" id="_g6atoN00Ee2QlKnaFAL31A" name="Datum activiteit Plan" parentId="_g6atkN00Ee2QlKnaFAL31A" parentName="Prestage Taak in Zaak" type="Attribute"><properties><property name="Data Type" value="TIMESTAMP"/><property name="Is Part Of PrimaryKey" value="false"/><property name="Is Required" value="false"/><property name="Is Derived" value="false"/><property name="Is Surrogate Key" value="false"/></properties></logicalModelElement><logicalModelElement icon="-1257963500.jpeg" id="_g6atod00Ee2QlKnaFAL31A" name="Datum activiteit Realisatie" parentId="_g6atkN00Ee2QlKnaFAL31A" parentName="Prestage Taak in Zaak" type="Attribute"><properties><property name="Data Type" value="TIMESTAMP"/><property name="Is Part Of PrimaryKey" value="false"/><property name="Is Required" value="false"/><property name="Is Derived" value="false"/><property name="Is Surrogate Key" value="false"/></properties></logicalModelElement><logicalModelElement icon="-1257963500.jpeg" id="_g6atot00Ee2QlKnaFAL31A" name="Datum oproep" parentId="_g6atkN00Ee2QlKnaFAL31A" parentName="Prestage Taak in Zaak" type="Attribute"><properties><property name="Data Type" value="TIMESTAMP"/><property name="Is Part Of PrimaryKey" value="false"/><property name="Is Required" value="false"/><property name="Is Derived" value="false"/><property name="Is Surrogate Key" value="false"/></properties></logicalModelElement><logicalModelElement icon="-1257963500.jpeg" id="_g6ato900Ee2QlKnaFAL31A" name="Code aanwezigheid persoon" parentId="_g6atkN00Ee2QlKnaFAL31A" parentName="Prestage Taak in Zaak" type="Attribute"><properties><property name="Data Type" value="VARCHAR(99)"/><property name="Is Part Of PrimaryKey" value="false"/><property name="Is Required" value="false"/><property name="Is Derived" value="false"/><property name="Is Surrogate Key" value="false"/></properties></logicalModelElement><logicalModelElement icon="-1257963500.jpeg" id="_g6atpN00Ee2QlKnaFAL31A" name="Aanwezigheid persoon" parentId="_g6atkN00Ee2QlKnaFAL31A" parentName="Prestage Taak in Zaak" type="Attribute"><properties><property name="Data Type" value="VARCHAR(99)"/><property name="Is Part Of PrimaryKey" value="false"/><property name="Is Required" value="false"/><property name="Is Derived" value="false"/><property name="Is Surrogate Key" value="false"/></properties></logicalModelElement><logicalModelElement icon="-1257963500.jpeg" id="_g6atpd00Ee2QlKnaFAL31A" name="Code functie medewerker" parentId="_g6atkN00Ee2QlKnaFAL31A" parentName="Prestage Taak in Zaak" type="Attribute"><properties><property name="Data Type" value="VARCHAR(99)"/><property name="Is Part Of PrimaryKey" value="false"/><property name="Is Required" value="false"/><property name="Is Derived" value="false"/><property name="Is Surrogate Key" value="false"/></properties></logicalModelElement><logicalModelElement icon="-1257963500.jpeg" id="_g6atpt00Ee2QlKnaFAL31A" name="Functie medewerker" parentId="_g6atkN00Ee2QlKnaFAL31A" parentName="Prestage Taak in Zaak" type="Attribute"><properties><property name="Data Type" value="VARCHAR(99)"/><property name="Is Part Of PrimaryKey" value="false"/><property name="Is Required" value="false"/><property name="Is Derived" value="false"/><property name="Is Surrogate Key" value="false"/></properties></logicalModelElement><logicalModelElement icon="-1257963500.jpeg" id="_g6atp900Ee2QlKnaFAL31A" name="Code status activiteit" parentId="_g6atkN00Ee2QlKnaFAL31A" parentName="Prestage Taak in Zaak" type="Attribute"><properties><property name="Data Type" value="VARCHAR(99)"/><property name="Is Part Of PrimaryKey" value="false"/><property name="Is Required" value="false"/><property name="Is Derived" value="false"/><property name="Is Surrogate Key" value="false"/></properties></logicalModelElement><logicalModelElement icon="-1257963500.jpeg" id="_g6atqN00Ee2QlKnaFAL31A" name="Status activiteit" parentId="_g6atkN00Ee2QlKnaFAL31A" parentName="Prestage Taak in Zaak" type="Attribute"><properties><property name="Data Type" value="VARCHAR(99)"/><property name="Is Part Of PrimaryKey" value="false"/><property name="Is Required" value="false"/><property name="Is Derived" value="false"/><property name="Is Surrogate Key" value="false"/></properties></logicalModelElement><logicalModelElement icon="-1257963500.jpeg" id="_g6atqd00Ee2QlKnaFAL31A" name="Code conclusie activiteit" parentId="_g6atkN00Ee2QlKnaFAL31A" parentName="Prestage Taak in Zaak" type="Attribute"><properties><property name="Data Type" value="VARCHAR(99)"/><property name="Is Part Of PrimaryKey" value="false"/><property name="Is Required" value="false"/><property name="Is Derived" value="false"/><property name="Is Surrogate Key" value="false"/></properties></logicalModelElement><logicalModelElement icon="-1257963500.jpeg" id="_g6atqt00Ee2QlKnaFAL31A" name="Conclusie activiteit" parentId="_g6atkN00Ee2QlKnaFAL31A" parentName="Prestage Taak in Zaak" type="Attribute"><properties><property name="Data Type" value="VARCHAR(99)"/><property name="Is Part Of PrimaryKey" value="false"/><property name="Is Required" value="false"/><property name="Is Derived" value="false"/><property name="Is Surrogate Key" value="false"/></properties></logicalModelElement><logicalModelElement icon="-1257963500.jpeg" id="_Nxhs8Aa8Ee6ZVbKXPG1J4Q" name="Nr Districtskantoor" parentId="_g6atkN00Ee2QlKnaFAL31A" parentName="Prestage Taak in Zaak" type="Attribute"><properties><property name="Data Type" value="VARCHAR(99)"/><property name="Is Part Of PrimaryKey" value="false"/><property name="Is Required" value="false"/><property name="Is Derived" value="false"/><property name="Is Surrogate Key" value="false"/></properties></logicalModelElement><logicalModelElement icon="-1257963500.jpeg" id="_NvpdoAa8Ee6ZVbKXPG1J4Q" name="Naam Districtskantoor" parentId="_g6atkN00Ee2QlKnaFAL31A" parentName="Prestage Taak in Zaak" type="Attribute"><properties><property name="Data Type" value="VARCHAR(99)"/><property name="Is Part Of PrimaryKey" value="false"/><property name="Is Required" value="false"/><property name="Is Derived" value="false"/><property name="Is Surrogate Key" value="false"/></properties></logicalModelElement><logicalModelElement icon="-1257963500.jpeg" id="_XkgCEBp0Ee635vgw0hCwnw" name="Ingangsdatum Bwt" parentId="_g6atkN00Ee2QlKnaFAL31A" parentName="Prestage Taak in Zaak" type="Attribute"><properties><property name="Label" value="DIM_INGANGSDATUM_BWT"/><property name="Data Type" value="DATE"/><property name="Is Part Of PrimaryKey" value="false"/><property name="Is Required" value="false"/><property name="Is Derived" value="false"/><property name="Is Surrogate Key" value="false"/></properties></logicalModelElement></logicalModelElement></logicalModelElement>