﻿Name,Source Columns,Target Columns,Rule,Function,Specification Description,PrivacyKlasse
AO_GEVAL_KEY,EDSERVER.XE.DV.AO_GEVAL_H.AO_GEVAL_H_HASHKEY,EDSERVER.XE.DM.DIM_AO_GEVAL.AO_GEVAL_KEY,,,,
CD_RED_HM,EDSERVER.XE.DV.HM_AO_GEVAL_S.CODE_TOEL_REDEN_HMEL,EDSERVER.XE.DM.DIM_AO_GEVAL.CODE_REDEN_HM,,,,
PERSOON_KEY,EDSERVER.XE.DV.PERSOON_H.PERSOON_H_HASHKEY,EDSERVER.XE.DM.FCT_AO_GEVAL.PERSOON_KEY,,,,
AO_GEVAL_KEY,EDSERVER.XE.DV.AO_GEVAL_H.AO_GEVAL_H_HASHKEY,EDSERVER.XE.DM.FCT_AO_GEVAL.AO_GEVAL_KEY,,,,
BDATUM_AO,EDSERVER.XE.DV.AO_GEVAL_S.BDAT_AO,EDSERVER.XE.DM.FCT_AO_GEVAL.BDAT_AO,,,,
EDATUM_AO,EDSERVER.XE.DV.AO_GEVAL_S.EDAT_AO,EDSERVER.XE.DM.FCT_AO_GEVAL.EDAT_AO,,,,
VANGNET_KEY,EDSERVER.XE.DV.VANGNET_H.VANGNET_H_HASHKEY,EDSERVER.XE.DM.FCT_AO_GEVAL.VANGNET_KEY,,,,
VANGNET_KEY,EDSERVER.XE.DV.VANGNET_H.VANGNET_H_HASHKEY,EDSERVER.XE.DM.DIM_VANGNET.VANGNET_KEY,,,,
CD_CAT_VANGNET,EDSERVER.XE.DV.AO_GEVAL.CD_CAT_VANGNET,EDSERVER.XE.DM.DIM_VANGNET.CD_CAT_VANGNET,,,,
PERSOON_KEY,EDSERVER.XE.DV.PERSOON_H.PERSOON_H_HASHKEY,EDSERVER.XE.DM.DIM_PERSOON.PERSOON_KEY,,,,
AFG_BSN,EDSERVER.XE.DV.PERSOON_H.FINR,EDSERVER.XE.DM.DIM_PERSOON.AFG_BSN,,,,
GEBDAT,EDSERVER.XE.DV.PERSOON_S.GEBDAT,EDSERVER.XE.DM.DIM_PERSOON.GEBDAT,,,,
,,,,,,
,,,,,,
