Name,Source Columns,Target Columns,Rule,Function,Specification Description,PrivacyKlasse
PERSOON_H_HASHKEY,EDSERVER.XE.STG_IMF.PERSOON.PERSOON_HASHKEY,EDSERVER.XE.RDV_IMF.PERSOON_H.PERSOON_H_HASHKEY,Hash - Hashkey,,,VK2
FINR,EDSERVER.XE.STG_IMF.PERSOON.FINR,EDSERVER.XE.RDV_IMF.PERSOON_H.FINR,,,,VK2
AO_GEVAL_H_HASHKEY,EDSERVER.XE.STG_IMF.AO_GEVAL.AO_GEVAL_HASHKEY,EDSERVER.XE.RDV_IMF.AO_GEVAL_H.AO_GEVAL_H_HASHKEY,Hash - Hashkey,,,
VOLGNR_AO,EDSERVER.XE.STG_IMF.AO_GEVAL.VOLGNR_AO,EDSERVER.XE.RDV_IMF.AO_GEVAL_H.VOLGNR_AO,,,,
DISTRICTKANTOOR_H_HASHKEY,EDSERVER.XE.STG_IMF.DISTRICTKANTOOR.DISTRICTKANTOOR_HASHKEY,EDSERVER.XE.RDV_IMF.DISTRICTKANTOOR_H.DISTRICTKANTOOR_H_HASHKEY,Hash - Hashkey,,,
NR_DK,EDSERVER.XE.STG_IMF.DISTRICTKANTOOR.NR_DK,EDSERVER.XE.RDV_IMF.DISTRICTKANTOOR_H.NR_DK,,,,
VANGNET_H_HASHKEY,EDSERVER.XE.STG_IMF.VANGNETCATEGORIE.VANGNET_HASHKEY,EDSERVER.XE.RDV_IMF.VANGNET_H.VANGNET_H_HASHKEY,Hash - Hashkey,,,
CD_CAT_VANGNET,EDSERVER.XE.STG_IMF.VANGNETCATEGORIE.CD_CAT_VANGNET,EDSERVER.XE.RDV_IMF.VANGNET_H.CD_CAT_VANGNET,,,,
WERKGEVER_H_HASHKEY,EDSERVER.XE.STG_IMF.WERKGEVER.WERKGEVER_HASHKEY,EDSERVER.XE.RDV_IMF.WERKGEVER_H.WERKGEVER_H_HASHKEY,Hash - Hashkey,,,
NR_OPDRG,EDSERVER.XE.STG_IMF.WERKGEVER.NR_OPDRG,EDSERVER.XE.RDV_IMF.WERKGEVER_H.NR_OPDRG,,,,
MEDEWERKER_H_HASHKEY,EDSERVER.XE.STG_IMF.MEDEWERKER.MEDEWERKER_HASHKEY,EDSERVER.XE.RDV_IMF.MEDEWERKER_H.MEDEWERKER_H_HASHKEY,Hash - Hashkey,,,
PUIKID,EDSERVER.XE.STG_IMF.MEDEWERKER.PUIKID,EDSERVER.XE.RDV_IMF.MEDEWERKER_H.PUIKID,,,,
