,Source Columns,Target Columns,Rule,Function,Specification Description,PrivacyKlasse
PERSOON_H_HASHKEY,EDSERVER.XE.STG_IMF.PERSOON.PERSOON_HASHKEY,EDSERVER.XE.RDV_IMF.PERSOON_DK_L.PERSOON_H_HASHKEY,Hash - Hashkey,,,
DISTRICTKANTOOR_H_HASHKEY,EDSERVER.XE.STG_IMF.DISTRICTKANTOOR.DISTRICTKANTOOR_HASHKEY,EDSERVER.XE.RDV_IMF.PERSOON_DK_L.DISTRICTKANTOOR_H_HASHKEY,Hash - Hashkey,,,
PERSOON_DK_L_HASHKEY,EDSERVER.XE.STG_IMF.PERSOON.FINR,EDSERVER.XE.RDV_IMF.PERSOON_DK_L.PERSOON_DK_L_HASHKEY,Hash - Linkkey,,,
PERSOON_DK_L_HASHKEY,EDSERVER.XE.STG_IMF.PERSOON.NR_DK,EDSERVER.XE.RDV_IMF.PERSOON_DK_L.PERSOON_DK_L_HASHKEY,Hash - Linkkey,,,
PERSOON_H_HASHKEY,EDSERVER.XE.STG_IMF.PERSOON.PERSOON_HASHKEY,EDSERVER.XE.RDV_IMF.PERSOON_AO_GEVAL_L.PERSOON_H_HASHKEY,Hash - Hashkey,,,
AO_GEVAL_H_HASHKEY,EDSERVER.XE.STG_IMF.AO_GEVAL.AO_GEVAL_HASHKEY,EDSERVER.XE.RDV_IMF.PERSOON_AO_GEVAL_L.AO_GEVAL_H_HASHKEY,Hash - Hashkey,,,
PERSOON_AO_GEVAL_L_HASHKEY,EDSERVER.XE.STG_IMF.AO_GEVAL.FINR,EDSERVER.XE.RDV_IMF.PERSOON_AO_GEVAL_L.PERSOON_AO_GEVAL_L_HASHKEY,Hash - Linkkey,,,
PERSOON_AO_GEVAL_L_HASHKEY,EDSERVER.XE.STG_IMF.AO_GEVAL.VOLGNR_AO,EDSERVER.XE.RDV_IMF.PERSOON_AO_GEVAL_L.PERSOON_AO_GEVAL_L_HASHKEY,Hash - Linkkey,,,
AO_GEVAL_H_HASHKEY,EDSERVER.XE.STG_IMF.AO_GEVAL.AO_GEVAL_HASHKEY,EDSERVER.XE.RDV_IMF.AO_GEVAL_VANGNET_L.AO_GEVAL_H_HASHKEY,Hash - Hashkey,,,
VANGNET_H_HASHKEY,EDSERVER.XE.STG_IMF.VANGNETCATEGORIE.VANGNET_HASHKEY,EDSERVER.XE.RDV_IMF.AO_GEVAL_VANGNET_L.VANGNET_H_HASHKEY,Hash - Hashkey,,,
AO_GEVAL_VANGNET_L_HASHKEY,EDSERVER.XE.STG_IMF.AO_GEVAL.VOLGNR_AO,EDSERVER.XE.RDV_IMF.AO_GEVAL_VANGNET_L.AO_GEVAL_VANGNET_L_HASHKEY,Hash - Linkkey,,,
AO_GEVAL_VANGNET_L_HASHKEY,EDSERVER.XE.STG_IMF.AO_GEVAL.CD_CAT_VANGNET,EDSERVER.XE.RDV_IMF.AO_GEVAL_VANGNET_L.AO_GEVAL_VANGNET_L_HASHKEY,Hash - Linkkey,,,
AOGEVAL_H_HASHKEY,EDSERVER.XE.STG_IMF.AO_GEVAL.AO_GEVAL_HASHKEY,EDSERVER.XE.RDV_IMF.AO_GEVAL_MEDEWERKER_L.AO_GEVAL_H_HASHKEY,Hash - Hashkey,,,
MEDEWERKER_H_HASHKEY,EDSERVER.XE.STG_IMF.MEDEWERKER.MEDEWERKER_HASHKEY,EDSERVER.XE.RDV_IMF.AO_GEVAL_MEDEWERKER_L.MEDEWERKER_H_HASHKEY,Hash - Hashkey,,,
AOGEVAL_MEDEWERKER_L_HASHKEY,EDSERVER.XE.STG_IMF.AO_GEVAL.VOLGNR_AO,EDSERVER.XE.RDV_IMF.AO_GEVAL_MEDEWERKER_L.AO_GEVAL_MEDEWERKER_L_HASHKEY,Hash - Linkkey,,,
AOGEVAL_MEDEWERKER_L_HASHKEY,EDSERVER.XE.STG_IMF.AO_GEVAL.PUIKID,EDSERVER.XE.RDV_IMF.AO_GEVAL_MEDEWERKER_L.AO_GEVAL_MEDEWERKER_L_HASHKEY,Hash - Linkkey,,,
MEDEWERKER_H_HASHKEY,EDSERVER.XE.STG_IMF.MEDEWERKER.MEDEWERKER_HASHKEY,EDSERVER.XE.RDV_IMF.DK_MEDEWERKER_L.MEDEWERKER_H_HASHKEY,Hash - Hashkey,,,
DISTRICTKANTOOR_H_HASHKEY,EDSERVER.XE.STG_IMF.DISTRICTKANTOOR.DISTRICTKANTOOR_HASHKEY,EDSERVER.XE.RDV_IMF.DK_MEDEWERKER_L.DISTRICTKANTOOR_H_HASHKEY,Hash - Hashkey,,,
DK_MEDEWERKER_L_HASHKEY,EDSERVER.XE.STG_IMF.MEDEWERKER.NR_DK,EDSERVER.XE.RDV_IMF.DK_MEDEWERKER_L.DK_MEDEWERKER_L_HASHKEY,Hash - Linkkey,,,
DK_MEDEWERKER_L_HASHKEY,EDSERVER.XE.STG_IMF.MEDEWERKER.PUIKID,EDSERVER.XE.RDV_IMF.DK_MEDEWERKER_L.DK_MEDEWERKER_L_HASHKEY,Hash - Linkkey,,,
DIENSTVERBAND_NL_HASHKEY,EDSERVER.XE.STG_IMF.DIENSTVERBAND.CD_CONTRACT,EDSERVER.XE.RDV_IMF.DIENSTVERBAND_NL.DIENSTVERBAND_NL_HASHKEY,Hash - NLinkkey,,,
CD_CONTRACT,EDSERVER.XE.STG_IMF.DIENSTVERBAND.CD_CONTRACT,EDSERVER.XE.RDV_IMF.DIENSTVERBAND_NL.CD_CONTRACT,,,,
PERSOON_H_HASHKEY,EDSERVER.XE.STG_IMF.PERSOON.PERSOON_HASHKEY,EDSERVER.XE.RDV_IMF.DIENSTVERBAND_NL.PERSOON_H_HASHKEY,Hash - Hashkey,,,
WERKGEVER_H_HASHKEY,EDSERVER.XE.STG_IMF.WERKGEVER.WERKGEVER_HASHKEY,EDSERVER.XE.RDV_IMF.DIENSTVERBAND_NL.WERKGEVER_H_HASHKEY,Hash - Hashkey,,,
