Name,Source Columns,Target Columns,Rule,Function,Specification Description,PrivacyKlasse
HASHDIFF,EDSERVER.XE.STG_IMF.PERSOON.GEBDAT,EDSERVER.XE.RDV_IMF.PERSOON_S.HASHDIFF,Hash - Hashdiff,,,
HASHDIFF,EDSERVER.XE.STG_IMF.PERSOON.NM_PERSOON,EDSERVER.XE.RDV_IMF.PERSOON_S.HASHDIFF,Hash - Hashdiff,,,
HASHDIFF,EDSERVER.XE.STG_IMF.PERSOON.GESLACHT,EDSERVER.XE.RDV_IMF.PERSOON_S.HASHDIFF,Hash - Hashdiff,,,
PERSOON_H_HASHKEY,EDSERVER.XE.STG_IMF.PERSOON.PERSOON_HASHKEY,EDSERVER.XE.RDV_IMF.PERSOON_S.PERSOON_H_HASHKEY,Hash - Hashkey,,,
NM_PERSOON,EDSERVER.XE.STG_IMF.PERSOON.NM_PERSOON,EDSERVER.XE.RDV_IMF.PERSOON_S.NM_PERSOON,,,,
GEBDAT,EDSERVER.XE.STG_IMF.PERSOON.GEBDAT,EDSERVER.XE.RDV_IMF.PERSOON_S.GEBDAT,,,,VK2
GESLACHT,EDSERVER.XE.STG_IMF.PERSOON.GESLACHT,EDSERVER.XE.RDV_IMF.PERSOON_S.GESLACHT,,,,
,,,,,,
HASHDIFF,EDSERVER.XE.STG_IMF.DISTRICTKANTOOR.NM_DK,EDSERVER.XE.RDV_IMF.DISTRICTKANTOOR_S.HASHDIFF,Hash - Hashdiff,,,
HASHDIFF,EDSERVER.XE.STG_IMF.DISTRICTKANTOOR.NM_LOCATIE,EDSERVER.XE.RDV_IMF.DISTRICTKANTOOR_S.HASHDIFF,Hash - Hashdiff,,,
DISTRICTKANTOOR_H_HASHKEY,EDSERVER.XE.STG_IMF.DISTRICTKANTOOR.DISTRICTKANTOOR_HASHKEY,EDSERVER.XE.RDV_IMF.DISTRICTKANTOOR_S.DISTRICTKANTOOR_H_HASHKEY,Hash - Hashkey,,,
NM_DISTRICTKANTOOR,EDSERVER.XE.STG_IMF.DISTRICTKANTOOR.NM_DK,EDSERVER.XE.RDV_IMF.DISTRICTKANTOOR_S.NM_DK,,,,
NM_LOCATIE,EDSERVER.XE.STG_IMF.DISTRICTKANTOOR.NM_LOCATIE,EDSERVER.XE.RDV_IMF.DISTRICTKANTOOR_S.NM_LOCATIE,,,,
,,,,,,
HASHDIFF,EDSERVER.XE.STG_IMF.VANGNETCATEGORIE.IMF_OMSCHRIJVING,EDSERVER.XE.RDV_IMF.VANGNET_S.HASHDIFF,Hash - Hashdiff,,,
HASHDIFF,EDSERVER.XE.STG_IMF.VANGNETCATEGORIE.IMF_ID_VANGNET,EDSERVER.XE.RDV_IMF.VANGNET_S.HASHDIFF,Hash - Hashdiff,,,
HASHDIFF,EDSERVER.XE.STG_IMF.VANGNETCATEGORIE.VANGNET_IMF_OMSCHRIJVING,EDSERVER.XE.RDV_IMF.VANGNET_S.HASHDIFF,Hash - Hashdiff,,,
VANGNET_H_HASHKEY,EDSERVER.XE.STG_IMF.VANGNETCATEGORIE.VANGNET_HASHKEY,EDSERVER.XE.RDV_IMF.VANGNET_S.VANGNET_H_HASHKEY,Hash - Hashkey,,,
IMF_OMSCHRIJVING,EDSERVER.XE.STG_IMF.VANGNETCATEGORIE.IMF_OMSCHRIJVING,EDSERVER.XE.RDV_IMF.VANGNET_S.IMF_OMSCHRIJVING,,,,
IMF_ID_VANGNET,EDSERVER.XE.STG_IMF.VANGNETCATEGORIE.IMF_ID_VANGNET,EDSERVER.XE.RDV_IMF.VANGNET_S.IMF_ID_VANGNET,,,,
VANGNET_IMF_OMSCHRIJVING,EDSERVER.XE.STG_IMF.VANGNETCATEGORIE.VANGNET_IMF_OMSCHRIJVING,EDSERVER.XE.RDV_IMF.VANGNET_S.VANGNET_IMF_OMSCHRIJVING,,,,
,,,,,,
HASHDIFF,EDSERVER.XE.STG_IMF.AO_GEVAL.BDAT_AO,EDSERVER.XE.RDV_IMF.AO_GEVAL_S.HASHDIFF,Hash - Hashdiff,,,
HASHDIFF,EDSERVER.XE.STG_IMF.AO_GEVAL.EDAT_AO,EDSERVER.XE.RDV_IMF.AO_GEVAL_S.HASHDIFF,Hash - Hashdiff,,,
HASHDIFF,EDSERVER.XE.STG_IMF.AO_GEVAL.CD_DIAGNOSE_NW,EDSERVER.XE.RDV_IMF.AO_GEVAL_S.HASHDIFF,Hash - Hashdiff,,,
AO_GEVAL_H_HASHKEY,EDSERVER.XE.STG_IMF.AO_GEVAL.AO_GEVAL_HASHKEY,EDSERVER.XE.RDV_IMF.AO_GEVAL_S.AO_GEVAL_H_HASHKEY,Hash - Hashkey,,,
BDAT_AO,EDSERVER.XE.STG_IMF.AO_GEVAL.BDAT_AO,EDSERVER.XE.RDV_IMF.AO_GEVAL_S.BDAT_AO,,,,
EDAT_AO,EDSERVER.XE.STG_IMF.AO_GEVAL.EDAT_AO,EDSERVER.XE.RDV_IMF.AO_GEVAL_S.EDAT_AO,,,,
CD_DIAGNOSE_NW,EDSERVER.XE.STG_IMF.AO_GEVAL.CD_DIAGNOSE_NW,EDSERVER.XE.RDV_IMF.AO_GEVAL_S.CD_DIAGNOSE_NW,,,,VK3
,,,,,,
HASHDIFF,EDSERVER.XE.STG_IMF.AO_GEVAL.DAT_BOEK_HM,EDSERVER.XE.RDV_IMF.HM_AO_GEVAL_S.HASHDIFF,Hash - Hashdiff,,,
HASHDIFF,EDSERVER.XE.STG_IMF.AO_GEVAL.CODE_REDEN_HM,EDSERVER.XE.RDV_IMF.HM_AO_GEVAL_S.HASHDIFF,Hash - Hashdiff,,,
HASHDIFF,EDSERVER.XE.STG_IMF.AO_GEVAL.CD_TOEL_REDEN_HM,EDSERVER.XE.RDV_IMF.HM_AO_GEVAL_S.HASHDIFF,Hash - Hashdiff,,,
HASHDIFF,EDSERVER.XE.STG_IMF.AO_GEVAL.CD_BRON_HM,EDSERVER.XE.RDV_IMF.HM_AO_GEVAL_S.HASHDIFF,Hash - Hashdiff,,,
HASHDIFF,EDSERVER.XE.STG_IMF.AO_GEVAL.CD_WIJZE_ONTV_HM,EDSERVER.XE.RDV_IMF.HM_AO_GEVAL_S.HASHDIFF,Hash - Hashdiff,,,
HASHDIFF,EDSERVER.XE.STG_IMF.AO_GEVAL.CD_PROCES_HMEL,EDSERVER.XE.RDV_IMF.HM_AO_GEVAL_S.HASHDIFF,Hash - Hashdiff,,,
HASHDIFF,EDSERVER.XE.STG_IMF.AO_GEVAL.NR_INBRENG_HMEL,EDSERVER.XE.RDV_IMF.HM_AO_GEVAL_S.HASHDIFF,Hash - Hashdiff,,,
HASHDIFF,EDSERVER.XE.STG_IMF.AO_GEVAL.DAT_ONTV_H_MELD,EDSERVER.XE.RDV_IMF.HM_AO_GEVAL_S.HASHDIFF,Hash - Hashdiff,,,
HASHDIFF,EDSERVER.XE.STG_IMF.AO_GEVAL.DAT_VERZ_HMELD,EDSERVER.XE.RDV_IMF.HM_AO_GEVAL_S.HASHDIFF,Hash - Hashdiff,,,
AO_GEVAL_H_HASHKEY,EDSERVER.XE.STG_IMF.AO_GEVAL.AO_GEVAL_HASHKEY,EDSERVER.XE.RDV_IMF.HM_AO_GEVAL_S.AO_GEVAL_H_HASHKEY,Hash - Hashkey,,,
DAT_BOEK_HM,EDSERVER.XE.STG_IMF.AO_GEVAL.DAT_BOEK_HM,EDSERVER.XE.RDV_IMF.HM_AO_GEVAL_S.DAT_BOEK_HM,,,,
CODE_REDEN_HM,EDSERVER.XE.STG_IMF.AO_GEVAL.CODE_REDEN_HM,EDSERVER.XE.RDV_IMF.HM_AO_GEVAL_S.CODE_REDEN_HM,,,,
CD_TOEL_REDEN_HM,EDSERVER.XE.STG_IMF.AO_GEVAL.CD_TOEL_REDEN_HM,EDSERVER.XE.RDV_IMF.HM_AO_GEVAL_S.CD_TOEL_REDEN_HM,,,,
CD_BRON_HM,EDSERVER.XE.STG_IMF.AO_GEVAL.CD_BRON_HM,EDSERVER.XE.RDV_IMF.HM_AO_GEVAL_S.CD_BRON_HM,,,,
CD_WIJZE_ONTV_HM,EDSERVER.XE.STG_IMF.AO_GEVAL.CD_WIJZE_ONTV_HM,EDSERVER.XE.RDV_IMF.HM_AO_GEVAL_S.CD_WIJZE_ONTV_HM,,,,
CD_PROCES_HMEL,EDSERVER.XE.STG_IMF.AO_GEVAL.CD_PROCES_HMEL,EDSERVER.XE.RDV_IMF.HM_AO_GEVAL_S.CD_PROCES_HMEL,,,,
NR_INBRENG_HMEL,EDSERVER.XE.STG_IMF.AO_GEVAL.NR_INBRENG_HMEL,EDSERVER.XE.RDV_IMF.HM_AO_GEVAL_S.NR_INBRENG_HMEL,,,,
DAT_ONTV_H_MELD,EDSERVER.XE.STG_IMF.AO_GEVAL.DAT_ONTV_H_MELD,EDSERVER.XE.RDV_IMF.HM_AO_GEVAL_S.DAT_ONTV_H_MELD,,,,
DAT_VERZ_HMELD,EDSERVER.XE.STG_IMF.AO_GEVAL.DAT_VERZ_HMELD,EDSERVER.XE.RDV_IMF.HM_AO_GEVAL_S.DAT_VERZ_HMELD,,,,
,,,,,,
HASHDIFF,EDSERVER.XE.STG_IMF.DIENSTVERBAND.BDAT_DV,EDSERVER.XE.RDV_IMF.DIENSTVERBAND_S.HASHDIFF,Hash - Hashdiff,,,
HASHDIFF,EDSERVER.XE.STG_IMF.DIENSTVERBAND.EDAT_DV,EDSERVER.XE.RDV_IMF.DIENSTVERBAND_S.HASHDIFF,Hash - Hashdiff,,,
HASHDIFF,EDSERVER.XE.STG_IMF.DIENSTVERBAND.SOORT_DIENSTVERBAND,EDSERVER.XE.RDV_IMF.DIENSTVERBAND_S.HASHDIFF,Hash - Hashdiff,,,
DIENSTVERBAND_H_HASHKEY,EDSERVER.XE.STG_IMF.DIENSTVERBAND.DIENSTVERBAND_HASHKEY,EDSERVER.XE.RDV_IMF.DIENSTVERBAND_S.DIENSTVERBAND_NL_HASHKEY,Hash - Hashkey,,,
BDAT_DV,EDSERVER.XE.STG_IMF.DIENSTVERBAND.BDAT_DV,EDSERVER.XE.RDV_IMF.DIENSTVERBAND_S.BDAT_DV,,,,
EDAT_DV,EDSERVER.XE.STG_IMF.DIENSTVERBAND.EDAT_DV,EDSERVER.XE.RDV_IMF.DIENSTVERBAND_S.EDAT_DV,,,,
SOORT_DIENSTVERBAND,EDSERVER.XE.STG_IMF.DIENSTVERBAND.SOORT_DIENSTVERBAND,EDSERVER.XE.RDV_IMF.DIENSTVERBAND_S.SOORT_DIENSTVERBAND,,,,
,,,,,,
HASHDIFF,EDSERVER.XE.STG_IMF.MEDEWERKER.NM_MEDEWERKER,EDSERVER.XE.RDV_IMF.MEDEWERKER_S.HASHDIFF,Hash - Hashdiff,,,
HASHDIFF,EDSERVER.XE.STG_IMF.MEDEWERKER.GESLACHT,EDSERVER.XE.RDV_IMF.MEDEWERKER_S.HASHDIFF,Hash - Hashdiff,,,
HASHDIFF,EDSERVER.XE.STG_IMF.MEDEWERKER.BDAT_DV,EDSERVER.XE.RDV_IMF.MEDEWERKER_S.HASHDIFF,Hash - Hashdiff,,,
HASHDIFF,EDSERVER.XE.STG_IMF.MEDEWERKER.EDAT_DV,EDSERVER.XE.RDV_IMF.MEDEWERKER_S.HASHDIFF,Hash - Hashdiff,,,
HASHDIFF,EDSERVER.XE.STG_IMF.MEDEWERKER.CD_FUNCTIE,EDSERVER.XE.RDV_IMF.MEDEWERKER_S.HASHDIFF,Hash - Hashdiff,,,
MEDEWERKER_H_HASHKEY,EDSERVER.XE.STG_IMF.MEDEWERKER.MEDEWERKER_HASHKEY,EDSERVER.XE.RDV_IMF.MEDEWERKER_S.MEDEWERKER_H_HASHKEY,Hash - Hashkey,,,
NM_MEDEWERKER,EDSERVER.XE.STG_IMF.MEDEWERKER.NM_MEDEWERKER,EDSERVER.XE.RDV_IMF.MEDEWERKER_S.NM_MEDEWERKER,,VK2,,
GESLACHT,EDSERVER.XE.STG_IMF.MEDEWERKER.GESLACHT,EDSERVER.XE.RDV_IMF.MEDEWERKER_S.GESLACHT,,,,
BDAT_DV,EDSERVER.XE.STG_IMF.MEDEWERKER.BDAT_DV,EDSERVER.XE.RDV_IMF.MEDEWERKER_S.BDAT_DV,,,,
EDAT_DV,EDSERVER.XE.STG_IMF.MEDEWERKER.EDAT_DV,EDSERVER.XE.RDV_IMF.MEDEWERKER_S.EDAT_DV,,,,
CD_FUNCTIE,EDSERVER.XE.STG_IMF.MEDEWERKER.CD_FUNCTIE,EDSERVER.XE.RDV_IMF.MEDEWERKER_S.CD_FUNCTIE,,,,
,,,,,,
HASHDIFF,EDSERVER.XE.STG_IMF.WERKGEVER.NM_WERKGEVER,EDSERVER.XE.RDV_IMF.WERKGEVER_S.HASHDIFF,Hash - Hashdiff,,,
HASHDIFF,EDSERVER.XE.STG_IMF.WERKGEVER.KVK,EDSERVER.XE.RDV_IMF.WERKGEVER_S.HASHDIFF,Hash - Hashdiff,,,
HASHDIFF,EDSERVER.XE.STG_IMF.WERKGEVER.CD_SECTOR,EDSERVER.XE.RDV_IMF.WERKGEVER_S.HASHDIFF,Hash - Hashdiff,,,
WERKGEVER_H_HASHKEY,EDSERVER.XE.STG_IMF.WERKGEVER.WERKGEVER_HASHKEY,EDSERVER.XE.RDV_IMF.WERKGEVER_S.WERKGEVER_H_HASHKEY,Hash - Hashkey,,,
NM_WERKGEVER,EDSERVER.XE.STG_IMF.WERKGEVER.NM_WERKGEVER,EDSERVER.XE.RDV_IMF.WERKGEVER_S.NM_WERKGEVER,,,,
KVK,EDSERVER.XE.STG_IMF.WERKGEVER.KVK,EDSERVER.XE.RDV_IMF.WERKGEVER_S.KVK,,,,
CD_SECTOR,EDSERVER.XE.STG_IMF.WERKGEVER.CD_SECTOR,EDSERVER.XE.RDV_IMF.WERKGEVER_S.CD_SECTOR,,,,
