Name,Source Columns,Target Columns,Rule,Function,Specification Description,PrivacyKlasse
VOLGNR_AO,EDSERVER.XE.IMF.AO_GEVAL.VOLGNR_AO,EDSERVER.XE.STG_IMF.AO_GEVAL.VOLGNR_AO,,,,
AO_GEVAL_HASHKEY,EDSERVER.XE.IMF.AO_GEVAL.VOLGNR_AO,EDSERVER.XE.STG_IMF.AO_GEVAL.AO_GEVAL_HASHKEY,Hash - Hashkey,,,
BDAT_AO,EDSERVER.XE.IMF.AO_GEVAL.BDAT_AO,EDSERVER.XE.STG_IMF.AO_GEVAL.BDAT_AO,,,,
EDAT_AO,EDSERVER.XE.IMF.AO_GEVAL.EDAT_AO,EDSERVER.XE.STG_IMF.AO_GEVAL.EDAT_AO,,,,
DAT_BOEK_HM,EDSERVER.XE.IMF.AO_GEVAL.DAT_BOEK_HM,EDSERVER.XE.STG_IMF.AO_GEVAL.DAT_BOEK_HM,,,,
CODE_REDEN_HM,EDSERVER.XE.IMF.AO_GEVAL.CODE_REDEN_HM,EDSERVER.XE.STG_IMF.AO_GEVAL.CODE_REDEN_HM,,,,
CD_TOEL_REDEN_HM,EDSERVER.XE.IMF.AO_GEVAL.CD_TOEL_REDEN_HM,EDSERVER.XE.STG_IMF.AO_GEVAL.CD_TOEL_REDEN_HM,,,,
CD_BRON_HM,EDSERVER.XE.IMF.AO_GEVAL.CD_BRON_HM,EDSERVER.XE.STG_IMF.AO_GEVAL.CD_BRON_HM,,,,
CD_WIJZE_ONTV_HM,EDSERVER.XE.IMF.AO_GEVAL.CD_WIJZE_ONTV_HM,EDSERVER.XE.STG_IMF.AO_GEVAL.CD_WIJZE_ONTV_HM,,,,
CD_PROCES_HMEL,EDSERVER.XE.IMF.AO_GEVAL.CD_PROCES_HMEL,EDSERVER.XE.STG_IMF.AO_GEVAL.CD_PROCES_HMEL,,,,
NR_INBRENG_HMEL,EDSERVER.XE.IMF.AO_GEVAL.NR_INBRENG_HMEL,EDSERVER.XE.STG_IMF.AO_GEVAL.NR_INBRENG_HMEL,,,,
DAT_ONTV_H_MELD,EDSERVER.XE.IMF.AO_GEVAL.DAT_ONTV_H_MELD,EDSERVER.XE.STG_IMF.AO_GEVAL.DAT_ONTV_H_MELD,,,,
DAT_VERZ_HMELD,EDSERVER.XE.IMF.AO_GEVAL.DAT_VERZ_HMELD,EDSERVER.XE.STG_IMF.AO_GEVAL.DAT_VERZ_HMELD,,,,
CD_DIAGNOSE_NW,EDSERVER.XE.IMF.AO_GEVAL.CD_DIAGNOSE_NW,EDSERVER.XE.STG_IMF.AO_GEVAL.CD_DIAGNOSE_NW,,,,VK3
CD_CAT_VANGNET,EDSERVER.XE.IMF.AO_GEVAL.CD_CAT_VANGNET,EDSERVER.XE.STG_IMF.AO_GEVAL.CD_CAT_VANGNET,,,,
VANGNET_HASHKEY,EDSERVER.XE.IMF.AO_GEVAL.CD_CAT_VANGNET,EDSERVER.XE.STG_IMF.AO_GEVAL.VANGNET_HASHKEY,Hash - Hashkey,,,
FINR,EDSERVER.XE.IMF.AO_GEVAL.FINR,EDSERVER.XE.STG_IMF.AO_GEVAL.FINR,,,,VK2
PERSOON_HASHKEY,EDSERVER.XE.IMF.AO_GEVAL.FINR,EDSERVER.XE.STG_IMF.AO_GEVAL.PERSOON_HASHKEY,Hash - Hashkey,,,
PUIKID,EDSERVER.XE.IMF.AO_GEVAL.PUIKID,EDSERVER.XE.STG_IMF.AO_GEVAL.PUIKID,,,,
MEDEWERKER_HASHKEY,EDSERVER.XE.IMF.AO_GEVAL.PUIKID,EDSERVER.XE.STG_IMF.AO_GEVAL.MEDEWERKER_HASHKEY,Hash - Hashkey,,,
,,,,,,
FINR,EDSERVER.XE.IMF.PERSOON.FINR,EDSERVER.XE.STG_IMF.PERSOON.FINR,,,,VK2
PERSOON_HASHKEY,EDSERVER.XE.IMF.PERSOON.FINR,EDSERVER.XE.STG_IMF.PERSOON.PERSOON_HASHKEY,Hash - Hashkey,,,
NM_PERSOON,EDSERVER.XE.IMF.PERSOON.NM_PERSOON,EDSERVER.XE.STG_IMF.PERSOON.NM_PERSOON,,,,VK2
GEBDAT,EDSERVER.XE.IMF.PERSOON.GEBDAT,EDSERVER.XE.STG_IMF.PERSOON.GEBDAT,,,,VK2
GESLACHT,EDSERVER.XE.IMF.PERSOON.GESLACHT,EDSERVER.XE.STG_IMF.PERSOON.GESLACHT,,,,
NR_DK,EDSERVER.XE.IMF.PERSOON.NR_DK,EDSERVER.XE.STG_IMF.PERSOON.NR_DK,,,,
DISTRICTKANTOOR_HASHKEY,EDSERVER.XE.IMF.PERSOON.NR_DK,EDSERVER.XE.STG_IMF.PERSOON.DISTRICTKANTOOR_HASHKEY,Hash - Hashkey,,,
,,,,,,
NR_DK,EDSERVER.XE.IMF.DISTRICTKANTOOR.NR_DK,EDSERVER.XE.STG_IMF.DISTRICTKANTOOR.NR_DK,,,,
DK_HASHKEY,EDSERVER.XE.IMF.DISTRICTKANTOOR.NR_DK,EDSERVER.XE.STG_IMF.DISTRICTKANTOOR.DISTRICTKANTOOR_HASHKEY,Hash - Hashkey,,,
NM_DK,EDSERVER.XE.IMF.DISTRICTKANTOOR.NM_DK,EDSERVER.XE.STG_IMF.DISTRICTKANTOOR.NM_DK,,,,
NM_LOCATIE,EDSERVER.XE.IMF.DISTRICTKANTOOR.NM_LOCATIE,EDSERVER.XE.STG_IMF.DISTRICTKANTOOR.NM_LOCATIE,,,,
,,,,,,
CD_CAT_VANGNET,EDSERVER.XE.IMF.VANGNETCATEGORIE.CD_CAT_VANGNET,EDSERVER.XE.STG_IMF.VANGNETCATEGORIE.CD_CAT_VANGNET,,,,
VANGNET_HASHKEY,EDSERVER.XE.IMF.VANGNETCATEGORIE.CD_CAT_VANGNET,EDSERVER.XE.STG_IMF.VANGNETCATEGORIE.VANGNET_HASHKEY,Hash - Hashkey,,,
IMF_OMSCHRIJVING,EDSERVER.XE.IMF.VANGNETCATEGORIE.IMF_OMSCHRIJVING,EDSERVER.XE.STG_IMF.VANGNETCATEGORIE.IMF_OMSCHRIJVING,,,,
IMF_ID_VANGNET,EDSERVER.XE.IMF.VANGNETCATEGORIE.IMF_ID_VANGNET,EDSERVER.XE.STG_IMF.VANGNETCATEGORIE.IMF_ID_VANGNET,,,,
VANGNET_IMF_OMSCHRIJVING,EDSERVER.XE.IMF.VANGNETCATEGORIE.VANGNET_IMF_OMSCHRIJVING,EDSERVER.XE.STG_IMF.VANGNETCATEGORIE.VANGNET_IMF_OMSCHRIJVING,,,,
,,,,,,
PUIKID,EDSERVER.XE.IMF.MEDEWERKER.PUIKID,EDSERVER.XE.STG_IMF.MEDEWERKER.PUIKID,,,,
MEDEWERKER_HASHKEY,EDSERVER.XE.IMF.MEDEWERKER.PUIKID,EDSERVER.XE.STG_IMF.MEDEWERKER.MEDEWERKER_HASHKEY,Hash - Hashkey,,,
NM_MEDEWERKER,EDSERVER.XE.IMF.MEDEWERKER.NM_MEDEWERKER,EDSERVER.XE.STG_IMF.MEDEWERKER.NM_MEDEWERKER,,,,
GESLACHT,EDSERVER.XE.IMF.MEDEWERKER.GESLACHT,EDSERVER.XE.STG_IMF.MEDEWERKER.GESLACHT,,,,
BDAT_DV,EDSERVER.XE.IMF.MEDEWERKER.BDAT_DV,EDSERVER.XE.STG_IMF.MEDEWERKER.BDAT_DV,,,,
EDAT_DV,EDSERVER.XE.IMF.MEDEWERKER.EDAT_DV,EDSERVER.XE.STG_IMF.MEDEWERKER.EDAT_DV,,,,
NR_DK,EDSERVER.XE.IMF.MEDEWERKER.NR_DK,EDSERVER.XE.STG_IMF.MEDEWERKER.NR_DK,,,,
DISTRICTKANTOOR_HASHKEY,EDSERVER.XE.IMF.MEDEWERKER.NR_DK,EDSERVER.XE.STG_IMF.MEDEWERKER.DISTRICTKANTOOR_HASHKEY,Hash - Hashkey,,,
CD_FUNCTIE,EDSERVER.XE.IMF.MEDEWERKER.CD_FUNCTIE,EDSERVER.XE.STG_IMF.MEDEWERKER.CD_FUNCTIE,,,,
,,,,,,
CD_CONTRACT,EDSERVER.XE.IMF.DIENSTVERBAND.CD_CONTRACT,EDSERVER.XE.STG_IMF.DIENSTVERBAND.CD_CONTRACT,,,,
DIENSTVERBAND_HASHKEY,EDSERVER.XE.IMF.DIENSTVERBAND.CD_CONTRACT,EDSERVER.XE.STG_IMF.DIENSTVERBAND.DIENSTVERBAND_HASHKEY,Hash - Hashkey,,,
BDAT_DV,EDSERVER.XE.IMF.DIENSTVERBAND.BDAT_DV,EDSERVER.XE.STG_IMF.DIENSTVERBAND.BDAT_DV,,,,
EDAT_DV,EDSERVER.XE.IMF.DIENSTVERBAND.EDAT_DV,EDSERVER.XE.STG_IMF.DIENSTVERBAND.EDAT_DV,,,,
SOORT_DIENSTVERBAND,EDSERVER.XE.IMF.DIENSTVERBAND.SOORT_DIENSTVERBAND,EDSERVER.XE.STG_IMF.DIENSTVERBAND.SOORT_DIENSTVERBAND,,,,
NR_OPDRG,EDSERVER.XE.IMF.DIENSTVERBAND.NR_OPDRG,EDSERVER.XE.STG_IMF.DIENSTVERBAND.NR_OPDRG,,,,
WERKGEVER_HASHKEY,EDSERVER.XE.IMF.DIENSTVERBAND.NR_OPDRG,EDSERVER.XE.STG_IMF.DIENSTVERBAND.WERKGEVER_HASHKEY,Hash - Hashkey,,,
FINR,EDSERVER.XE.IMF.DIENSTVERBAND.FINR,EDSERVER.XE.STG_IMF.DIENSTVERBAND.FINR,,,,VK2
PERSOON_HASHKEY,EDSERVER.XE.IMF.DIENSTVERBAND.FINR,EDSERVER.XE.STG_IMF.DIENSTVERBAND.PERSOON_HASHKEY,Hash - Hashkey,,,
,,,,,,
NR_OPDRG,EDSERVER.XE.IMF.WERKGEVER.NR_OPDRG,EDSERVER.XE.STG_IMF.WERKGEVER.NR_OPDRG,,,,
WERKGEVER_HASHKEY,EDSERVER.XE.IMF.WERKGEVER.NR_OPDRG,EDSERVER.XE.STG_IMF.WERKGEVER.WERKGEVER_HASHKEY,Hash - Hashkey,,,
NM_WERKGEVER,EDSERVER.XE.IMF.WERKGEVER.NM_WERKGEVER,EDSERVER.XE.STG_IMF.WERKGEVER.NM_WERKGEVER,,,,
KVK,EDSERVER.XE.IMF.WERKGEVER.KVK,EDSERVER.XE.STG_IMF.WERKGEVER.KVK,,,,
CD_SECTOR,EDSERVER.XE.IMF.WERKGEVER.CD_SECTOR,EDSERVER.XE.STG_IMF.WERKGEVER.CD_SECTOR,,,,
,,,,,,
CD_SECTOR,EDSERVER.XE.IMF.REF_SECTOR.CD_SECTOR,EDSERVER.XE.STG_IMF.REF_SECTOR.CD_SECTOR,,,,
NM_SECTOR,EDSERVER.XE.IMF.REF_SECTOR.NM_SECTOR,EDSERVER.XE.STG_IMF.REF_SECTOR.NM_SECTOR,,,,
,,,,,,
CD_FUNCTIE,EDSERVER.XE.IMF.REF_FUNCTIE.CD_FUNCTIE,EDSERVER.XE.STG_IMF.REF_FUNCTIE.CD_FUNCTIE,,,,
NM_FUNCTIE,EDSERVER.XE.IMF.REF_FUNCTIE.NM_FUNCTIE,EDSERVER.XE.STG_IMF.REF_FUNCTIE.NM_FUNCTIE,,,,
AFKORTING,EDSERVER.XE.IMF.REF_FUNCTIE.AFKORTING,EDSERVER.XE.STG_IMF.REF_FUNCTIE.AFKORTING,,,,
