<?xml version="1.0" encoding="UTF-8"?><mappingRoot date="27-okt-2023" lastModified="27-okt-2023 22:53:57" location="V:\SMZ\ZW-Arbo\IDA\05 GGV\BDR-GGV.msl" size="100636"><rootOutput location="/05 GGV/05 GGV.ldm"><rootObject header="Package" name="/Package1"/></rootOutput><rootInput location="/03 BDR_ZWA_PO/DM ZWA.ldm"><rootObject header="Package" name="/Bedrijfszone ZW-Arbo"/></rootInput><mappingGroup id="_MG_1" targetTable="Dimensie Datum Dv"><input abbreviation="S1" mapSourceHearder="Source Entity" path="{/03 BDR_ZWA_PO/DM ZWA.ldm}:/Bedrijfszone ZW-Arbo/Dimensie Datum Tb"/><output mapTargetHearder="Target Entity" path="{/05 GGV/05 GGV.ldm}:/GGV_ZWA/Dimensie Datum Dv"/><mapping><output mapTargetHearder="Target Attribute" path="DIM_DATUM_KEY"/><input mapSourceHearder="Source Attribute" path="S1.DIM_DATUM_KEY"/></mapping><mapping><output mapTargetHearder="Target Attribute" path="Datum"/><input mapSourceHearder="Source Attribute" path="S1.Datum"/></mapping><mapping><output mapTargetHearder="Target Attribute" path="Dagnaam"/><input mapSourceHearder="Source Attribute" path="S1.Dagnaam"/></mapping><mapping><output mapTargetHearder="Target Attribute" path="Dagnummer in week"/><input mapSourceHearder="Source Attribute" path="S1.Dagnummer in week"/></mapping><mapping><output mapTargetHearder="Target Attribute" path="Dagnummer in maand"/><input mapSourceHearder="Source Attribute" path="S1.Dagnummer in maand"/></mapping><mapping><output mapTargetHearder="Target Attribute" path="Dagnummer in jaar"/><input mapSourceHearder="Source Attribute" path="S1.Dagnummer in jaar"/></mapping><mapping><output mapTargetHearder="Target Attribute" path="Indicatie weekend"/><input mapSourceHearder="Source Attribute" path="S1.Indicatie weekend"/></mapping><mapping><output mapTargetHearder="Target Attribute" path="Weeknummer"/><input mapSourceHearder="Source Attribute" path="S1.Weeknummer"/></mapping><mapping><output mapTargetHearder="Target Attribute" path="Jaar-week nummer"/><input mapSourceHearder="Source Attribute" path="S1.Jaar-week nummer"/></mapping><mapping><output mapTargetHearder="Target Attribute" path="Datum eerste dag van de week"/><input mapSourceHearder="Source Attribute" path="S1.Datum eerste dag van de week"/></mapping><mapping><output mapTargetHearder="Target Attribute" path="Datum laatste dag van de week"/><input mapSourceHearder="Source Attribute" path="S1.Datum laatste dag van de week"/></mapping><mapping><output mapTargetHearder="Target Attribute" path="Indicatie is begin van de week"/><input mapSourceHearder="Source Attribute" path="S1.Indicatie is begin van de week"/></mapping><mapping><output mapTargetHearder="Target Attribute" path="Maandnaam"/><input mapSourceHearder="Source Attribute" path="S1.Maandnaam"/></mapping><mapping><output mapTargetHearder="Target Attribute" path="Maandnummer"/><input mapSourceHearder="Source Attribute" path="S1.Maandnummer"/></mapping><mapping><output mapTargetHearder="Target Attribute" path="Jaar-maand nummer"/><input mapSourceHearder="Source Attribute" path="S1.Jaar-maand nummer"/></mapping><mapping><output mapTargetHearder="Target Attribute" path="Aantal dagen in de maand"/><input mapSourceHearder="Source Attribute" path="S1.Aantal dagen in de maand"/></mapping><mapping><output mapTargetHearder="Target Attribute" path="Indicatie is einde van de maand"/><input mapSourceHearder="Source Attribute" path="S1.Indicatie is einde van de maand"/></mapping><mapping><output mapTargetHearder="Target Attribute" path="Kwartaalnummer"/><input mapSourceHearder="Source Attribute" path="S1.Kwartaalnummer"/></mapping><mapping><output mapTargetHearder="Target Attribute" path="Kwartaal"/><input mapSourceHearder="Source Attribute" path="S1.Kwartaal"/></mapping><mapping><output mapTargetHearder="Target Attribute" path="Jaar-kwartaal nummer"/><input mapSourceHearder="Source Attribute" path="S1.Jaar-kwartaal nummer"/></mapping><mapping><output mapTargetHearder="Target Attribute" path="Tertaalnummer"/><input mapSourceHearder="Source Attribute" path="S1.Tertaalnummer"/></mapping><mapping><output mapTargetHearder="Target Attribute" path="Tertaal"/><input mapSourceHearder="Source Attribute" path="S1.Tertaal"/></mapping><mapping><output mapTargetHearder="Target Attribute" path="Jaar-tertaal nummer"/><input mapSourceHearder="Source Attribute" path="S1.Jaar-tertaal nummer"/></mapping><mapping><output mapTargetHearder="Target Attribute" path="Jaartal"/><input mapSourceHearder="Source Attribute" path="S1.Jaartal"/></mapping><mapping><output mapTargetHearder="Target Attribute" path="Aantal dagen in jaar"/><input mapSourceHearder="Source Attribute" path="S1.Aantal dagen in jaar"/></mapping><mapping><output mapTargetHearder="Target Attribute" path="Seizoennaam"/><input mapSourceHearder="Source Attribute" path="S1.Seizoennaam"/></mapping><mapping><output mapTargetHearder="Target Attribute" path="Indicatie feestdag"/><input mapSourceHearder="Source Attribute" path="S1.Indicatie feestdag"/></mapping></mappingGroup><mappingGroup id="_MG_2" targetTable="Dimensie ouderdomscategorie voorraad Dv"><input abbreviation="S1" mapSourceHearder="Source Entity" path="{/03 BDR_ZWA_PO/DM ZWA.ldm}:/Bedrijfszone ZW-Arbo/Dimensie ouderdomscategorie voorraad Tb"/><output mapTargetHearder="Target Entity" path="{/05 GGV/05 GGV.ldm}:/GGV_ZWA/Dimensie ouderdomscategorie voorraad Dv"/><mapping><output mapTargetHearder="Target Attribute" path="DIM_OUDERDOMSCATEGORIE_KEY"/><input mapSourceHearder="Source Attribute" path="S1.DIM_OUDERDOMSCATEGORIE_KEY"/></mapping><mapping><output mapTargetHearder="Target Attribute" path="Ouderdomscategorie"/><input mapSourceHearder="Source Attribute" path="S1.Ouderdomscategorie"/></mapping><mapping><output mapTargetHearder="Target Attribute" path="Ouderdom vanaf"/><input mapSourceHearder="Source Attribute" path="S1.Ouderdom vanaf"/></mapping><mapping><output mapTargetHearder="Target Attribute" path="Ouderdom tm"/><input mapSourceHearder="Source Attribute" path="S1.Ouderdom tm"/></mapping></mappingGroup><mappingGroup id="_MG_3" targetTable="Dimensie Natuurlijke persoon Dv"><input abbreviation="S1" mapSourceHearder="Source Entity" path="{/03 BDR_ZWA_PO/DM ZWA.ldm}:/Bedrijfszone ZW-Arbo/Dimensie Natuurlijke persoon Tb"/><output mapTargetHearder="Target Entity" path="{/05 GGV/05 GGV.ldm}:/GGV_ZWA/Dimensie Natuurlijke persoon Dv"/><mapping><output mapTargetHearder="Target Attribute" path="DIM_NATUURLIJKEPERSOON_KEY"/><input mapSourceHearder="Source Attribute" path="S1.DIM_NATUURLIJKEPERSOON_KEY"/></mapping><mapping><output mapTargetHearder="Target Attribute" path="BSN"/><input mapSourceHearder="Source Attribute" path="S1.BSN"/></mapping><mapping><output mapTargetHearder="Target Attribute" path="Status Persoon"/><input mapSourceHearder="Source Attribute" path="S1.Status Persoon"/></mapping><mapping><output mapTargetHearder="Target Attribute" path="Geboortedatum"/><input mapSourceHearder="Source Attribute" path="S1.Geboortedatum"/></mapping><mapping><output mapTargetHearder="Target Attribute" path="Domicilie Postcode Gebied"/><input mapSourceHearder="Source Attribute" path="S1.Domicilie Postcode Gebied"/></mapping><mapping><output mapTargetHearder="Target Attribute" path="Domicilie Postcode"/><input mapSourceHearder="Source Attribute" path="S1.Domicilie Postcode"/></mapping><mapping><output mapTargetHearder="Target Attribute" path="Verpleeg Adres Postcode Gebied"/><input mapSourceHearder="Source Attribute" path="S1.Verpleeg Adres Postcode Gebied"/></mapping><mapping><output mapTargetHearder="Target Attribute" path="Verpleeg Adres Postcode"/><input mapSourceHearder="Source Attribute" path="S1.Verpleeg Adres Postcode"/></mapping><mapping><output mapTargetHearder="Target Attribute" path="Verpleeg Adres Land Nr"/><input mapSourceHearder="Source Attribute" path="S1.Verpleeg Adres Land Nr"/></mapping><mapping><output mapTargetHearder="Target Attribute" path="Verpleeg Adres Land"/><input mapSourceHearder="Source Attribute" path="S1.Verpleeg Adres Land"/></mapping><mapping><output mapTargetHearder="Target Attribute" path="Verpleeg Instelling Code"/><input mapSourceHearder="Source Attribute" path="S1.Verpleeg Instelling Code"/></mapping><mapping><output mapTargetHearder="Target Attribute" path="Verpleeg Instelling"/><input mapSourceHearder="Source Attribute" path="S1.Verpleeg Instelling"/></mapping></mappingGroup><mappingGroup id="_MG_4" targetTable="Feit Taak in Zaak Voorraad Fv"><input abbreviation="S1" mapSourceHearder="Source Entity" path="{/03 BDR_ZWA_PO/DM ZWA.ldm}:/Bedrijfszone ZW-Arbo/Feit Taak in Zaak Voorraad Tb"/><output mapTargetHearder="Target Entity" path="{/05 GGV/05 GGV.ldm}:/GGV_ZWA/Feit Taak in Zaak Voorraad Fv"/><mapping><output mapTargetHearder="Target Attribute" path="DIM_DATUM_KEY Rapportageperiode"/><input mapSourceHearder="Source Attribute" path="S1.DIM_DATUM_KEY Rapportageperiode"/></mapping><mapping><output mapTargetHearder="Target Attribute" path="DIM_SNAPSHOT_KEY"/><input mapSourceHearder="Source Attribute" path="S1.DIM_SNAPSHOT_KEY"/></mapping><mapping><output mapTargetHearder="Target Attribute" path="DIM_ZAAK_KEY"/><input mapSourceHearder="Source Attribute" path="S1.DIM_ZAAK_KEY"/></mapping><mapping><output mapTargetHearder="Target Attribute" path="DIM_TAAKINZAAK_KEY"/><input mapSourceHearder="Source Attribute" path="S1.DIM_TAAKINZAAK_KEY"/></mapping><mapping><output mapTargetHearder="Target Attribute" path="DIM_TAAK_KEY"/><input mapSourceHearder="Source Attribute" path="S1.DIM_TAAK_KEY"/></mapping><mapping><output mapTargetHearder="Target Attribute" path="DIM_TEAM_KEY_VERANTWOORDELIJK"/><input mapSourceHearder="Source Attribute" path="S1.DIM_TEAM_KEY_VERANTWOORDELIJK"/></mapping><mapping><output mapTargetHearder="Target Attribute" path="DIM_OUDERDOMSCATEGORIE_KEY"/><input mapSourceHearder="Source Attribute" path="S1.DIM_OUDERDOMSCATEGORIE_KEY"/></mapping><mapping><output mapTargetHearder="Target Attribute" path="Aantal Voorraad"/><input mapSourceHearder="Source Attribute" path="S1.Aantal Voorraad"/></mapping><mapping><output mapTargetHearder="Target Attribute" path="Ouderdom"/><input mapSourceHearder="Source Attribute" path="S1.Ouderdom"/></mapping></mappingGroup><mappingGroup id="_MG_5" targetTable="Feit Taak in Zaak Output Fv"><input abbreviation="S1" mapSourceHearder="Source Entity" path="{/03 BDR_ZWA_PO/DM ZWA.ldm}:/Bedrijfszone ZW-Arbo/Feit Taak in Zaak Output Tb"/><output mapTargetHearder="Target Entity" path="{/05 GGV/05 GGV.ldm}:/GGV_ZWA/Feit Taak in Zaak Output Fv"/><mapping><output mapTargetHearder="Target Attribute" path="DIM_DATUM_KEY Rapportageperiode"/><input mapSourceHearder="Source Attribute" path="S1.DIM_DATUM_KEY Rapportageperiode"/></mapping><mapping><output mapTargetHearder="Target Attribute" path="DIM_SNAPSHOT_KEY"/><input mapSourceHearder="Source Attribute" path="S1.DIM_SNAPSHOT_KEY"/></mapping><mapping><output mapTargetHearder="Target Attribute" path="DIM_ZAAK_KEY"/><input mapSourceHearder="Source Attribute" path="S1.DIM_ZAAK_KEY"/></mapping><mapping><output mapTargetHearder="Target Attribute" path="DIM_TAAKINZAAK_KEY"/><input mapSourceHearder="Source Attribute" path="S1.DIM_TAAKINZAAK_KEY"/></mapping><mapping><output mapTargetHearder="Target Attribute" path="DIM_TAAK_KEY"/><input mapSourceHearder="Source Attribute" path="S1.DIM_TAAK_KEY"/></mapping><mapping><output mapTargetHearder="Target Attribute" path="DIM_TEAM_KEY_VERANTWOORDELIJK"/><input mapSourceHearder="Source Attribute" path="S1.DIM_TEAM_KEY_VERANTWOORDELIJK"/></mapping><mapping><output mapTargetHearder="Target Attribute" path="Aantal Output"/><input mapSourceHearder="Source Attribute" path="S1.Aantal Output"/></mapping></mappingGroup><mappingGroup id="_MG_6" targetTable="Feit Taak in Zaak Input Fv"><input abbreviation="S1" mapSourceHearder="Source Entity" path="{/03 BDR_ZWA_PO/DM ZWA.ldm}:/Bedrijfszone ZW-Arbo/Feit Taak in Zaak Input Tb"/><output mapTargetHearder="Target Entity" path="{/05 GGV/05 GGV.ldm}:/GGV_ZWA/Feit Taak in Zaak Input Fv"/><mapping><output mapTargetHearder="Target Attribute" path="DIM_DATUM_KEY Rapportageperiode"/><input mapSourceHearder="Source Attribute" path="S1.DIM_DATUM_KEY Rapportageperiode"/></mapping><mapping><output mapTargetHearder="Target Attribute" path="DIM_SNAPSHOT_KEY"/><input mapSourceHearder="Source Attribute" path="S1.DIM_SNAPSHOT_KEY"/></mapping><mapping><output mapTargetHearder="Target Attribute" path="DIM_ZAAK_KEY"/><input mapSourceHearder="Source Attribute" path="S1.DIM_ZAAK_KEY"/></mapping><mapping><output mapTargetHearder="Target Attribute" path="DIM_TAAKINZAAK_KEY"/><input mapSourceHearder="Source Attribute" path="S1.DIM_TAAKINZAAK_KEY"/></mapping><mapping><output mapTargetHearder="Target Attribute" path="DIM_TAAK_KEY"/><input mapSourceHearder="Source Attribute" path="S1.DIM_TAAK_KEY"/></mapping><mapping><output mapTargetHearder="Target Attribute" path="DIM_TEAM_KEY_VERANTWOORDELIJK"/><input mapSourceHearder="Source Attribute" path="S1.DIM_TEAM_KEY_VERANTWOORDELIJK"/></mapping><mapping><output mapTargetHearder="Target Attribute" path="Aantal Input"/><input mapSourceHearder="Source Attribute" path="S1.Aantal Input"/></mapping></mappingGroup><mappingGroup id="_MG_7" targetTable="Dimensie TaakInZaak Dv"><input abbreviation="S1" mapSourceHearder="Source Entity" path="{/03 BDR_ZWA_PO/DM ZWA.ldm}:/Bedrijfszone ZW-Arbo/Dimensie TaakInZaak Tb"/><output mapTargetHearder="Target Entity" path="{/05 GGV/05 GGV.ldm}:/GGV_ZWA/Dimensie TaakInZaak Dv"/><mapping><output mapTargetHearder="Target Attribute" path="DIM_TAAKINZAAK_KEY"/><input mapSourceHearder="Source Attribute" path="S1.DIM_TAAKINZAAK_KEY"/></mapping><mapping><output mapTargetHearder="Target Attribute" path="TaakInZaak L HK"/><input mapSourceHearder="Source Attribute" path="S1.TaakInZaak L HK"/></mapping><mapping><output mapTargetHearder="Target Attribute" path="Datum Initiele Boeking Activiteit"/><input mapSourceHearder="Source Attribute" path="S1.Datum Initiele Boeking Activiteit"/></mapping><mapping><output mapTargetHearder="Target Attribute" path="Datum Boeking Activiteit"/><input mapSourceHearder="Source Attribute" path="S1.Datum Boeking Activiteit"/></mapping><mapping><output mapTargetHearder="Target Attribute" path="Code Aanleiding Activiteit"/><input mapSourceHearder="Source Attribute" path="S1.Code Aanleiding Activiteit"/></mapping><mapping><output mapTargetHearder="Target Attribute" path="Aanleiding Activiteit"/><input mapSourceHearder="Source Attribute" path="S1.Aanleiding Activiteit"/></mapping><mapping><output mapTargetHearder="Target Attribute" path="Datum Activiteit Plan"/><input mapSourceHearder="Source Attribute" path="S1.Datum Activiteit Plan"/></mapping><mapping><output mapTargetHearder="Target Attribute" path="Datum Activiteit Realisatie"/><input mapSourceHearder="Source Attribute" path="S1.Datum Activiteit Realisatie"/></mapping><mapping><output mapTargetHearder="Target Attribute" path="Datum Oproep"/><input mapSourceHearder="Source Attribute" path="S1.Datum Oproep"/></mapping><mapping><output mapTargetHearder="Target Attribute" path="Code aanwezigheid persoon"/><input mapSourceHearder="Source Attribute" path="S1.Code aanwezigheid persoon"/></mapping><mapping><output mapTargetHearder="Target Attribute" path="Aanwezigheid persoon"/><input mapSourceHearder="Source Attribute" path="S1.Aanwezigheid persoon"/></mapping><mapping><output mapTargetHearder="Target Attribute" path="Code Functie Medewerker"/><input mapSourceHearder="Source Attribute" path="S1.Code Functie Medewerker"/></mapping><mapping><output mapTargetHearder="Target Attribute" path="Functie Medewerker"/><input mapSourceHearder="Source Attribute" path="S1.Functie Medewerker"/></mapping><mapping><output mapTargetHearder="Target Attribute" path="Naam medewerker"/><input mapSourceHearder="Source Attribute" path="S1.Naam medewerker"/></mapping><mapping><output mapTargetHearder="Target Attribute" path="Code Status Activiteit"/><input mapSourceHearder="Source Attribute" path="S1.Code Status Activiteit"/></mapping><mapping><output mapTargetHearder="Target Attribute" path="Status Activiteit"/><input mapSourceHearder="Source Attribute" path="S1.Status Activiteit"/></mapping><mapping><output mapTargetHearder="Target Attribute" path="Code Conclusie Activiteit"/><input mapSourceHearder="Source Attribute" path="S1.Code Conclusie Activiteit"/></mapping><mapping><output mapTargetHearder="Target Attribute" path="Conclusie Activiteit"/><input mapSourceHearder="Source Attribute" path="S1.Conclusie Activiteit"/></mapping></mappingGroup><mappingGroup id="_MG_8" targetTable="Feit Zaak Uitstroom Fv"><input abbreviation="S1" mapSourceHearder="Source Entity" path="{/03 BDR_ZWA_PO/DM ZWA.ldm}:/Bedrijfszone ZW-Arbo/Feit Zaak Uitstroom Tb"/><output mapTargetHearder="Target Entity" path="{/05 GGV/05 GGV.ldm}:/GGV_ZWA/Feit Zaak Uitstroom Fv"/><mapping><output mapTargetHearder="Target Attribute" path="DIM_DATUM_KEY Rapportageperiode"/><input mapSourceHearder="Source Attribute" path="S1.DIM_DATUM_KEY Rapportageperiode"/></mapping><mapping><output mapTargetHearder="Target Attribute" path="DIM_SNAPSHOT_KEY"/><input mapSourceHearder="Source Attribute" path="S1.DIM_SNAPSHOT_KEY"/></mapping><mapping><output mapTargetHearder="Target Attribute" path="DIM_ZAAK_KEY"/><input mapSourceHearder="Source Attribute" path="S1.DIM_ZAAK_KEY"/></mapping><mapping><output mapTargetHearder="Target Attribute" path="DIM_TEAM_KEY_VERANTWOORDELIJK"/><input mapSourceHearder="Source Attribute" path="S1.DIM_TEAM_KEY_VERANTWOORDELIJK"/></mapping><mapping><output mapTargetHearder="Target Attribute" path="Aantal uitstroom"/><input mapSourceHearder="Source Attribute" path="S1.Aantal uitstroom"/></mapping><mapping><output mapTargetHearder="Target Attribute" path="Verzuimduur"/><input mapSourceHearder="Source Attribute" path="S1.Verzuimduur"/></mapping></mappingGroup><mappingGroup id="_MG_9" targetTable="Feit Zaak voorraad Fv"><input abbreviation="S1" mapSourceHearder="Source Entity" path="{/03 BDR_ZWA_PO/DM ZWA.ldm}:/Bedrijfszone ZW-Arbo/Feit Zaak voorraad Tb"/><output mapTargetHearder="Target Entity" path="{/05 GGV/05 GGV.ldm}:/GGV_ZWA/Feit Zaak voorraad Fv"/><mapping><output mapTargetHearder="Target Attribute" path="DIM_DATUM_KEY Rapportageperiode"/><input mapSourceHearder="Source Attribute" path="S1.DIM_DATUM_KEY Rapportageperiode"/></mapping><mapping><output mapTargetHearder="Target Attribute" path="DIM_SNAPSHOT_KEY"/><input mapSourceHearder="Source Attribute" path="S1.DIM_SNAPSHOT_KEY"/></mapping><mapping><output mapTargetHearder="Target Attribute" path="DIM_ZAAK_KEY"/><input mapSourceHearder="Source Attribute" path="S1.DIM_ZAAK_KEY"/></mapping><mapping><output mapTargetHearder="Target Attribute" path="DIM_TEAM_KEY_VERANTWOORDELIJK"/><input mapSourceHearder="Source Attribute" path="S1.DIM_TEAM_KEY_VERANTWOORDELIJK"/></mapping><mapping><output mapTargetHearder="Target Attribute" path="DIM_OUDERDOMSCATEGORIE_KEY"/><input mapSourceHearder="Source Attribute" path="S1.DIM_OUDERDOMSCATEGORIE_KEY"/></mapping><mapping><output mapTargetHearder="Target Attribute" path="Aantal voorraad"/><input mapSourceHearder="Source Attribute" path="S1.Aantal voorraad"/></mapping><mapping><output mapTargetHearder="Target Attribute" path="Ouderdom"/><input mapSourceHearder="Source Attribute" path="S1.Ouderdom"/></mapping><mapping><output mapTargetHearder="Target Attribute" path="Verzuimduur tot rapportagemoment"/><input mapSourceHearder="Source Attribute" path="S1.Verzuimduur tot rapportagemoment"/></mapping></mappingGroup><mappingGroup id="_MG_10" targetTable="Dimensie Snapshot Dv"><input abbreviation="S1" mapSourceHearder="Source Entity" path="{/03 BDR_ZWA_PO/DM ZWA.ldm}:/Bedrijfszone ZW-Arbo/Dimensie Snapshot Tb"/><output mapTargetHearder="Target Entity" path="{/05 GGV/05 GGV.ldm}:/GGV_ZWA/Dimensie Snapshot Dv"/><mapping><output mapTargetHearder="Target Attribute" path="DIM_SNAPSHOT_KEY"/><input mapSourceHearder="Source Attribute" path="S1.DIM_SNAPSHOT_KEY"/></mapping><mapping><output mapTargetHearder="Target Attribute" path="DIM_DATUM_KEY_ULTIMO_PERIODE"/><input mapSourceHearder="Source Attribute" path="S1.DIM_DATUM_KEY_ULTIMO_PERIODE"/></mapping><mapping><output mapTargetHearder="Target Attribute" path="Periode Type"/><input mapSourceHearder="Source Attribute" path="S1.Periode Type"/></mapping><mapping><output mapTargetHearder="Target Attribute" path="Snapshot periode"/><input mapSourceHearder="Source Attribute" path="S1.Snapshot periode"/></mapping><mapping><output mapTargetHearder="Target Attribute" path="Snapshot datum vanaf"/><input mapSourceHearder="Source Attribute" path="S1.Snapshot datum vanaf"/></mapping><mapping><output mapTargetHearder="Target Attribute" path="Snapshot datum tm"/><input mapSourceHearder="Source Attribute" path="S1.Snapshot datum tm"/></mapping><mapping><output mapTargetHearder="Target Attribute" path="Snapshot Datum"/><input mapSourceHearder="Source Attribute" path="S1.Snapshot Datum"/></mapping><mapping><output mapTargetHearder="Target Attribute" path="Snapshot Type"/><input mapSourceHearder="Source Attribute" path="S1.Snapshot Type"/></mapping></mappingGroup><mappingGroup id="_MG_11" targetTable="Dimensie Taak Dv"><input abbreviation="S1" mapSourceHearder="Source Entity" path="{/03 BDR_ZWA_PO/DM ZWA.ldm}:/Bedrijfszone ZW-Arbo/Dimensie Taak Tb"/><output mapTargetHearder="Target Entity" path="{/05 GGV/05 GGV.ldm}:/GGV_ZWA/Dimensie Taak Dv"/><mapping><output mapTargetHearder="Target Attribute" path="DIM_TAAK_KEY"/><input mapSourceHearder="Source Attribute" path="S1.DIM_TAAK_KEY"/></mapping><mapping><output mapTargetHearder="Target Attribute" path="Taakcode"/><input mapSourceHearder="Source Attribute" path="S1.Taakcode"/></mapping><mapping><output mapTargetHearder="Target Attribute" path="Taak"/><input mapSourceHearder="Source Attribute" path="S1.Taak"/></mapping></mappingGroup><mappingGroup id="_MG_12" targetTable="Dimensie Team Dv"><input abbreviation="S1" mapSourceHearder="Source Entity" path="{/03 BDR_ZWA_PO/DM ZWA.ldm}:/Bedrijfszone ZW-Arbo/Dimensie Team Tb"/><output mapTargetHearder="Target Entity" path="{/05 GGV/05 GGV.ldm}:/GGV_ZWA/Dimensie Team Dv"/><mapping><output mapTargetHearder="Target Attribute" path="DIM_TEAM_KEY"/><input mapSourceHearder="Source Attribute" path="S1.DIM_TEAM_KEY"/></mapping><mapping><output mapTargetHearder="Target Attribute" path="Teamnummer"/><input mapSourceHearder="Source Attribute" path="S1.Teamnummer"/></mapping><mapping><output mapTargetHearder="Target Attribute" path="Teamnaam"/><input mapSourceHearder="Source Attribute" path="S1.Teamnaam"/></mapping><mapping><output mapTargetHearder="Target Attribute" path="Districtskantoor Nr"/><input mapSourceHearder="Source Attribute" path="S1.Districtskantoor Nr"/></mapping><mapping><output mapTargetHearder="Target Attribute" path="Districtskantoor Naam"/><input mapSourceHearder="Source Attribute" path="S1.Districtskantoor Naam"/></mapping><mapping><output mapTargetHearder="Target Attribute" path="Districtskantoor Sorteervolgnr"/><input mapSourceHearder="Source Attribute" path="S1.Districtskantoor Sorteervolgnr"/></mapping><mapping><output mapTargetHearder="Target Attribute" path="Regio Nr"/><input mapSourceHearder="Source Attribute" path="S1.Regio Nr"/></mapping><mapping><output mapTargetHearder="Target Attribute" path="Regio Naam"/><input mapSourceHearder="Source Attribute" path="S1.Regio Naam"/></mapping><mapping><output mapTargetHearder="Target Attribute" path="Regio Sorteervolgnr"/><input mapSourceHearder="Source Attribute" path="S1.Regio Sorteervolgnr"/></mapping></mappingGroup><mappingGroup id="_MG_13" targetTable="Dimensie Zaak Dv"><input abbreviation="S1" mapSourceHearder="Source Entity" path="{/03 BDR_ZWA_PO/DM ZWA.ldm}:/Bedrijfszone ZW-Arbo/Dimensie Zaak Tb"/><output mapTargetHearder="Target Entity" path="{/05 GGV/05 GGV.ldm}:/GGV_ZWA/Dimensie Zaak Dv"/><mapping><output mapTargetHearder="Target Attribute" path="DIM_ZAAK_KEY"/><input mapSourceHearder="Source Attribute" path="S1.DIM_ZAAK_KEY"/></mapping><mapping><output mapTargetHearder="Target Attribute" path="UZS Aanvraagid"/><input mapSourceHearder="Source Attribute" path="S1.UZS Aanvraagid"/></mapping><mapping><output mapTargetHearder="Target Attribute" path="UZS Gevalsvolgnr"/><input mapSourceHearder="Source Attribute" path="S1.UZS Gevalsvolgnr"/></mapping><mapping><output mapTargetHearder="Target Attribute" path="Contractcode"/><input mapSourceHearder="Source Attribute" path="S1.Contractcode"/></mapping><mapping><output mapTargetHearder="Target Attribute" path="Buitenlandse Instellingsnr"/><input mapSourceHearder="Source Attribute" path="S1.Buitenlandse Instellingsnr"/></mapping><mapping><output mapTargetHearder="Target Attribute" path="Begindatum AO"/><input mapSourceHearder="Source Attribute" path="S1.Begindatum AO"/></mapping><mapping><output mapTargetHearder="Target Attribute" path="Datum Ontvangst AO Melding"/><input mapSourceHearder="Source Attribute" path="S1.Datum Ontvangst AO Melding"/></mapping><mapping><output mapTargetHearder="Target Attribute" path="Datum Boeking AO"/><input mapSourceHearder="Source Attribute" path="S1.Datum Boeking AO"/></mapping><mapping><output mapTargetHearder="Target Attribute" path="1e of 2e lijn"/><input mapSourceHearder="Source Attribute" path="S1.1e of 2e lijn"/></mapping><mapping><output mapTargetHearder="Target Attribute" path="Datum overdracht centraal kantoor"/><input mapSourceHearder="Source Attribute" path="S1.Datum overdracht centraal kantoor"/></mapping><mapping><output mapTargetHearder="Target Attribute" path="Datum ziekmelding door verzekerde"/><input mapSourceHearder="Source Attribute" path="S1.Datum ziekmelding door verzekerde"/></mapping><mapping><output mapTargetHearder="Target Attribute" path="Datum eerste contact"/><input mapSourceHearder="Source Attribute" path="S1.Datum eerste contact"/></mapping><mapping><output mapTargetHearder="Target Attribute" path="Datum plausibel"/><input mapSourceHearder="Source Attribute" path="S1.Datum plausibel"/></mapping><mapping><output mapTargetHearder="Target Attribute" path="Indicatie Plausibel"/><input mapSourceHearder="Source Attribute" path="S1.Indicatie Plausibel"/></mapping><mapping><output mapTargetHearder="Target Attribute" path="Maximum datum ziekewet"/><input mapSourceHearder="Source Attribute" path="S1.Maximum datum ziekewet"/></mapping><mapping><output mapTargetHearder="Target Attribute" path="Uiterste datum afhandeling EZWB"/><input mapSourceHearder="Source Attribute" path="S1.Uiterste datum afhandeling EZWB"/></mapping><mapping><output mapTargetHearder="Target Attribute" path="Nieuwe uiterste datum afhandeling EZWB"/><input mapSourceHearder="Source Attribute" path="S1.Nieuwe uiterste datum afhandeling EZWB"/></mapping><mapping><output mapTargetHearder="Target Attribute" path="Datum Ontvangst Hersteldmelding"/><input mapSourceHearder="Source Attribute" path="S1.Datum Ontvangst Hersteldmelding"/></mapping><mapping><output mapTargetHearder="Target Attribute" path="Datum Boeking Hersteldmelding"/><input mapSourceHearder="Source Attribute" path="S1.Datum Boeking Hersteldmelding"/></mapping><mapping><output mapTargetHearder="Target Attribute" path="Einddatum AO"/><input mapSourceHearder="Source Attribute" path="S1.Einddatum AO"/></mapping><mapping><output mapTargetHearder="Target Attribute" path="Code vangnetcategorie"/><input mapSourceHearder="Source Attribute" path="S1.Code vangnetcategorie"/></mapping><mapping><output mapTargetHearder="Target Attribute" path="Vangnetcategorie"/><input mapSourceHearder="Source Attribute" path="S1.Vangnetcategorie"/></mapping><mapping><output mapTargetHearder="Target Attribute" path="Code bron hersteldmelding"/><input mapSourceHearder="Source Attribute" path="S1.Code bron hersteldmelding"/></mapping><mapping><output mapTargetHearder="Target Attribute" path="Bron hersteldmelding"/><input mapSourceHearder="Source Attribute" path="S1.Bron hersteldmelding"/></mapping><mapping><output mapTargetHearder="Target Attribute" path="Code uitstroomoorzaak"/><input mapSourceHearder="Source Attribute" path="S1.Code uitstroomoorzaak"/></mapping><mapping><output mapTargetHearder="Target Attribute" path="Uitstroomoorzaak"/><input mapSourceHearder="Source Attribute" path="S1.Uitstroomoorzaak"/></mapping><mapping><output mapTargetHearder="Target Attribute" path="Indicatie eigen risico drager"/><input mapSourceHearder="Source Attribute" path="S1.Indicatie eigen risico drager"/></mapping><mapping><output mapTargetHearder="Target Attribute" path="Indicatie slapend"/><input mapSourceHearder="Source Attribute" path="S1.Indicatie slapend"/></mapping><mapping><output mapTargetHearder="Target Column" path="Indicatie GDBM"/><input mapSourceHearder="Source Column" path="S1.Indicatie GDBM"/></mapping></mappingGroup><mappingGroup id="_MG_14" targetTable="Feit Zaak Instroom Fw"><input abbreviation="S1" mapSourceHearder="Source Entity" path="{/03 BDR_ZWA_PO/DM ZWA.ldm}:/Bedrijfszone ZW-Arbo/Feit Zaak Instroom Tb"/><output mapTargetHearder="Target Entity" path="{/05 GGV/05 GGV.ldm}:/GGV_ZWA/Feit Zaak Instroom Fw"/><mapping><output mapTargetHearder="Target Attribute" path="DIM_DATUM_KEY Rapportageperiode"/><input mapSourceHearder="Source Attribute" path="S1.DIM_DATUM_KEY Rapportageperiode"/></mapping><mapping><output mapTargetHearder="Target Attribute" path="DIM_SNAPSHOT_KEY"/><input mapSourceHearder="Source Attribute" path="S1.DIM_SNAPSHOT_KEY"/></mapping><mapping><output mapTargetHearder="Target Attribute" path="DIM_ZAAK_KEY"/><input mapSourceHearder="Source Attribute" path="S1.DIM_ZAAK_KEY"/></mapping><mapping><output mapTargetHearder="Target Attribute" path="DIM_TEAM_KEY_VERANTWOORDELIJK"/><input mapSourceHearder="Source Attribute" path="S1.DIM_TEAM_KEY_VERANTWOORDELIJK"/></mapping><mapping><output mapTargetHearder="Target Attribute" path="Aantal instroom"/><input mapSourceHearder="Source Attribute" path="S1.Aantal instroom"/></mapping><mapping><output mapTargetHearder="Target Attribute" path="Verzuimduur"/><input mapSourceHearder="Source Attribute" path="S1.Verzuimduur"/></mapping><mapping><output mapTargetHearder="Target Attribute" path="Verzuimduur tot rapportagemoment"/><input mapSourceHearder="Source Attribute" path="S1.Verzuimduur tot rapportagemoment"/></mapping></mappingGroup></mappingRoot>