<?xml version="1.0" encoding="UTF-8"?><mappingRoot date="27-okt-2023" lastModified="27-okt-2023 21:56:52" location="V:\SMZ\ZW-Arbo\IDA\03 BDR_ZWA_PO\BDV_DM_VIEW.msl" size="98602"><rootOutput location="/03 BDR_ZWA_PO/DM ZWA.ldm"><rootObject header="Package" name="/Bedrijfszone ZW-Arbo"/></rootOutput><rootInput location="/10 BDR_CONFORME_DIMENSIES/BDR_CONFORME_DIMENSIES.ldm"><rootObject header="Package" name="/Package1"/></rootInput><rootInput location="/03 BDR_ZWA_PO/DM ZWA.ldm"><rootObject header="Package" name="/Bedrijfszone ZW-Arbo"/></rootInput><rootInput location="/02 INT_ZWA_PO/Business DataVault.ldm"><rootObject header="Package" name="/INT_ZWA"/></rootInput><mappingGroup id="_MG_1" targetTable="Dimensie Team Vw"><input abbreviation="S1" mapSourceHearder="Source Entity" path="{/02 INT_ZWA_PO/Business DataVault.ldm}:/INT_ZWA/Team H"/><input abbreviation="S2" mapSourceHearder="Source Entity" path="{/02 INT_ZWA_PO/Business DataVault.ldm}:/INT_ZWA/Team S"/><output mapTargetHearder="Target Entity" path="{/03 BDR_ZWA_PO/DM ZWA.ldm}:/Bedrijfszone ZW-Arbo/Dimensie Team Vw"/><mapping><output mapTargetHearder="Target Attribute" path="Team Hashkey"/><input mapSourceHearder="Source Attribute" path="S1.Team H HK"/><documentation key="msl_mapping_documentation"/></mapping><mapping><output mapTargetHearder="Target Attribute" path="Teamnummer"/><input mapSourceHearder="Source Attribute" path="S1.Teamnummer"/></mapping><mapping><output mapTargetHearder="Target Attribute" path="Teamnaam"/><input mapSourceHearder="Source Attribute" path="S2.Teamnaam"/></mapping><mapping><output mapTargetHearder="Target Attribute" path="DIM_TEAM_KEY"/><input mapSourceHearder="Source Attribute" path="S1.Team H HK"/><documentation key="msl_mapping_documentation" value="Niet de hashkey overnemen maar een willekeurig Nr maken"/></mapping><mapping><output mapTargetHearder="Target Attribute" path="Districtskantoor Nr"/><input mapSourceHearder="Source Attribute" path="S1.Districtskantoor Nr"/></mapping><mapping><output mapTargetHearder="Target Attribute" path="Districtskantoor Naam"/><input mapSourceHearder="Source Attribute" path="S2.Districtskantoor Naam"/></mapping><mapping><output mapTargetHearder="Target Attribute" path="Regio Naam"/><input mapSourceHearder="Source Attribute" path="S2.Regio Naam"/></mapping><mapping><output mapTargetHearder="Target Attribute" path="Regio Nr"/><input mapSourceHearder="Source Attribute" path="S2.Regio Nr"/></mapping><mapping><output mapTargetHearder="Target Attribute" path="Regio Sorteervolgnr"/><input mapSourceHearder="Source Attribute" path="S2.Regio Sorteervolgnr"/></mapping><mapping><output mapTargetHearder="Target Attribute" path="Districtskantoor Sorteervolgnr"/><input mapSourceHearder="Source Attribute" path="S2.Districtskantoor Sorteervolgnr"/></mapping></mappingGroup><mappingGroup id="_MG_2" targetTable="Dimensie Zaak Vw"><input abbreviation="S1" mapSourceHearder="Source Entity" path="{/02 INT_ZWA_PO/Business DataVault.ldm}:/INT_ZWA/Zaak H"/><input abbreviation="S2" mapSourceHearder="Source Entity" path="{/02 INT_ZWA_PO/Business DataVault.ldm}:/INT_ZWA/Zaak S"/><output mapTargetHearder="Target Entity" path="{/03 BDR_ZWA_PO/DM ZWA.ldm}:/Bedrijfszone ZW-Arbo/Dimensie Zaak Vw"/><mapping><output mapTargetHearder="Target Attribute" path="Zaak Hashkey"/><input mapSourceHearder="Source Attribute" path="S1.Zaak H Hk"/></mapping><mapping><output mapTargetHearder="Target Attribute" path="Contractcode"/><input mapSourceHearder="Source Attribute" path="S1.Contractcode"/></mapping><mapping><output mapTargetHearder="Target Attribute" path="Buitenlandse Instellingsnr"/><input mapSourceHearder="Source Attribute" path="S1.Buitenlandse Instellingsnr"/></mapping><mapping><output mapTargetHearder="Target Attribute" path="Begindatum AO"/><input mapSourceHearder="Source Attribute" path="S1.Begindatum AO"/></mapping><mapping><output mapTargetHearder="Target Attribute" path="UZS Aanvraagid"/><input mapSourceHearder="Source Attribute" path="S2.UZS Aanvraagid"/></mapping><mapping><output mapTargetHearder="Target Attribute" path="UZS Gevalsvolgnr"/><input mapSourceHearder="Source Attribute" path="S2.UZS Gevalsvolgnr"/></mapping><mapping><output mapTargetHearder="Target Attribute" path="Datum Ontvangst AO Melding"/><input mapSourceHearder="Source Attribute" path="S2.Datum Ontvangst AO Melding"/></mapping><mapping><output mapTargetHearder="Target Attribute" path="Datum Boeking AO"/><input mapSourceHearder="Source Attribute" path="S2.Datum Boeking AO"/></mapping><mapping><output mapTargetHearder="Target Attribute" path="Datum overdracht centraal kantoor"/><input mapSourceHearder="Source Attribute" path="S2.Datum overdracht centraal kantoor"/></mapping><mapping><output mapTargetHearder="Target Attribute" path="Datum ziekmelding door verzekerde"/><input mapSourceHearder="Source Attribute" path="S2.Datum ziekmelding door verzekerde"/></mapping><mapping><output mapTargetHearder="Target Attribute" path="Datum eerste contact"/><input mapSourceHearder="Source Attribute" path="S2.Datum eerste contact"/></mapping><mapping><output mapTargetHearder="Target Attribute" path="Datum plausibel"/><input mapSourceHearder="Source Attribute" path="S2.Datum plausibel"/></mapping><mapping><output mapTargetHearder="Target Attribute" path="Uiterste datum afhandeling EZWB"/><input mapSourceHearder="Source Attribute" path="S2.Uiterste datum afhandeling EZWB"/></mapping><mapping><output mapTargetHearder="Target Attribute" path="Nieuwe uiterste datum afhandeling EZWB"/><input mapSourceHearder="Source Attribute" path="S2.Nieuwe uiterste datum afhandeling EZWB"/></mapping><mapping><output mapTargetHearder="Target Attribute" path="Datum Ontvangst Hersteldmelding"/><input mapSourceHearder="Source Attribute" path="S2.Datum Ontvangst Hersteldmelding"/></mapping><mapping><output mapTargetHearder="Target Attribute" path="Code vangnetcategorie"/><input mapSourceHearder="Source Attribute" path="S2.Code vangnetcategorie"/></mapping><mapping><output mapTargetHearder="Target Attribute" path="Vangnetcategorie"/><input mapSourceHearder="Source Attribute" path="S2.Vangnetcategorie"/></mapping><mapping><output mapTargetHearder="Target Attribute" path="Code bron hersteldmelding"/><input mapSourceHearder="Source Attribute" path="S2.Code bron hersteldmelding"/></mapping><mapping><output mapTargetHearder="Target Attribute" path="Bron hersteldmelding"/><input mapSourceHearder="Source Attribute" path="S2.Bron hersteldmelding"/></mapping><mapping><output mapTargetHearder="Target Attribute" path="Code uitstroomoorzaak"/><input mapSourceHearder="Source Attribute" path="S2.Code uitstroomoorzaak"/></mapping><mapping><output mapTargetHearder="Target Attribute" path="Uitstroomoorzaak"/><input mapSourceHearder="Source Attribute" path="S2.Uitstroomoorzaak"/></mapping><mapping><output mapTargetHearder="Target Attribute" path="Indicatie eigen risico drager"/><input mapSourceHearder="Source Attribute" path="S2.Indicatie eigen risico drager"/></mapping><mapping><output mapTargetHearder="Target Attribute" path="Indicatie slapend"/><input mapSourceHearder="Source Attribute" path="S2.Indicatie slapend"/></mapping><mapping><output mapTargetHearder="Target Attribute" path="Indicatie Plausibel"/><input mapSourceHearder="Source Attribute" path="S2.Indicatie Plausibel"/><documentation key="msl_mapping_documentation" value="30-06-2023 NIEUW: attribuut 'Indicatie plausibel' toegevoegd"/></mapping><mapping><output mapTargetHearder="Target Attribute" path="Maximum datum ziektewet"/><input mapSourceHearder="Source Attribute" path="S2.Maximum datum ziektewet"/></mapping><mapping><output mapTargetHearder="Target Attribute" path="DIM_ZAAK_KEY"/><input mapSourceHearder="Source Attribute" path="S1.Zaak H Hk"/><documentation key="msl_mapping_documentation" value="Niet de hashkey overnemen maar een willekeurig Nr maken"/></mapping><mapping><output mapTargetHearder="Target Attribute" path="Datum Boeking Hersteldmelding"/><input mapSourceHearder="Source Attribute" path="S2.Datum Boeking Hersteldmelding"/></mapping><mapping><output mapTargetHearder="Target Attribute" path="Einddatum AO"/><input mapSourceHearder="Source Attribute" path="S2.Einddatum AO"/></mapping><mapping><output mapTargetHearder="Target Attribute" path="1e of 2e lijn"/><input mapSourceHearder="Source Attribute" path="S2.1e of 2e lijn"/></mapping><mapping><output mapTargetHearder="Target Column" path="Indicatie GDBM"/><input mapSourceHearder="Source Column" path="S2.Indicatie GDBM"/></mapping></mappingGroup><mappingGroup id="_MG_3" targetTable="Feit Zaak Uitstroom Vw"><input abbreviation="S1" mapSourceHearder="Source Entity" path="{/02 INT_ZWA_PO/Business DataVault.ldm}:/INT_ZWA/Zaak H"/><input abbreviation="S2" mapSourceHearder="Source Entity" path="{/02 INT_ZWA_PO/Business DataVault.ldm}:/INT_ZWA/Zaak S"/><input abbreviation="S3" mapSourceHearder="Source Entity" path="{/03 BDR_ZWA_PO/DM ZWA.ldm}:/Bedrijfszone ZW-Arbo/Dimensie Datum Tb"/><input abbreviation="S4" mapSourceHearder="Source Entity" path="{/03 BDR_ZWA_PO/DM ZWA.ldm}:/Bedrijfszone ZW-Arbo/Dimensie Team Vw"/><input abbreviation="S5" mapSourceHearder="Source Entity" path="{/02 INT_ZWA_PO/Business DataVault.ldm}:/INT_ZWA/Verantwoordelijk Team bij Zaak L"/><input abbreviation="S6" mapSourceHearder="Source Entity" path="{/03 BDR_ZWA_PO/DM ZWA.ldm}:/Bedrijfszone ZW-Arbo/Dimensie Snapshot Tb"/><input abbreviation="S7" mapSourceHearder="Source Entity" path="{/02 INT_ZWA_PO/Business DataVault.ldm}:/INT_ZWA/Verantwoordelijk Team bij Zaak S"/><input abbreviation="S8" mapSourceHearder="Source Entity" path="{/03 BDR_ZWA_PO/DM ZWA.ldm}:/Bedrijfszone ZW-Arbo/Dimensie Zaak Vw"/><output mapTargetHearder="Target Entity" path="{/03 BDR_ZWA_PO/DM ZWA.ldm}:/Bedrijfszone ZW-Arbo/Feit Zaak Uitstroom Vw"/><documentation key="msl_mapping_documentation" value="Leidende brontabel : Zaak H&#13;&#10;Join deze met Zaak S waarbij &#13;&#10;&#9;- de Snapshotdatum valt tussen de (technische) geldigvanaf en tm van Zaak S &#13;&#10;Join deze met de Dimensie Snapshot Tb:&#13;&#10;&#9;- Datum Boeking Hersteldmelding valt tussen Snapshot periode van en -tm &#13;&#10;&#13;&#10;Filter het resultaat op: &#13;&#10;- Einddatum AO is gevuld (Sat)&#13;&#10;- EN Begindatum AO gevuld (Hub)&#13;&#10;"/><mapping><output mapTargetHearder="Target Attribute" path="Aantal uitstroom"/><input mapSourceHearder="Source Attribute" path="S1.Zaak H Hk"/><documentation key="msl_mapping_documentation" value="Altijd het getal 1 (dus je hoeft niets te doen met Zaak HK)"/></mapping><mapping><output mapTargetHearder="Target Attribute" path="DIM_DATUM_KEY Rapportageperiode"/><input mapSourceHearder="Source Attribute" path="S2.Datum Boeking Hersteldmelding"/><input mapSourceHearder="Source Attribute" path="S3.DIM_DATUM_KEY"/><input mapSourceHearder="Source Attribute" path="S3.Datum"/><documentation key="msl_mapping_documentation" value="Lookup dim datum key obv datum boeking hersteldmelding"/></mapping><mapping><output mapTargetHearder="Target Attribute" path="DIM_TEAM_KEY_VERANTWOORDELIJK"/><input mapSourceHearder="Source Attribute" path="S5.Team H HK"/><input mapSourceHearder="Source Attribute" path="S4.DIM_TEAM_KEY"/><input mapSourceHearder="Source Attribute" path="S1.Zaak H Hk"/><input mapSourceHearder="Source Attribute" path="S4.Team Hashkey"/><input mapSourceHearder="Source Attribute" path="S7.Laaddatumtijd"/><documentation key="msl_mapping_documentation" value="Wat was het verantwoordelijke team op het moment dat het snapshot genomen werd? Dus: Snapshot datum valt tussen de laaddatum en de einddatum van de Satelliet Verantwoordelijk team bij Zaak.&#13;&#10;"/></mapping><mapping><output mapTargetHearder="Target Attribute" path="DIM_SNAPSHOT_KEY"/><input mapSourceHearder="Source Attribute" path="S2.Laaddatumtijd"/><input mapSourceHearder="Source Attribute" path="S2.Datum Boeking Hersteldmelding"/><input mapSourceHearder="Source Attribute" path="S6.DIM_SNAPSHOT_KEY"/><input mapSourceHearder="Source Attribute" path="S6.Snapshot datum vanaf"/><input mapSourceHearder="Source Attribute" path="S6.Snapshot datum tm"/><input mapSourceHearder="Source Attribute" path="S6.Snapshot Datum"/><input mapSourceHearder="Source Attribute" path="S2.Einddatum AO"/><input mapSourceHearder="Source Attribute" path="S1.Zaak H Hk"/><documentation key="msl_mapping_documentation" value="Gebruik de snapshotkey waarvoor geldt:&#13;&#10;&#13;&#10;- De data was geldig op het moment van het nemen van het snapshot: Snapshot datum valt tussen laaddatum en einddatum in de Satelliet&#13;&#10;- De zaak werd beeindigd in de rapportageperiode: Datum boeking hersteldmelding valt tussen snapshot datum vanaf en snapshot datum tm&#13;&#10;- Einddatum AO is niet leeg (filter de totale set)"/></mapping><mapping><output mapTargetHearder="Target Attribute" path="Verzuimduur"/><input mapSourceHearder="Source Attribute" path="S1.Begindatum AO"/><input mapSourceHearder="Source Attribute" path="S2.Einddatum AO"/><documentation key="msl_mapping_documentation" value="Verschil in dagen tussen de einddatum AO en de begindatum AO"/></mapping><mapping><output mapTargetHearder="Target Attribute" path="DIM_ZAAK_KEY"/><input mapSourceHearder="Source Attribute" path="S8.DIM_ZAAK_KEY"/><documentation key="msl_mapping_documentation" value="Lookup obv Zaak Hashkey"/></mapping></mappingGroup><mappingGroup id="_MG_4" targetTable="Dimensie Datum Vw"><output mapTargetHearder="Target Entity" path="{/03 BDR_ZWA_PO/DM ZWA.ldm}:/Bedrijfszone ZW-Arbo/Dimensie Datum Vw"/><mapping><output mapTargetHearder="Target Attribute" path="Dagnaam"/><input mapSourceHearder="Source Attribute" path="{/10 BDR_CONFORME_DIMENSIES/BDR_CONFORME_DIMENSIES.ldm}:/BDR_CONFORME_DIMENSIES/Dimensie Datum/Dagnaam"/></mapping><mapping><output mapTargetHearder="Target Attribute" path="Dagnummer in week"/><input mapSourceHearder="Source Attribute" path="{/10 BDR_CONFORME_DIMENSIES/BDR_CONFORME_DIMENSIES.ldm}:/BDR_CONFORME_DIMENSIES/Dimensie Datum/Dagnummer in week"/></mapping><mapping><output mapTargetHearder="Target Attribute" path="Dagnummer in maand"/><input mapSourceHearder="Source Attribute" path="{/10 BDR_CONFORME_DIMENSIES/BDR_CONFORME_DIMENSIES.ldm}:/BDR_CONFORME_DIMENSIES/Dimensie Datum/Dagnummer in maand"/></mapping><mapping><output mapTargetHearder="Target Attribute" path="Dagnummer in jaar"/><input mapSourceHearder="Source Attribute" path="{/10 BDR_CONFORME_DIMENSIES/BDR_CONFORME_DIMENSIES.ldm}:/BDR_CONFORME_DIMENSIES/Dimensie Datum/Dagnummer in jaar"/></mapping><mapping><output mapTargetHearder="Target Attribute" path="Indicatie weekend"/><input mapSourceHearder="Source Attribute" path="{/10 BDR_CONFORME_DIMENSIES/BDR_CONFORME_DIMENSIES.ldm}:/BDR_CONFORME_DIMENSIES/Dimensie Datum/Indicatie weekend"/></mapping><mapping><output mapTargetHearder="Target Attribute" path="Weeknummer"/><input mapSourceHearder="Source Attribute" path="{/10 BDR_CONFORME_DIMENSIES/BDR_CONFORME_DIMENSIES.ldm}:/BDR_CONFORME_DIMENSIES/Dimensie Datum/Weeknummer"/></mapping><mapping><output mapTargetHearder="Target Attribute" path="Jaar-week nummer"/><input mapSourceHearder="Source Attribute" path="{/10 BDR_CONFORME_DIMENSIES/BDR_CONFORME_DIMENSIES.ldm}:/BDR_CONFORME_DIMENSIES/Dimensie Datum/Jaar-week nummer"/></mapping><mapping><output mapTargetHearder="Target Attribute" path="Datum eerste dag van de week"/><input mapSourceHearder="Source Attribute" path="{/10 BDR_CONFORME_DIMENSIES/BDR_CONFORME_DIMENSIES.ldm}:/BDR_CONFORME_DIMENSIES/Dimensie Datum/Datum eerste dag van de week"/></mapping><mapping><output mapTargetHearder="Target Attribute" path="Datum laatste dag van de week"/><input mapSourceHearder="Source Attribute" path="{/10 BDR_CONFORME_DIMENSIES/BDR_CONFORME_DIMENSIES.ldm}:/BDR_CONFORME_DIMENSIES/Dimensie Datum/Datum laatste dag van de week"/></mapping><mapping><output mapTargetHearder="Target Attribute" path="Indicatie is begin van de week"/><input mapSourceHearder="Source Attribute" path="{/10 BDR_CONFORME_DIMENSIES/BDR_CONFORME_DIMENSIES.ldm}:/BDR_CONFORME_DIMENSIES/Dimensie Datum/Indicatie is begin van de week"/></mapping><mapping><output mapTargetHearder="Target Attribute" path="Maandnaam"/><input mapSourceHearder="Source Attribute" path="{/10 BDR_CONFORME_DIMENSIES/BDR_CONFORME_DIMENSIES.ldm}:/BDR_CONFORME_DIMENSIES/Dimensie Datum/Maandnaam"/></mapping><mapping><output mapTargetHearder="Target Attribute" path="Maandnummer"/><input mapSourceHearder="Source Attribute" path="{/10 BDR_CONFORME_DIMENSIES/BDR_CONFORME_DIMENSIES.ldm}:/BDR_CONFORME_DIMENSIES/Dimensie Datum/Maandnummer"/></mapping><mapping><output mapTargetHearder="Target Attribute" path="Jaar-maand nummer"/><input mapSourceHearder="Source Attribute" path="{/10 BDR_CONFORME_DIMENSIES/BDR_CONFORME_DIMENSIES.ldm}:/BDR_CONFORME_DIMENSIES/Dimensie Datum/Jaar-maand nummer"/></mapping><mapping><output mapTargetHearder="Target Attribute" path="Aantal dagen in de maand"/><input mapSourceHearder="Source Attribute" path="{/10 BDR_CONFORME_DIMENSIES/BDR_CONFORME_DIMENSIES.ldm}:/BDR_CONFORME_DIMENSIES/Dimensie Datum/Aantal dagen in de maand"/></mapping><mapping><output mapTargetHearder="Target Attribute" path="Kwartaalnummer"/><input mapSourceHearder="Source Attribute" path="{/10 BDR_CONFORME_DIMENSIES/BDR_CONFORME_DIMENSIES.ldm}:/BDR_CONFORME_DIMENSIES/Dimensie Datum/Kwartaalnummer"/></mapping><mapping><output mapTargetHearder="Target Attribute" path="Kwartaal"/><input mapSourceHearder="Source Attribute" path="{/10 BDR_CONFORME_DIMENSIES/BDR_CONFORME_DIMENSIES.ldm}:/BDR_CONFORME_DIMENSIES/Dimensie Datum/Kwartaal"/></mapping><mapping><output mapTargetHearder="Target Attribute" path="Jaar-kwartaal nummer"/><input mapSourceHearder="Source Attribute" path="{/10 BDR_CONFORME_DIMENSIES/BDR_CONFORME_DIMENSIES.ldm}:/BDR_CONFORME_DIMENSIES/Dimensie Datum/Jaar-kwartaal nummer"/></mapping><mapping><output mapTargetHearder="Target Attribute" path="Tertaalnummer"/><input mapSourceHearder="Source Attribute" path="{/10 BDR_CONFORME_DIMENSIES/BDR_CONFORME_DIMENSIES.ldm}:/BDR_CONFORME_DIMENSIES/Dimensie Datum/Tertaalnummer"/></mapping><mapping><output mapTargetHearder="Target Attribute" path="Tertaal"/><input mapSourceHearder="Source Attribute" path="{/10 BDR_CONFORME_DIMENSIES/BDR_CONFORME_DIMENSIES.ldm}:/BDR_CONFORME_DIMENSIES/Dimensie Datum/Tertaal"/></mapping><mapping><output mapTargetHearder="Target Attribute" path="Jaar-tertaal nummer"/><input mapSourceHearder="Source Attribute" path="{/10 BDR_CONFORME_DIMENSIES/BDR_CONFORME_DIMENSIES.ldm}:/BDR_CONFORME_DIMENSIES/Dimensie Datum/Jaar-tertaal nummer"/></mapping><mapping><output mapTargetHearder="Target Attribute" path="Jaartal"/><input mapSourceHearder="Source Attribute" path="{/10 BDR_CONFORME_DIMENSIES/BDR_CONFORME_DIMENSIES.ldm}:/BDR_CONFORME_DIMENSIES/Dimensie Datum/Jaartal"/></mapping><mapping><output mapTargetHearder="Target Attribute" path="Aantal dagen in jaar"/><input mapSourceHearder="Source Attribute" path="{/10 BDR_CONFORME_DIMENSIES/BDR_CONFORME_DIMENSIES.ldm}:/BDR_CONFORME_DIMENSIES/Dimensie Datum/Aantal dagen in jaar"/></mapping><mapping><output mapTargetHearder="Target Attribute" path="Seizoennaam"/><input mapSourceHearder="Source Attribute" path="{/10 BDR_CONFORME_DIMENSIES/BDR_CONFORME_DIMENSIES.ldm}:/BDR_CONFORME_DIMENSIES/Dimensie Datum/Seizoennaam"/></mapping><mapping><output mapTargetHearder="Target Attribute" path="Indicatie feestdag"/><input mapSourceHearder="Source Attribute" path="{/10 BDR_CONFORME_DIMENSIES/BDR_CONFORME_DIMENSIES.ldm}:/BDR_CONFORME_DIMENSIES/Dimensie Datum/Indicatie feestdag"/></mapping><mapping><output mapTargetHearder="Target Attribute" path="Datum"/><input mapSourceHearder="Source Attribute" path="{/10 BDR_CONFORME_DIMENSIES/BDR_CONFORME_DIMENSIES.ldm}:/BDR_CONFORME_DIMENSIES/Dimensie Datum/Datum"/></mapping><mapping><output mapTargetHearder="Target Attribute" path="Indicatie is einde van de maand"/><input mapSourceHearder="Source Attribute" path="{/10 BDR_CONFORME_DIMENSIES/BDR_CONFORME_DIMENSIES.ldm}:/BDR_CONFORME_DIMENSIES/Dimensie Datum/Dagnummer in maand"/><input mapSourceHearder="Source Attribute" path="{/10 BDR_CONFORME_DIMENSIES/BDR_CONFORME_DIMENSIES.ldm}:/BDR_CONFORME_DIMENSIES/Dimensie Datum/Aantal dagen in de maand"/><documentation key="msl_mapping_documentation" value="Als dagnummer = aantal dagen in de maand, dan 'J', anders 'N'"/></mapping><mapping><output mapTargetHearder="Target Attribute" path="Datum ID"/><input mapSourceHearder="Source Attribute" path="{/10 BDR_CONFORME_DIMENSIES/BDR_CONFORME_DIMENSIES.ldm}:/BDR_CONFORME_DIMENSIES/Dimensie Datum/DIM DATUM KEY"/></mapping></mappingGroup><mappingGroup id="_MG_5" targetTable="Dimensie Snapshot Vw"><input abbreviation="S1" mapSourceHearder="Source Entity" path="{/03 BDR_ZWA_PO/DM ZWA.ldm}:/Bedrijfszone ZW-Arbo/Dimensie Datum Vw"/><output mapTargetHearder="Target Entity" path="{/03 BDR_ZWA_PO/DM ZWA.ldm}:/Bedrijfszone ZW-Arbo/Dimensie Snapshot Vw"/><documentation key="msl_mapping_documentation" value="- Filter de Datum dimensie op Datum = 'vandaag' (let op dat je bij 'vandaag' alleen het datumdeel hebt, zonder het tijdstip).&#13;&#10;"/><mapping><output mapTargetHearder="Target Attribute" path="Snapshot Datum"/><input mapSourceHearder="Source Attribute" path="S1.Datum"/></mapping><mapping><output mapTargetHearder="Target Attribute" path="Snapshot datum vanaf"/><input mapSourceHearder="Source Attribute" path="S1.Datum"/></mapping><mapping><output mapTargetHearder="Target Attribute" path="Snapshot periode"/><input mapSourceHearder="Source Attribute" path="S1.Datum ID"/><documentation key="msl_mapping_documentation" value="Vaste waarde: vandaag met als format 'YYYYMMDD'"/></mapping><mapping><output mapTargetHearder="Target Attribute" path="Periode Type"/><input mapSourceHearder="Source Attribute" path="S1.Datum ID"/></mapping><mapping><output mapTargetHearder="Target Attribute" path="DIM_SNAPSHOT_KEY"/><input mapSourceHearder="Source Attribute" path="S1.Datum ID"/><documentation key="msl_mapping_documentation" value="Vaste waarde: -2147483642"/></mapping><mapping><output mapTargetHearder="Target Attribute" path="Snapshot Type"/><input mapSourceHearder="Source Attribute" path="S1.Datum ID"/><documentation key="msl_mapping_documentation" value="Vaste waarde: 'Actueel'"/></mapping></mappingGroup><mappingGroup id="_MG_6" targetTable="Dimensie TaakInZaak Vw"><input abbreviation="S1" mapSourceHearder="Source Entity" path="{/02 INT_ZWA_PO/Business DataVault.ldm}:/INT_ZWA/TaakInZaak L"/><input abbreviation="S2" mapSourceHearder="Source Entity" path="{/02 INT_ZWA_PO/Business DataVault.ldm}:/INT_ZWA/TaakInZaak S"/><output mapTargetHearder="Target Entity" path="{/03 BDR_ZWA_PO/DM ZWA.ldm}:/Bedrijfszone ZW-Arbo/Dimensie TaakInZaak Vw"/><documentation key="msl_mapping_documentation" value="Leidende brontabel : TaakInZaak L&#13;&#10;Join deze met de Dimensie Snapshot Tb: Datum Initiele Boeking Activiteit valt tussen Snapshot periode van en -tm  &#13;&#10;Join deze met TaakInZaak S waarbij de Snapshotdatum valt tussen de (technische) geldigvanaf en tm van TaakInZaak S&#13;&#10;Filter het resultaat op:&#13;&#10;a) Datum planning aktiviteit is gevuld (op de snapshotdatum)&#13;&#10;EN &#13;&#10;b) datum Einddatum AO (Zaak) = leeg of &gt;= Datum Initiele Boeking Activiteit&#13;&#10;EN &#13;&#10;c) Nr Districtskantoor van de Taak = Nr Districtskantoor van de Zaak&#13;&#10;"/><mapping><output mapTargetHearder="Target Attribute" path="TaakInZaak L HK"/><input mapSourceHearder="Source Attribute" path="S1.TaakInZaak L HK"/></mapping><mapping><output mapTargetHearder="Target Attribute" path="Datum Boeking Activiteit"/><input mapSourceHearder="Source Attribute" path="S2.Datum Boeking Activiteit"/></mapping><mapping><output mapTargetHearder="Target Attribute" path="Datum Activiteit Plan"/><input mapSourceHearder="Source Attribute" path="S2.Datum Activiteit Plan"/></mapping><mapping><output mapTargetHearder="Target Attribute" path="Datum Activiteit Realisatie"/><input mapSourceHearder="Source Attribute" path="S2.Datum Activiteit Realisatie"/></mapping><mapping><output mapTargetHearder="Target Attribute" path="Code Aanleiding Activiteit"/><input mapSourceHearder="Source Attribute" path="S2.Code Aanleiding Activiteit"/></mapping><mapping><output mapTargetHearder="Target Attribute" path="Aanleiding Activiteit"/><input mapSourceHearder="Source Attribute" path="S2.Aanleiding Activiteit"/></mapping><mapping><output mapTargetHearder="Target Attribute" path="Datum Oproep"/><input mapSourceHearder="Source Attribute" path="S2.Datum Oproep"/></mapping><mapping><output mapTargetHearder="Target Attribute" path="Code aanwezigheid persoon"/><input mapSourceHearder="Source Attribute" path="S2.Code aanwezigheid persoon"/></mapping><mapping><output mapTargetHearder="Target Attribute" path="Aanwezigheid persoon"/><input mapSourceHearder="Source Attribute" path="S2.Aanwezigheid persoon"/></mapping><mapping><output mapTargetHearder="Target Attribute" path="Code Functie Medewerker"/><input mapSourceHearder="Source Attribute" path="S2.Code Functie Medewerker"/></mapping><mapping><output mapTargetHearder="Target Attribute" path="Functie Medewerker"/><input mapSourceHearder="Source Attribute" path="S2.Functie Medewerker"/></mapping><mapping><output mapTargetHearder="Target Attribute" path="Code Status Activiteit"/><input mapSourceHearder="Source Attribute" path="S2.Code Status Activiteit"/></mapping><mapping><output mapTargetHearder="Target Attribute" path="Status Activiteit"/><input mapSourceHearder="Source Attribute" path="S2.Status Activiteit"/></mapping><mapping><output mapTargetHearder="Target Attribute" path="Code Conclusie Activiteit"/><input mapSourceHearder="Source Attribute" path="S2.Code Conclusie Activiteit"/></mapping><mapping><output mapTargetHearder="Target Attribute" path="Conclusie Activiteit"/><input mapSourceHearder="Source Attribute" path="S2.Conclusie Activiteit"/></mapping><mapping><output mapTargetHearder="Target Attribute" path="DIM_TAAKINZAAK_KEY"/><input mapSourceHearder="Source Attribute" path="S1.TaakInZaak L HK"/><documentation key="msl_mapping_documentation" value="Niet de hashkey overnemen maar een willekeurig Nr maken"/></mapping><mapping><output mapTargetHearder="Target Attribute" path="Naam medewerker"/><input mapSourceHearder="Source Attribute" path="S2.Naam medewerker"/></mapping><mapping><output mapTargetHearder="Target Attribute" path="Datum Initiele Boeking Activiteit"/><input mapSourceHearder="Source Attribute" path="S1.Datum Initiele Boeking Activiteit"/></mapping></mappingGroup><mappingGroup id="_MG_7" targetTable="Dimensie Taak Vw"><input abbreviation="S1" mapSourceHearder="Source Entity" path="{/02 INT_ZWA_PO/Business DataVault.ldm}:/INT_ZWA/Taak H"/><input abbreviation="S2" mapSourceHearder="Source Entity" path="{/02 INT_ZWA_PO/Business DataVault.ldm}:/INT_ZWA/Taak S"/><output mapTargetHearder="Target Entity" path="{/03 BDR_ZWA_PO/DM ZWA.ldm}:/Bedrijfszone ZW-Arbo/Dimensie Taak Vw"/><documentation key="msl_mapping_documentation" value="Outerjoin tussen hub en sat"/><mapping><output mapTargetHearder="Target Attribute" path="Taakcode"/><input mapSourceHearder="Source Attribute" path="S1.Activiteitcode"/></mapping><mapping><output mapTargetHearder="Target Attribute" path="Taak"/><input mapSourceHearder="Source Attribute" path="S2.Activiteit Omschrijving"/></mapping><mapping><output mapTargetHearder="Target Attribute" path="Taak Hashkey"/><input mapSourceHearder="Source Attribute" path="S1.Taak H Hk"/></mapping><mapping><output mapTargetHearder="Target Attribute" path="DIM_TAAK_KEY"/><input mapSourceHearder="Source Attribute" path="S1.Taak H Hk"/><documentation key="msl_mapping_documentation" value="Niet de hashkey overnemen maar een willekeurig Nr maken"/></mapping></mappingGroup><mappingGroup id="_MG_8" targetTable="Feit Taak in Zaak Output Vw"><input abbreviation="S1" mapSourceHearder="Source Entity" path="{/02 INT_ZWA_PO/Business DataVault.ldm}:/INT_ZWA/TaakInZaak L"/><input abbreviation="S2" mapSourceHearder="Source Entity" path="{/03 BDR_ZWA_PO/DM ZWA.ldm}:/Bedrijfszone ZW-Arbo/Dimensie TaakInZaak Tb"/><input abbreviation="S3" mapSourceHearder="Source Entity" path="{/03 BDR_ZWA_PO/DM ZWA.ldm}:/Bedrijfszone ZW-Arbo/Dimensie Datum Tb"/><input abbreviation="S4" mapSourceHearder="Source Entity" path="{/03 BDR_ZWA_PO/DM ZWA.ldm}:/Bedrijfszone ZW-Arbo/Dimensie Snapshot Tb"/><input abbreviation="S5" mapSourceHearder="Source Entity" path="{/02 INT_ZWA_PO/Business DataVault.ldm}:/INT_ZWA/Verantwoordelijk Team bij Zaak S"/><input abbreviation="S6" mapSourceHearder="Source Entity" path="{/03 BDR_ZWA_PO/DM ZWA.ldm}:/Bedrijfszone ZW-Arbo/Dimensie Team Tb"/><input abbreviation="S7" mapSourceHearder="Source Entity" path="{/02 INT_ZWA_PO/Business DataVault.ldm}:/INT_ZWA/Verantwoordelijk Team bij Zaak L"/><input abbreviation="S8" mapSourceHearder="Source Entity" path="{/03 BDR_ZWA_PO/DM ZWA.ldm}:/Bedrijfszone ZW-Arbo/Dimensie Zaak Tb"/><input abbreviation="S9" mapSourceHearder="Source Entity" path="{/03 BDR_ZWA_PO/DM ZWA.ldm}:/Bedrijfszone ZW-Arbo/Dimensie Taak Tb"/><input abbreviation="S10" mapSourceHearder="Source Entity" path="{/02 INT_ZWA_PO/Business DataVault.ldm}:/INT_ZWA/TaakInZaak S"/><output mapTargetHearder="Target Entity" path="{/03 BDR_ZWA_PO/DM ZWA.ldm}:/Bedrijfszone ZW-Arbo/Feit Taak in Zaak Output Vw"/><mapping><output mapTargetHearder="Target Attribute" path="Aantal Output"/><input mapSourceHearder="Source Attribute" path="S1.TaakInZaak L HK"/><documentation key="msl_mapping_documentation" value="Altijd 1 (maakt verder geen gebruik van de TaakInZaak L HK)"/></mapping><mapping><output mapTargetHearder="Target Attribute" path="DIM_DATUM_KEY Rapportageperiode"/><input mapSourceHearder="Source Attribute" path="S10.Datum Activiteit Realisatie"/><input mapSourceHearder="Source Attribute" path="S3.DIM_DATUM_KEY"/><input mapSourceHearder="Source Attribute" path="S3.Datum"/><documentation key="msl_mapping_documentation" value="Lookup in de datumdimensie van de datum key op basis van de datum activiteit realisatie"/></mapping><mapping><output mapTargetHearder="Target Attribute" path="DIM_SNAPSHOT_KEY"/><input mapSourceHearder="Source Attribute" path="S10.Laaddatumtijd"/><input mapSourceHearder="Source Attribute" path="S10.Datum Activiteit Realisatie"/><input mapSourceHearder="Source Attribute" path="S4.DIM_SNAPSHOT_KEY"/><input mapSourceHearder="Source Attribute" path="S4.Snapshot datum vanaf"/><input mapSourceHearder="Source Attribute" path="S4.Snapshot datum tm"/><input mapSourceHearder="Source Attribute" path="S4.Snapshot Datum"/><documentation key="msl_mapping_documentation" value="Gebruik de snapshotkey waarvoor geldt:&#13;&#10;&#13;&#10;- De data was geldig op het moment van het nemen van het snapshot: Snapshot datum valt tussen laaddatum en einddatum in de Satelliet&#13;&#10;- De taak werd afgerond in de rapportageperiode: Datum activiteit Realisatie valt tussen snapshot datum vanaf en snapshot datum tm&#13;&#10;- De Datum Activiteit Realisatie is niet leeg (filter de totale set)"/></mapping><mapping><output mapTargetHearder="Target Attribute" path="DIM_ZAAK_KEY"/><input mapSourceHearder="Source Attribute" path="S1.Zaak H Hk"/><input mapSourceHearder="Source Attribute" path="S8.DIM_ZAAK_KEY"/><input mapSourceHearder="Source Attribute" path="S8.Zaak Hashkey"/></mapping><mapping><output mapTargetHearder="Target Attribute" path="DIM_TAAKINZAAK_KEY"/><input mapSourceHearder="Source Attribute" path="S1.TaakInZaak L HK"/><input mapSourceHearder="Source Attribute" path="S2.DIM_TAAKINZAAK_KEY"/><input mapSourceHearder="Source Attribute" path="S2.TaakInZaak L HK"/><documentation key="msl_mapping_documentation" value="Lookup van de Taak in zaak Key obv de taak in zaak hashkey"/></mapping><mapping><output mapTargetHearder="Target Attribute" path="DIM_TAAK_KEY"/><input mapSourceHearder="Source Attribute" path="S1.Taak H Hk"/><input mapSourceHearder="Source Attribute" path="S9.DIM_TAAK_KEY"/><input mapSourceHearder="Source Attribute" path="S9.Taak Hashkey"/><documentation key="msl_mapping_documentation" value="Lookup van de Taak Key obv de taakhashkey"/></mapping><mapping><output mapTargetHearder="Target Attribute" path="DIM_TEAM_KEY_VERANTWOORDELIJK"/><input mapSourceHearder="Source Attribute" path="S1.Zaak H Hk"/><input mapSourceHearder="Source Attribute" path="S7.Zaak H Hk"/><input mapSourceHearder="Source Attribute" path="S7.Team H HK"/><input mapSourceHearder="Source Attribute" path="S5.Laaddatumtijd"/><input mapSourceHearder="Source Attribute" path="S4.Snapshot Datum"/><input mapSourceHearder="Source Attribute" path="S6.DIM_TEAM_KEY"/><input mapSourceHearder="Source Attribute" path="S6.Team Hashkey"/><documentation key="msl_mapping_documentation" value="Bepaal het verantwoordelijke team bij de zaak op het moment dat de snapshot genomen wordt: Snapshotdatum valt tussen de laadddatum en de einddatum van de Satelliet van Verantwoordelijk team bij Zaak.&#13;&#10;&#13;&#10;Doe met de gevonden team-hashkey een lookup in de Teamdimensie en bepaal de team(surrogate)key."/></mapping><mapping><output mapTargetHearder="Target Attribute" path="DIM_TEAM_KEY_TAAK"/><input mapSourceHearder="Source Attribute" path="S1.Team H HK"/><input mapSourceHearder="Source Attribute" path="S6.DIM_TEAM_KEY"/><input mapSourceHearder="Source Attribute" path="S6.Team Hashkey"/><documentation key="msl_mapping_documentation" value="Lookup van de Team Key van de Taak obv de taak hashkey in de Link Taak in Zaak"/></mapping></mappingGroup><mappingGroup id="_MG_9" targetTable="Dimensie Snapshot Vw"><output mapTargetHearder="Target Entity" path="{/03 BDR_ZWA_PO/DM ZWA.ldm}:/Bedrijfszone ZW-Arbo/Dimensie Snapshot Vw"/><mapping><output mapTargetHearder="Target Attribute" path="Periode Type"/><input mapSourceHearder="Source Attribute" path="{/10 BDR_CONFORME_DIMENSIES/BDR_CONFORME_DIMENSIES.ldm}:/BDR_CONFORME_DIMENSIES/Snapshot management/PERIODE TYPE"/></mapping></mappingGroup><mappingGroup id="_MG_10" targetTable="Dimensie Snapshot Vw"><output mapTargetHearder="Target Entity" path="{/03 BDR_ZWA_PO/DM ZWA.ldm}:/Bedrijfszone ZW-Arbo/Dimensie Snapshot Vw"/><mapping><output mapTargetHearder="Target Attribute" path="Snapshot Type"/><input mapSourceHearder="Source Attribute" path="{/10 BDR_CONFORME_DIMENSIES/BDR_CONFORME_DIMENSIES.ldm}:/BDR_CONFORME_DIMENSIES/Snapshot management/DIM SNAPSHOT ID"/><documentation key="msl_mapping_documentation" value="Vaste waarde: 'Historisch'"/></mapping></mappingGroup><mappingGroup id="_MG_11" targetTable="Dimensie Snapshot Vw"><input abbreviation="S1" mapSourceHearder="Source Entity" path="{/03 BDR_ZWA_PO/DM ZWA.ldm}:/Bedrijfszone ZW-Arbo/Dimensie Datum Vw"/><output mapTargetHearder="Target Entity" path="{/03 BDR_ZWA_PO/DM ZWA.ldm}:/Bedrijfszone ZW-Arbo/Dimensie Snapshot Vw"/><mapping><output mapTargetHearder="Target Attribute" path="DIM_DATUM_KEY_ULTIMO_PERIODE"/><input mapSourceHearder="Source Attribute" path="S1.Datum ID"/></mapping><mapping><output mapTargetHearder="Target Attribute" path="Snapshot periode"/><input mapSourceHearder="Source Attribute" path="{/10 BDR_CONFORME_DIMENSIES/BDR_CONFORME_DIMENSIES.ldm}:/BDR_CONFORME_DIMENSIES/Snapshot management/SNAPSHOT PERIODE"/></mapping><mapping><output mapTargetHearder="Target Attribute" path="Snapshot Datum"/><input mapSourceHearder="Source Attribute" path="{/10 BDR_CONFORME_DIMENSIES/BDR_CONFORME_DIMENSIES.ldm}:/BDR_CONFORME_DIMENSIES/Snapshot management/SNAPSHOT DATUM"/></mapping><mapping><output mapTargetHearder="Target Attribute" path="Snapshot datum vanaf"/><input mapSourceHearder="Source Attribute" path="{/10 BDR_CONFORME_DIMENSIES/BDR_CONFORME_DIMENSIES.ldm}:/BDR_CONFORME_DIMENSIES/Snapshot management/SNAPSHOT DATUM VANAF"/></mapping><mapping><output mapTargetHearder="Target Attribute" path="Snapshot datum tm"/><input mapSourceHearder="Source Attribute" path="S1.Datum"/><documentation key="msl_mapping_documentation" value="Datum + 1 dag minus 1 nanoseconde"/></mapping></mappingGroup><mappingGroup id="_MG_12" targetTable="Dimensie Snapshot Vw"><output mapTargetHearder="Target Entity" path="{/03 BDR_ZWA_PO/DM ZWA.ldm}:/Bedrijfszone ZW-Arbo/Dimensie Snapshot Vw"/><mapping><output mapTargetHearder="Target Attribute" path="DIM_SNAPSHOT_KEY"/><input mapSourceHearder="Source Attribute" path="{/10 BDR_CONFORME_DIMENSIES/BDR_CONFORME_DIMENSIES.ldm}:/BDR_CONFORME_DIMENSIES/Snapshot management/DIM SNAPSHOT ID"/></mapping></mappingGroup><mappingGroup id="_MG_13" targetTable="Feit Zaak voorraad Prestage Vw"><input abbreviation="S1" mapSourceHearder="Source Entity" path="{/03 BDR_ZWA_PO/DM ZWA.ldm}:/Bedrijfszone ZW-Arbo/Dimensie Snapshot Tb"/><input abbreviation="S2" mapSourceHearder="Source Entity" path="{/02 INT_ZWA_PO/Business DataVault.ldm}:/INT_ZWA/Zaak H"/><input abbreviation="S3" mapSourceHearder="Source Entity" path="{/02 INT_ZWA_PO/Business DataVault.ldm}:/INT_ZWA/Zaak S"/><input abbreviation="S4" mapSourceHearder="Source Entity" path="{/02 INT_ZWA_PO/Business DataVault.ldm}:/INT_ZWA/Verantwoordelijk Team bij Zaak S"/><input abbreviation="S5" mapSourceHearder="Source Entity" path="{/03 BDR_ZWA_PO/DM ZWA.ldm}:/Bedrijfszone ZW-Arbo/Feit Zaak voorraad Stage Tb"/><input abbreviation="S6" mapSourceHearder="Source Entity" path="{/03 BDR_ZWA_PO/DM ZWA.ldm}:/Bedrijfszone ZW-Arbo/Dimensie Team Vw"/><input abbreviation="S7" mapSourceHearder="Source Entity" path="{/02 INT_ZWA_PO/Business DataVault.ldm}:/INT_ZWA/Verantwoordelijk Team bij Zaak L"/><output mapTargetHearder="Target Entity" path="{/03 BDR_ZWA_PO/DM ZWA.ldm}:/Bedrijfszone ZW-Arbo/Feit Zaak voorraad Prestage Vw"/><documentation key="msl_mapping_documentation" value="Gebruik de geldige situatie op het moment van het maken van de snapshot. Dus: Snapshot datum valt tussen de Laaddatum (DIM_AANMAAK_DATUM) en einde geldigheid (DIM_EIND_DATUM), in de betreffende satellieten (Zaak S en Verantwoordelijk Team bij Zaak S).&#13;&#10;&#13;&#10;Filtering:&#13;&#10;- Begindatum AO &lt;= Snapshot datum tm&#13;&#10;- Einddatum AO is leeg of &gt; Snapshot datum tm&#13;&#10;- De snapshot-key zit nog niet in Feit Zaak voorraad Stage Tb"/><mapping><output mapTargetHearder="Target Attribute" path="DIM_DATUM_KEY Rapportageperiode"/><input mapSourceHearder="Source Attribute" path="S1.DIM_DATUM_KEY_ULTIMO_PERIODE"/></mapping><mapping><output mapTargetHearder="Target Attribute" path="DIM_ZAAK_H_HK"/><input mapSourceHearder="Source Attribute" path="S2.Zaak H Hk"/></mapping><mapping><output mapTargetHearder="Target Attribute" path="Verzuimduur tot rapportagemoment"/><input mapSourceHearder="Source Attribute" path="S2.Begindatum AO"/><input mapSourceHearder="Source Attribute" path="S1.Snapshot datum tm"/><documentation key="msl_mapping_documentation" value="Het verschil in dagen tussen Snapshot datum tm en Begindatum AO"/></mapping><mapping><output mapTargetHearder="Target Attribute" path="Dummy"/><input mapSourceHearder="Source Attribute" path="S4.Laaddatumtijd"/><input mapSourceHearder="Source Attribute" path="S3.Laaddatumtijd"/><input mapSourceHearder="Source Attribute" path="S3.Einddatum AO"/><input mapSourceHearder="Source Attribute" path="S1.Snapshot datum tm"/><input mapSourceHearder="Source Attribute" path="S1.Snapshot Datum"/><input mapSourceHearder="Source Attribute" path="S5.DIM_SNAPSHOT_KEY"/><documentation key="msl_mapping_documentation" value="Additionele attributen tbv filtering"/></mapping><mapping><output mapTargetHearder="Target Attribute" path="Ouderdom"/><input mapSourceHearder="Source Attribute" path="S2.Begindatum AO"/><input mapSourceHearder="Source Attribute" path="S1.Snapshot datum tm"/><documentation key="msl_mapping_documentation" value="Het verschil in dagen tussen Snapshot datum tm en Begindatum AO"/></mapping><mapping><output mapTargetHearder="Target Attribute" path="DIM_SNAPSHOT_KEY"/><input mapSourceHearder="Source Attribute" path="S2.Zaak H Hk"/><input mapSourceHearder="Source Attribute" path="S2.Begindatum AO"/><input mapSourceHearder="Source Attribute" path="S3.Laaddatumtijd"/><input mapSourceHearder="Source Attribute" path="S3.Datum Boeking Hersteldmelding"/><input mapSourceHearder="Source Attribute" path="S3.Einddatum AO"/><input mapSourceHearder="Source Attribute" path="S1.DIM_SNAPSHOT_KEY"/><input mapSourceHearder="Source Attribute" path="S1.Snapshot datum vanaf"/><input mapSourceHearder="Source Attribute" path="S1.Snapshot datum tm"/><input mapSourceHearder="Source Attribute" path="S1.Snapshot Datum"/><documentation key="msl_mapping_documentation" value="Gebruik de snapshotkey waarvoor geldt:&#13;&#10;&#13;&#10;- De data was geldig op het moment van het nemen van het snapshot: Snapshot datum valt tussen laaddatum en einddatum in de Satelliet&#13;&#10;- De zaak al en nog actief was aan het einde van de rapportageperiode: Datum boeking hersteldmelding is leeg of groter dan de snapshot datum tm EN Begindatum AO is kleiner dan of gelijk aan Snapshot datum tm&#13;&#10;"/></mapping><mapping><output mapTargetHearder="Target Attribute" path="DIM_TEAM_H_HK_VERANTWOORDELIJK"/><input mapSourceHearder="Source Attribute" path="S7.Team H HK"/><input mapSourceHearder="Source Attribute" path="S4.Laaddatumtijd"/><input mapSourceHearder="Source Attribute" path="S2.Zaak H Hk"/><input mapSourceHearder="Source Attribute" path="S6.DIM_TEAM_KEY"/><input mapSourceHearder="Source Attribute" path="S6.Team Hashkey"/><documentation key="msl_mapping_documentation" value="Wat was het verantwoordelijke team op het moment dat het snapshot genomen werd? Dus: Snapshot datum valt tussen de laaddatum en de einddatum van de Satelliet Verantwoordelijk team bij Zaak.&#13;&#10;"/></mapping><mapping><output mapTargetHearder="Target Attribute" path="Aantal voorraad"/><input mapSourceHearder="Source Attribute" path="S2.Zaak H Hk"/><documentation key="msl_mapping_documentation" value="1 (negeer de hashkey)"/></mapping></mappingGroup><mappingGroup id="_MG_14" targetTable="Feit Zaak voorraad LKP Vw"><input abbreviation="S1" mapSourceHearder="Source Entity" path="{/03 BDR_ZWA_PO/DM ZWA.ldm}:/Bedrijfszone ZW-Arbo/Feit Zaak voorraad Stage Tb"/><input abbreviation="S2" mapSourceHearder="Source Entity" path="{/03 BDR_ZWA_PO/DM ZWA.ldm}:/Bedrijfszone ZW-Arbo/Dimensie Zaak Tb"/><input abbreviation="S3" mapSourceHearder="Source Entity" path="{/03 BDR_ZWA_PO/DM ZWA.ldm}:/Bedrijfszone ZW-Arbo/Dimensie ouderdomscategorie voorraad Tb"/><input abbreviation="S4" mapSourceHearder="Source Entity" path="{/03 BDR_ZWA_PO/DM ZWA.ldm}:/Bedrijfszone ZW-Arbo/Dimensie Team Tb"/><output mapTargetHearder="Target Entity" path="{/03 BDR_ZWA_PO/DM ZWA.ldm}:/Bedrijfszone ZW-Arbo/Feit Zaak voorraad LKP Vw"/><mapping><output mapTargetHearder="Target Attribute" path="DIM_DATUM_KEY Rapportageperiode"/><input mapSourceHearder="Source Attribute" path="S1.DIM_DATUM_KEY Rapportageperiode"/></mapping><mapping><output mapTargetHearder="Target Attribute" path="DIM_SNAPSHOT_KEY"/><input mapSourceHearder="Source Attribute" path="S1.DIM_SNAPSHOT_KEY"/></mapping><mapping><output mapTargetHearder="Target Attribute" path="DIM_ZAAK_KEY"/><input mapSourceHearder="Source Attribute" path="S2.DIM_ZAAK_KEY"/><input mapSourceHearder="Source Attribute" path="S2.Zaak Hashkey"/><input mapSourceHearder="Source Attribute" path="S1.DIM_ZAAK_H_HK"/></mapping><mapping><output mapTargetHearder="Target Attribute" path="DIM_OUDERDOMSCATEGORIE_KEY"/><input mapSourceHearder="Source Attribute" path="S3.DIM_OUDERDOMSCATEGORIE_KEY"/><input mapSourceHearder="Source Attribute" path="S3.Ouderdom vanaf"/><input mapSourceHearder="Source Attribute" path="S3.Ouderdom tm"/><input mapSourceHearder="Source Attribute" path="S1.Ouderdom"/></mapping><mapping><output mapTargetHearder="Target Attribute" path="Aantal voorraad"/><input mapSourceHearder="Source Attribute" path="S1.Aantal voorraad"/></mapping><mapping><output mapTargetHearder="Target Attribute" path="Ouderdom"/><input mapSourceHearder="Source Attribute" path="S1.Ouderdom"/></mapping><mapping><output mapTargetHearder="Target Attribute" path="Verzuimduur tot rapportagemoment"/><input mapSourceHearder="Source Attribute" path="S1.Verzuimduur tot rapportagemoment"/></mapping><mapping><output mapTargetHearder="Target Attribute" path="DIM_TEAM_KEY_VERANTWOORDELIJK"/><input mapSourceHearder="Source Attribute" path="S4.DIM_TEAM_KEY"/><input mapSourceHearder="Source Attribute" path="S4.Team Hashkey"/><input mapSourceHearder="Source Attribute" path="S1.DIM_TEAM_H_HK_VERANTWOORDELIJK"/></mapping></mappingGroup><mappingGroup id="_MG_15" targetTable="Feit Taak in Zaak Input Vw"><input abbreviation="S1" mapSourceHearder="Source Entity" path="{/03 BDR_ZWA_PO/DM ZWA.ldm}:/Bedrijfszone ZW-Arbo/Dimensie Snapshot Tb"/><input abbreviation="S2" mapSourceHearder="Source Entity" path="{/02 INT_ZWA_PO/Business DataVault.ldm}:/INT_ZWA/TaakInZaak L"/><input abbreviation="S3" mapSourceHearder="Source Entity" path="{/02 INT_ZWA_PO/Business DataVault.ldm}:/INT_ZWA/TaakInZaak S"/><input abbreviation="S4" mapSourceHearder="Source Entity" path="{/03 BDR_ZWA_PO/DM ZWA.ldm}:/Bedrijfszone ZW-Arbo/Dimensie Zaak Tb"/><input abbreviation="S5" mapSourceHearder="Source Entity" path="{/03 BDR_ZWA_PO/DM ZWA.ldm}:/Bedrijfszone ZW-Arbo/Dimensie Datum Tb"/><input abbreviation="S6" mapSourceHearder="Source Entity" path="{/03 BDR_ZWA_PO/DM ZWA.ldm}:/Bedrijfszone ZW-Arbo/Dimensie TaakInZaak Tb"/><input abbreviation="S7" mapSourceHearder="Source Entity" path="{/03 BDR_ZWA_PO/DM ZWA.ldm}:/Bedrijfszone ZW-Arbo/Dimensie Taak Tb"/><input abbreviation="S8" mapSourceHearder="Source Entity" path="{/03 BDR_ZWA_PO/DM ZWA.ldm}:/Bedrijfszone ZW-Arbo/Dimensie Team Tb"/><input abbreviation="S9" mapSourceHearder="Source Entity" path="{/02 INT_ZWA_PO/Business DataVault.ldm}:/INT_ZWA/Verantwoordelijk Team bij Zaak S"/><input abbreviation="S10" mapSourceHearder="Source Entity" path="{/02 INT_ZWA_PO/Business DataVault.ldm}:/INT_ZWA/Verantwoordelijk Team bij Zaak L"/><output mapTargetHearder="Target Entity" path="{/03 BDR_ZWA_PO/DM ZWA.ldm}:/Bedrijfszone ZW-Arbo/Feit Taak in Zaak Input Vw"/><mapping><output mapTargetHearder="Target Attribute" path="DIM_SNAPSHOT_KEY"/><input mapSourceHearder="Source Attribute" path="S2.Datum Initiele Boeking Activiteit"/><input mapSourceHearder="Source Attribute" path="S3.Laaddatumtijd"/><input mapSourceHearder="Source Attribute" path="S3.Datum Activiteit Plan"/><input mapSourceHearder="Source Attribute" path="S1.DIM_SNAPSHOT_KEY"/><input mapSourceHearder="Source Attribute" path="S1.Snapshot datum vanaf"/><input mapSourceHearder="Source Attribute" path="S1.Snapshot datum tm"/><input mapSourceHearder="Source Attribute" path="S1.Snapshot Datum"/><documentation key="msl_mapping_documentation" value="Gebruik de snapshotkey waarvoor geldt:&#13;&#10;&#13;&#10;- De data was geldig op het moment van het nemen van het snapshot: Snapshot datum valt tussen laaddatum en einddatum in de Satelliet&#13;&#10;- De taak viel in de rapportageperiode: Datum Initiele boeking activiteit valt tussen snapshot datum vanaf en snapshot datum tm&#13;&#10;- De Datum Activiteit Plan is niet leeg (filter de totale set)"/></mapping><mapping><output mapTargetHearder="Target Attribute" path="DIM_ZAAK_KEY"/><input mapSourceHearder="Source Attribute" path="S2.Zaak H Hk"/><input mapSourceHearder="Source Attribute" path="S4.DIM_ZAAK_KEY"/><input mapSourceHearder="Source Attribute" path="S4.Zaak Hashkey"/></mapping><mapping><output mapTargetHearder="Target Attribute" path="DIM_DATUM_KEY Rapportageperiode"/><input mapSourceHearder="Source Attribute" path="S2.Datum Initiele Boeking Activiteit"/><input mapSourceHearder="Source Attribute" path="S5.DIM_DATUM_KEY"/><input mapSourceHearder="Source Attribute" path="S5.Datum"/><documentation key="msl_mapping_documentation" value="Lookup van de datumdimensie op basis van de Datum Initiele Boeking Activiteit"/></mapping><mapping><output mapTargetHearder="Target Attribute" path="DIM_TAAKINZAAK_KEY"/><input mapSourceHearder="Source Attribute" path="S2.TaakInZaak L HK"/><input mapSourceHearder="Source Attribute" path="S6.DIM_TAAKINZAAK_KEY"/><input mapSourceHearder="Source Attribute" path="S6.TaakInZaak L HK"/><documentation key="msl_mapping_documentation" value="Lookup van de Taak in zaak Key obv de taak in zaak hashkey"/></mapping><mapping><output mapTargetHearder="Target Attribute" path="DIM_TAAK_KEY"/><input mapSourceHearder="Source Attribute" path="S2.Taak H Hk"/><input mapSourceHearder="Source Attribute" path="S7.DIM_TAAK_KEY"/><input mapSourceHearder="Source Attribute" path="S7.Taak Hashkey"/><documentation key="msl_mapping_documentation" value="Lookup van de Taak Key obv de taakhashkey"/></mapping><mapping><output mapTargetHearder="Target Attribute" path="DIM_TEAM_KEY_TAAK"/><input mapSourceHearder="Source Attribute" path="S2.Team H HK"/><input mapSourceHearder="Source Attribute" path="S8.DIM_TEAM_KEY"/><input mapSourceHearder="Source Attribute" path="S8.Team Hashkey"/><documentation key="msl_mapping_documentation" value="Lookup van de Team Key van de Taak obv de taak hashkey in de Link Taak in Zaak"/></mapping><mapping><output mapTargetHearder="Target Attribute" path="Aantal Input"/><input mapSourceHearder="Source Attribute" path="S2.TaakInZaak L HK"/><documentation key="msl_mapping_documentation" value="1 (negeer de hashkey)"/></mapping><mapping><output mapTargetHearder="Target Attribute" path="DIM_TEAM_KEY_VERANTWOORDELIJK"/><input mapSourceHearder="Source Attribute" path="S2.Zaak H Hk"/><input mapSourceHearder="Source Attribute" path="S10.Zaak H Hk"/><input mapSourceHearder="Source Attribute" path="S10.Team H HK"/><input mapSourceHearder="Source Attribute" path="S9.Laaddatumtijd"/><input mapSourceHearder="Source Attribute" path="S1.Snapshot Datum"/><input mapSourceHearder="Source Attribute" path="S8.DIM_TEAM_KEY"/><input mapSourceHearder="Source Attribute" path="S8.Team Hashkey"/><documentation key="msl_mapping_documentation" value="Bepaal het verantwoordelijke team bij de zaak op het moment dat de snapshot genomen wordt: Snapshotdatum valt tussen de laadddatum en de einddatum van de Satelliet van Verantwoordelijk team bij Zaak.&#13;&#10;&#13;&#10;Doe met de gevonden team-hashkey een lookup in de Teamdimensie en bepaal de team(surrogate)key."/></mapping></mappingGroup><mappingGroup id="_MG_16" targetTable="Feit Taak in Zaak Voorraad Prestage Vw"><input abbreviation="S1" mapSourceHearder="Source Entity" path="{/03 BDR_ZWA_PO/DM ZWA.ldm}:/Bedrijfszone ZW-Arbo/Dimensie Snapshot Tb"/><input abbreviation="S2" mapSourceHearder="Source Entity" path="{/02 INT_ZWA_PO/Business DataVault.ldm}:/INT_ZWA/TaakInZaak L"/><input abbreviation="S3" mapSourceHearder="Source Entity" path="{/02 INT_ZWA_PO/Business DataVault.ldm}:/INT_ZWA/TaakInZaak S"/><input abbreviation="S4" mapSourceHearder="Source Entity" path="{/02 INT_ZWA_PO/Business DataVault.ldm}:/INT_ZWA/Verantwoordelijk Team bij Zaak S"/><input abbreviation="S5" mapSourceHearder="Source Entity" path="{/02 INT_ZWA_PO/Business DataVault.ldm}:/INT_ZWA/Verantwoordelijk Team bij Zaak L"/><output mapTargetHearder="Target Entity" path="{/03 BDR_ZWA_PO/DM ZWA.ldm}:/Bedrijfszone ZW-Arbo/Feit Taak in Zaak Voorraad Prestage Vw"/><mapping><output mapTargetHearder="Target Attribute" path="DIM_SNAPSHOT_KEY"/><input mapSourceHearder="Source Attribute" path="S2.Datum Initiele Boeking Activiteit"/><input mapSourceHearder="Source Attribute" path="S3.Laaddatumtijd"/><input mapSourceHearder="Source Attribute" path="S3.Datum Activiteit Realisatie"/><input mapSourceHearder="Source Attribute" path="S1.DIM_SNAPSHOT_KEY"/><input mapSourceHearder="Source Attribute" path="S1.Snapshot datum vanaf"/><input mapSourceHearder="Source Attribute" path="S1.Snapshot datum tm"/><input mapSourceHearder="Source Attribute" path="S1.Snapshot Datum"/><documentation key="msl_mapping_documentation" value="Gebruik de snapshotkey waarvoor geldt:&#13;&#10;&#13;&#10;- De data was geldig op het moment van het nemen van het snapshot: Snapshot datum valt tussen laaddatum en einddatum in de Satelliet&#13;&#10;- De taak was al wel binnen, maar nog niet afgerond aan het einde van de rapportageperiode: Datum activiteit Realisatie is leeg of groter dan snapshot datum tm EN Datum initiele boeking activiteit &lt;= Snapshot datum tm&#13;&#10;"/></mapping><mapping><output mapTargetHearder="Target Attribute" path="DIM_DATUM_KEY_ULTIMO_PERIODE"/><input mapSourceHearder="Source Attribute" path="S1.DIM_DATUM_KEY_ULTIMO_PERIODE"/></mapping><mapping><output mapTargetHearder="Target Attribute" path="DIM_ZAAK_H_HK"/><input mapSourceHearder="Source Attribute" path="S2.Zaak H Hk"/></mapping><mapping><output mapTargetHearder="Target Attribute" path="DIM_TAAKINZAAK_L_HK"/><input mapSourceHearder="Source Attribute" path="S2.TaakInZaak L HK"/></mapping><mapping><output mapTargetHearder="Target Attribute" path="DIM_TAAK_H_HK"/><input mapSourceHearder="Source Attribute" path="S2.Taak H Hk"/></mapping><mapping><output mapTargetHearder="Target Attribute" path="DIM_TEAM_H_HK_TAAK"/><input mapSourceHearder="Source Attribute" path="S2.Team H HK"/></mapping><mapping><output mapTargetHearder="Target Attribute" path="Aantal Voorraad"/><input mapSourceHearder="Source Attribute" path="S2.TaakInZaak L HK"/><documentation key="msl_mapping_documentation" value="1 (negeer de hashkey)"/></mapping><mapping><output mapTargetHearder="Target Attribute" path="Ouderdom"/><input mapSourceHearder="Source Attribute" path="S2.Datum Initiele Boeking Activiteit"/><input mapSourceHearder="Source Attribute" path="S1.Snapshot datum tm"/><documentation key="msl_mapping_documentation" value="Verschil in dagen tussen het einde van de rapportageperiode (Snapshot datum tm) en de start van de activiteit (Datum Initiele boeking Activiteit)"/></mapping><mapping><output mapTargetHearder="Target Attribute" path="DIM_TEAM_H_HK_VERANTWOORDELIJK"/><input mapSourceHearder="Source Attribute" path="S2.Zaak H Hk"/><input mapSourceHearder="Source Attribute" path="S5.Zaak H Hk"/><input mapSourceHearder="Source Attribute" path="S5.Team H HK"/><input mapSourceHearder="Source Attribute" path="S4.Laaddatumtijd"/><input mapSourceHearder="Source Attribute" path="S1.Snapshot Datum"/><documentation key="msl_mapping_documentation" value="Wat was het verantwoordelijke team op het moment dat het snapshot genomen werd? Dus: Snapshot datum valt tussen de laaddatum en de einddatum van de Satelliet Verantwoordelijk team bij Zaak.&#13;&#10;"/></mapping></mappingGroup><mappingGroup id="_MG_17" targetTable="Feit Taak in Zaak Voorraad LKP Vw"><input abbreviation="S1" mapSourceHearder="Source Entity" path="{/03 BDR_ZWA_PO/DM ZWA.ldm}:/Bedrijfszone ZW-Arbo/Feit Taak in Zaak Voorraad Stage Tb"/><input abbreviation="S2" mapSourceHearder="Source Entity" path="{/03 BDR_ZWA_PO/DM ZWA.ldm}:/Bedrijfszone ZW-Arbo/Dimensie Zaak Tb"/><input abbreviation="S3" mapSourceHearder="Source Entity" path="{/03 BDR_ZWA_PO/DM ZWA.ldm}:/Bedrijfszone ZW-Arbo/Dimensie TaakInZaak Tb"/><input abbreviation="S4" mapSourceHearder="Source Entity" path="{/03 BDR_ZWA_PO/DM ZWA.ldm}:/Bedrijfszone ZW-Arbo/Dimensie Taak Tb"/><input abbreviation="S5" mapSourceHearder="Source Entity" path="{/03 BDR_ZWA_PO/DM ZWA.ldm}:/Bedrijfszone ZW-Arbo/Dimensie Team Tb"/><input abbreviation="S6" mapSourceHearder="Source Entity" path="{/03 BDR_ZWA_PO/DM ZWA.ldm}:/Bedrijfszone ZW-Arbo/Dimensie ouderdomscategorie voorraad Tb"/><output mapTargetHearder="Target Entity" path="{/03 BDR_ZWA_PO/DM ZWA.ldm}:/Bedrijfszone ZW-Arbo/Feit Taak in Zaak Voorraad LKP Vw"/><mapping><output mapTargetHearder="Target Attribute" path="DIM_DATUM_KEY Rapportageperiode"/><input mapSourceHearder="Source Attribute" path="S1.DIM_DATUM_KEY_ULTIMO_PERIODE"/></mapping><mapping><output mapTargetHearder="Target Attribute" path="DIM_SNAPSHOT_KEY"/><input mapSourceHearder="Source Attribute" path="S1.DIM_SNAPSHOT_KEY"/></mapping><mapping><output mapTargetHearder="Target Attribute" path="DIM_ZAAK_KEY"/><input mapSourceHearder="Source Attribute" path="S2.DIM_ZAAK_KEY"/><input mapSourceHearder="Source Attribute" path="S2.Zaak Hashkey"/><input mapSourceHearder="Source Attribute" path="S1.DIM_ZAAK_H_HK"/><documentation key="msl_mapping_documentation" value="Lookup"/></mapping><mapping><output mapTargetHearder="Target Attribute" path="DIM_TAAKINZAAK_KEY"/><input mapSourceHearder="Source Attribute" path="S3.DIM_TAAKINZAAK_KEY"/><input mapSourceHearder="Source Attribute" path="S3.TaakInZaak L HK"/><input mapSourceHearder="Source Attribute" path="S1.DIM_TAAKINZAAK_L_HK"/><documentation key="msl_mapping_documentation" value="Lookup"/></mapping><mapping><output mapTargetHearder="Target Attribute" path="DIM_TAAK_KEY"/><input mapSourceHearder="Source Attribute" path="S4.DIM_TAAK_KEY"/><input mapSourceHearder="Source Attribute" path="S4.Taak Hashkey"/><input mapSourceHearder="Source Attribute" path="S1.DIM_TAAK_H_HK"/></mapping><mapping><output mapTargetHearder="Target Attribute" path="DIM_TEAM_KEY_VERANTWOORDELIJK"/><input mapSourceHearder="Source Attribute" path="S5.DIM_TEAM_KEY"/><input mapSourceHearder="Source Attribute" path="S5.Team Hashkey"/><input mapSourceHearder="Source Attribute" path="S1.DIM_TEAM_H_HK_VERANTWOORDELIJK"/></mapping><mapping><output mapTargetHearder="Target Attribute" path="Aantal Voorraad"/><input mapSourceHearder="Source Attribute" path="S1.Aantal Voorraad"/></mapping><mapping><output mapTargetHearder="Target Attribute" path="Ouderdom"/><input mapSourceHearder="Source Attribute" path="S1.Ouderdom"/></mapping><mapping><output mapTargetHearder="Target Attribute" path="DIM_OUDERDOMSCATEGORIE_KEY"/><input mapSourceHearder="Source Attribute" path="S6.DIM_OUDERDOMSCATEGORIE_KEY"/><input mapSourceHearder="Source Attribute" path="S6.Ouderdom vanaf"/><input mapSourceHearder="Source Attribute" path="S6.Ouderdom tm"/><input mapSourceHearder="Source Attribute" path="S1.Ouderdom"/><documentation key="msl_mapping_documentation" value="Lookup obv Ouderdom valt tussen de Ouderdom vanaf en Ouderdom Tm"/></mapping><mapping><output mapTargetHearder="Target Attribute" path="DIM_TEAM_KEY_TAAK"/><input mapSourceHearder="Source Attribute" path="S5.DIM_TEAM_KEY"/><input mapSourceHearder="Source Attribute" path="S5.Team Hashkey"/><input mapSourceHearder="Source Attribute" path="S1.DIM_TEAM_H_HK_TAAK"/></mapping></mappingGroup><mappingGroup id="_MG_18" targetTable="Dimensie Natuurlijke persoon Vw"><input abbreviation="S1" mapSourceHearder="Source Entity" path="{/02 INT_ZWA_PO/Business DataVault.ldm}:/INT_ZWA/NatuurlijkePersoon H"/><input abbreviation="S2" mapSourceHearder="Source Entity" path="{/02 INT_ZWA_PO/Business DataVault.ldm}:/INT_ZWA/NatuurlijkePersoon S"/><output mapTargetHearder="Target Entity" path="{/03 BDR_ZWA_PO/DM ZWA.ldm}:/Bedrijfszone ZW-Arbo/Dimensie Natuurlijke persoon Vw"/><mapping><output mapTargetHearder="Target Attribute" path="Natuurlijkepersoon Hashkey"/><input mapSourceHearder="Source Attribute" path="S1.Natuurlijkepersoon H Hk"/></mapping><mapping><output mapTargetHearder="Target Attribute" path="BSN"/><input mapSourceHearder="Source Attribute" path="S1.BSN"/></mapping><mapping><output mapTargetHearder="Target Attribute" path="Status Persoon"/><input mapSourceHearder="Source Attribute" path="S2.Status Persoon"/></mapping><mapping><output mapTargetHearder="Target Attribute" path="Geboortedatum"/><input mapSourceHearder="Source Attribute" path="S2.Geboortedatum"/></mapping><mapping><output mapTargetHearder="Target Attribute" path="Domicilie Postcode Gebied"/><input mapSourceHearder="Source Attribute" path="S2.Domicilie Postcode Gebied"/></mapping><mapping><output mapTargetHearder="Target Attribute" path="Domicilie Postcode"/><input mapSourceHearder="Source Attribute" path="S2.Domicilie Postcode"/></mapping><mapping><output mapTargetHearder="Target Attribute" path="Verpleeg Adres Land Nr"/><input mapSourceHearder="Source Attribute" path="S2.Verpleeg Adres Land Nr"/></mapping><mapping><output mapTargetHearder="Target Attribute" path="Verpleeg Adres Postcode"/><input mapSourceHearder="Source Attribute" path="S2.Verpleeg Adres Postcode"/></mapping><mapping><output mapTargetHearder="Target Attribute" path="Verpleeg Adres Postcode Gebied"/><input mapSourceHearder="Source Attribute" path="S2.Verpleeg Adres Postcode Gebied"/></mapping><mapping><output mapTargetHearder="Target Attribute" path="Verpleeg Adres Land"/><input mapSourceHearder="Source Attribute" path="S2.Verpleeg Adres Land"/></mapping><mapping><output mapTargetHearder="Target Attribute" path="Verpleeg Instelling Code"/><input mapSourceHearder="Source Attribute" path="S2.Verpleeg Instelling Code"/></mapping><mapping><output mapTargetHearder="Target Attribute" path="Verpleeg Instelling"/><input mapSourceHearder="Source Attribute" path="S2.Verpleeg Instelling"/></mapping></mappingGroup><mappingGroup id="_MG_19" targetTable="Feit Zaak Instroom Vw"><input abbreviation="S1" mapSourceHearder="Source Entity" path="{/02 INT_ZWA_PO/Business DataVault.ldm}:/INT_ZWA/Zaak S"/><input abbreviation="S2" mapSourceHearder="Source Entity" path="{/03 BDR_ZWA_PO/DM ZWA.ldm}:/Bedrijfszone ZW-Arbo/Dimensie Datum Tb"/><input abbreviation="S3" mapSourceHearder="Source Entity" path="{/03 BDR_ZWA_PO/DM ZWA.ldm}:/Bedrijfszone ZW-Arbo/Dimensie Snapshot Tb"/><input abbreviation="S4" mapSourceHearder="Source Entity" path="{/02 INT_ZWA_PO/Business DataVault.ldm}:/INT_ZWA/Zaak H"/><input abbreviation="S5" mapSourceHearder="Source Entity" path="{/03 BDR_ZWA_PO/DM ZWA.ldm}:/Bedrijfszone ZW-Arbo/Dimensie Zaak Vw"/><input abbreviation="S6" mapSourceHearder="Source Entity" path="{/02 INT_ZWA_PO/Business DataVault.ldm}:/INT_ZWA/Verantwoordelijk Team bij Zaak S"/><input abbreviation="S7" mapSourceHearder="Source Entity" path="{/03 BDR_ZWA_PO/DM ZWA.ldm}:/Bedrijfszone ZW-Arbo/Dimensie Team Vw"/><input abbreviation="S8" mapSourceHearder="Source Entity" path="{/02 INT_ZWA_PO/Business DataVault.ldm}:/INT_ZWA/Verantwoordelijk Team bij Zaak L"/><output mapTargetHearder="Target Entity" path="{/03 BDR_ZWA_PO/DM ZWA.ldm}:/Bedrijfszone ZW-Arbo/Feit Zaak Instroom Vw"/><mapping><output mapTargetHearder="Target Attribute" path="DIM_DATUM_KEY Rapportageperiode"/><input mapSourceHearder="Source Attribute" path="S1.Datum Boeking AO"/><input mapSourceHearder="Source Attribute" path="S2.DIM_DATUM_KEY"/><input mapSourceHearder="Source Attribute" path="S2.Datum"/><documentation key="msl_mapping_documentation" value="Lookup dim datum key obv datum boeking AO"/></mapping><mapping><output mapTargetHearder="Target Attribute" path="DIM_SNAPSHOT_KEY"/><input mapSourceHearder="Source Attribute" path="S4.Zaak H Hk"/><input mapSourceHearder="Source Attribute" path="S1.Laaddatumtijd"/><input mapSourceHearder="Source Attribute" path="S1.Datum Boeking AO"/><input mapSourceHearder="Source Attribute" path="S3.DIM_SNAPSHOT_KEY"/><input mapSourceHearder="Source Attribute" path="S3.Snapshot datum vanaf"/><input mapSourceHearder="Source Attribute" path="S3.Snapshot datum tm"/><input mapSourceHearder="Source Attribute" path="S3.Snapshot Datum"/><documentation key="msl_mapping_documentation" value="Gebruik de snapshotkey waarvoor geldt:&#13;&#10;&#13;&#10;- De data was geldig op het moment van het nemen van het snapshot: Snapshot datum valt tussen laaddatum en einddatum in de Satelliet&#13;&#10;- De zaak kwam binnen in de rapportageperiode: Datum boeking AO valt tussen snapshot datum vanaf en snapshot datum tm&#13;&#10;"/></mapping><mapping><output mapTargetHearder="Target Attribute" path="DIM_ZAAK_KEY"/><input mapSourceHearder="Source Attribute" path="S5.DIM_ZAAK_KEY"/><documentation key="msl_mapping_documentation" value="Lookup obv Zaak Hashkey"/></mapping><mapping><output mapTargetHearder="Target Attribute" path="DIM_TEAM_KEY_VERANTWOORDELIJK"/><input mapSourceHearder="Source Attribute" path="S8.Team H HK"/><input mapSourceHearder="Source Attribute" path="S6.Laaddatumtijd"/><input mapSourceHearder="Source Attribute" path="S4.Zaak H Hk"/><input mapSourceHearder="Source Attribute" path="S7.DIM_TEAM_KEY"/><input mapSourceHearder="Source Attribute" path="S7.Team Hashkey"/><documentation key="msl_mapping_documentation" value="Wat was het verantwoordelijke team op het moment dat het snapshot genomen werd? Dus: Snapshot datum valt tussen de laaddatum en de einddatum van de Satelliet Verantwoordelijk team bij Zaak.&#13;&#10;"/></mapping><mapping><output mapTargetHearder="Target Attribute" path="Aantal instroom"/><input mapSourceHearder="Source Attribute" path="S4.Zaak H Hk"/><documentation key="msl_mapping_documentation" value="Altijd het getal 1 (dus je hoeft niets te doen met Zaak HK)"/></mapping><mapping><output mapTargetHearder="Target Attribute" path="Verzuimduur tot rapportagemoment"/><input mapSourceHearder="Source Attribute" path="S4.Begindatum AO"/><input mapSourceHearder="Source Attribute" path="S1.Einddatum AO"/><input mapSourceHearder="Source Attribute" path="S3.Snapshot datum tm"/><documentation key="msl_mapping_documentation" value="Het verschil in dagen tussen de eerste van (&quot;Snapshot datum tm&quot; en Einddatum AO)  en Begindatum AO"/></mapping><mapping><output mapTargetHearder="Target Attribute" path="Verzuimduur"/><input mapSourceHearder="Source Attribute" path="S4.Begindatum AO"/><input mapSourceHearder="Source Attribute" path="S1.Einddatum AO"/><documentation key="msl_mapping_documentation" value="Verschil in dagen tussen de einddatum AO en de begindatum AO"/></mapping></mappingGroup></mappingRoot>