<?xml version="1.0" encoding="UTF-8"?><mappingRoot date="1-nov-2023" lastModified="1-nov-2023 11:30:26" location="V:\DWH\medewerkers\IDA_ZWA\Hot_Item\IDA\02 INT_ZWA_PO\02 INT_ZWA_PO\OKV IMF view.msl" size="48592"><rootOutput location="/02 INT_ZWA_PO/BDV-STG.ldm"><rootObject header="Package" name="/INT_ZWA_STG"/></rootOutput><rootInput location="/01 OKV_IMF/OKV IMF REF.ldm"><rootObject header="Package" name="/OKV IMF REF"/></rootInput><rootInput location="/01 OKV_UZS/INT_ZW_PO.ldm"><rootObject header="Package" name="/INT_ZW_PO"/></rootInput><rootInput location="/02 INT_ZWA_PO/BDV-STG.ldm"><rootObject header="Package" name="/INT_ZWA_STG"/></rootInput><rootInput location="/01 OKV_IMF/OKV_REFERENTIE_DATA.ldm"><rootObject header="Package" name="/OKV_REFERENTIE_DATA"/></rootInput><rootInput location="/01 OKV_IMF/OKV IMF.ldm"><rootObject header="Package" name="/OKV IMF"/></rootInput><mappingGroup id="_MG_1" targetTable="Prestage Taak in Zaak"><input abbreviation="S1" mapSourceHearder="Source Entity" path="{/01 OKV_IMF/OKV IMF REF.ldm}:/OKV IMF REF/Ref Imf Ao Akt Cd Srt Akt Hv"/><input abbreviation="S2" mapSourceHearder="Source Entity" path="{/01 OKV_IMF/OKV IMF REF.ldm}:/OKV IMF REF/Ref Imf Ao Akt Cd Aanl Akt Hv"/><input abbreviation="S3" mapSourceHearder="Source Entity" path="{/01 OKV_IMF/OKV IMF REF.ldm}:/OKV IMF REF/Ref Imf Ao Akt Cd Aanw Pers Hv"/><input abbreviation="S4" mapSourceHearder="Source Entity" path="{/01 OKV_IMF/OKV IMF REF.ldm}:/OKV IMF REF/Ref Imf Ao Akt Functie Medew Hv"/><input abbreviation="S5" mapSourceHearder="Source Entity" path="{/01 OKV_IMF/OKV IMF REF.ldm}:/OKV IMF REF/Ref Imf Ao Akt St Akt Hv"/><input abbreviation="S6" mapSourceHearder="Source Entity" path="{/01 OKV_IMF/OKV IMF REF.ldm}:/OKV IMF REF/Ref Imf Ao Akt Cd Concl Akt Hv"/><input abbreviation="S7" mapSourceHearder="Source Entity" path="{/01 OKV_IMF/OKV IMF.ldm}:/OKV IMF/OKV AO AKT HV"/><input abbreviation="S8" mapSourceHearder="Source Entity" path="{/02 INT_ZWA_PO/BDV-STG.ldm}:/INT_ZWA_STG/IMF view Zaak"/><output mapTargetHearder="Target Entity" path="{/02 INT_ZWA_PO/BDV-STG.ldm}:/INT_ZWA_STG/Prestage Taak in Zaak"/><documentation key="msl_mapping_documentation" value="Doe een expliciete (inner) join met prestage zaak om te zorgen dat we alleen activiteiten meenemen die daadwerkelijk bij een zaak horen."/><mapping><output mapTargetHearder="Target Attribute" path="Activiteit Omschrijving"/><input mapSourceHearder="Source Attribute" path="S1.Omschrijving"/></mapping><mapping><output mapTargetHearder="Target Attribute" path="Aanleiding activiteit"/><input mapSourceHearder="Source Attribute" path="S2.Omschrijving"/></mapping><mapping><output mapTargetHearder="Target Attribute" path="Aanwezigheid persoon"/><input mapSourceHearder="Source Attribute" path="S3.Omschrijving"/></mapping><mapping><output mapTargetHearder="Target Attribute" path="Functie medewerker"/><input mapSourceHearder="Source Attribute" path="S4.Omschrijving"/></mapping><mapping><output mapTargetHearder="Target Attribute" path="Status activiteit"/><input mapSourceHearder="Source Attribute" path="S5.Omschrijving"/></mapping><mapping><output mapTargetHearder="Target Attribute" path="Conclusie activiteit"/><input mapSourceHearder="Source Attribute" path="S6.Omschrijving"/></mapping><mapping><output mapTargetHearder="Target Attribute" path="Activiteitcode"/><input mapSourceHearder="Source Attribute" path="S7.Cd Srt Akt"/></mapping><mapping><output mapTargetHearder="Target Attribute" path="Datum initiele boeking activiteit"/><input mapSourceHearder="Source Attribute" path="S7.Tijd Ini Boeking Akt"/><input mapSourceHearder="Source Attribute" path="S7.Dat Ini Boeking Akt"/></mapping><mapping><output mapTargetHearder="Target Attribute" path="Datum boeking activiteit"/><input mapSourceHearder="Source Attribute" path="S7.Dat Boeking Akt"/></mapping><mapping><output mapTargetHearder="Target Attribute" path="Code aanleiding activiteit"/><input mapSourceHearder="Source Attribute" path="S7.Cd Aanl Akt"/></mapping><mapping><output mapTargetHearder="Target Attribute" path="Datum activiteit Plan"/><input mapSourceHearder="Source Attribute" path="S7.Dat Plan Akt"/></mapping><mapping><output mapTargetHearder="Target Attribute" path="Datum activiteit Realisatie"/><input mapSourceHearder="Source Attribute" path="S7.Dat Real Akt"/></mapping><mapping><output mapTargetHearder="Target Attribute" path="Datum oproep"/><input mapSourceHearder="Source Attribute" path="S7.Datum Oproep"/><input mapSourceHearder="Source Attribute" path="S7.Tijd Oproep"/></mapping><mapping><output mapTargetHearder="Target Attribute" path="Code aanwezigheid persoon"/><input mapSourceHearder="Source Attribute" path="S7.Cd Aanw Pers"/></mapping><mapping><output mapTargetHearder="Target Attribute" path="Code functie medewerker"/><input mapSourceHearder="Source Attribute" path="S7.Functie Medew"/></mapping><mapping><output mapTargetHearder="Target Attribute" path="Code status activiteit"/><input mapSourceHearder="Source Attribute" path="S7.St Akt"/></mapping><mapping><output mapTargetHearder="Target Attribute" path="Code conclusie activiteit"/><input mapSourceHearder="Source Attribute" path="S7.Cd Concl Akt"/></mapping><mapping><output mapTargetHearder="Target Attribute" path="Districtskantoor Nr"/><input mapSourceHearder="Source Attribute" path="S7.Nr Dk"/><documentation key="msl_mapping_documentation" value="-Join met OKV_REFERENTIE_DATA.REF_ORGANISATIE_HT  DK code = Districtskantoor Nummer waarbij nummer DK leidend is voor ophalen naam, soorteervolgnr ook van de regio&#13;&#10;- Organisatie Bron Id is bepalend voor de juiste databij Districtkantoor. Organisatie Bron ID dient altijd 5 te zijn voor IMF en 8 voor UZS&#13;&#10;- DIM_IND_HUIDIG is altijd 'J'"/></mapping><mapping><output mapTargetHearder="Target Attribute" path="Teamnummer"/><input mapSourceHearder="Source Attribute" path="S7.Teamnummer"/></mapping><mapping><output mapTargetHearder="Target Attribute" path="Naam medewerker"/><input mapSourceHearder="Source Attribute" path="S7.Naam Medew"/></mapping><mapping><output mapTargetHearder="Target Attribute" path="BSN"/><input mapSourceHearder="Source Attribute" path="S7.Afg Bsn"/><input mapSourceHearder="Source Attribute" path="S8.BSN"/></mapping><mapping><output mapTargetHearder="Target Attribute" path="Aansluitingsnr"/><input mapSourceHearder="Source Attribute" path="S7.Afg Nr Aansl Bv"/><input mapSourceHearder="Source Attribute" path="S8.Aansluitingsnr"/></mapping><mapping><output mapTargetHearder="Target Attribute" path="Contractcode"/><input mapSourceHearder="Source Attribute" path="S7.Cd Contract"/><input mapSourceHearder="Source Attribute" path="S8.Contractcode"/></mapping><mapping><output mapTargetHearder="Target Attribute" path="Buitenlandse instellingsnr"/><input mapSourceHearder="Source Attribute" path="S7.Nr Buitenl Inst"/><input mapSourceHearder="Source Attribute" path="S8.Buitenlandse instellingsnr"/></mapping><mapping><output mapTargetHearder="Target Attribute" path="Begindatum AO"/><input mapSourceHearder="Source Attribute" path="S7.Dat Boeking Ao"/><input mapSourceHearder="Source Attribute" path="S8.Begindatum AO"/></mapping></mappingGroup><mappingGroup id="_MG_2" targetTable="PreStage Team"><input abbreviation="S1" mapSourceHearder="Source Entity" path="{/01 OKV_IMF/OKV IMF.ldm}:/OKV IMF/OKV AO AKT HV"/><input abbreviation="S2" mapSourceHearder="Source Entity" path="{/01 OKV_IMF/OKV_REFERENTIE_DATA.ldm}:/OKV_REFERENTIE_DATA/Ref Organisatie Ht"/><input abbreviation="S3" mapSourceHearder="Source Entity" path="{/01 OKV_IMF/OKV IMF.ldm}:/OKV IMF/OKV PERSOON HV"/><output mapTargetHearder="Target Entity" path="{/02 INT_ZWA_PO/BDV-STG.ldm}:/INT_ZWA_STG/PreStage Team"/><documentation key="msl_mapping_documentation" value="Koppel de referentie-data aan de aktiviteit-data obv het Nr Dk in beide tabellen."/><mapping><output mapTargetHearder="Target Attribute" path="Teamnummer"/><input mapSourceHearder="Source Attribute" path="S1.Teamnummer"/></mapping><mapping><output mapTargetHearder="Target Attribute" path="Districtskantoor Naam"/><input mapSourceHearder="Source Attribute" path="S2.Level1 Naam"/></mapping><mapping><output mapTargetHearder="Target Attribute" path="Districtskantoor Sorteervolgnr"/><input mapSourceHearder="Source Attribute" path="S2.Level1 Volgorde"/></mapping><mapping><output mapTargetHearder="Target Attribute" path="Regio Nr"/><input mapSourceHearder="Source Attribute" path="S2.Level2 Code"/></mapping><mapping><output mapTargetHearder="Target Attribute" path="Regio Naam"/><input mapSourceHearder="Source Attribute" path="S2.Level2 Naam"/></mapping><mapping><output mapTargetHearder="Target Attribute" path="Regio Sorteervolgnr"/><input mapSourceHearder="Source Attribute" path="S2.Level2 Volgorde"/></mapping><mapping><output mapTargetHearder="Target Attribute" path="Districtskantoor Nr"/><input mapSourceHearder="Source Attribute" path="S2.Level1 Code"/><input mapSourceHearder="Source Attribute" path="S3.Nr Dk"/></mapping></mappingGroup><mappingGroup id="_MG_3" targetTable="PreStage Team"><input abbreviation="S1" mapSourceHearder="Source Entity" path="{/01 OKV_IMF/OKV IMF.ldm}:/OKV IMF/OKV AO AKT HV"/><input abbreviation="S2" mapSourceHearder="Source Entity" path="{/01 OKV_IMF/OKV_REFERENTIE_DATA.ldm}:/OKV_REFERENTIE_DATA/Ref Organisatie Ht"/><input abbreviation="S3" mapSourceHearder="Source Entity" path="{/01 OKV_IMF/OKV IMF.ldm}:/OKV IMF/OKV PERSOON HV"/><output mapTargetHearder="Target Entity" path="{/02 INT_ZWA_PO/BDV-STG.ldm}:/INT_ZWA_STG/PreStage Team"/><documentation key="msl_mapping_documentation" value="Koppel de referentie-data aan de persoon-data obv het Nr Dk in beide tabellen."/><mapping><output mapTargetHearder="Target Attribute" path="Teamnummer"/><input mapSourceHearder="Source Attribute" path="S1.Teamnummer"/></mapping><mapping><output mapTargetHearder="Target Attribute" path="Districtskantoor Naam"/><input mapSourceHearder="Source Attribute" path="S2.Level1 Naam"/></mapping><mapping><output mapTargetHearder="Target Attribute" path="Districtskantoor Sorteervolgnr"/><input mapSourceHearder="Source Attribute" path="S2.Level1 Volgorde"/></mapping><mapping><output mapTargetHearder="Target Attribute" path="Regio Nr"/><input mapSourceHearder="Source Attribute" path="S2.Level2 Code"/></mapping><mapping><output mapTargetHearder="Target Attribute" path="Regio Naam"/><input mapSourceHearder="Source Attribute" path="S2.Level2 Naam"/></mapping><mapping><output mapTargetHearder="Target Attribute" path="Regio Sorteervolgnr"/><input mapSourceHearder="Source Attribute" path="S2.Level2 Volgorde"/></mapping><mapping><output mapTargetHearder="Target Attribute" path="Districtskantoor Nr"/><input mapSourceHearder="Source Attribute" path="S2.Level1 Code"/><input mapSourceHearder="Source Attribute" path="S3.Nr Dk"/></mapping></mappingGroup><mappingGroup id="_MG_4" targetTable="Prestage Natuurlijke Persoon"><input abbreviation="S1" mapSourceHearder="Source Entity" path="{/01 OKV_IMF/OKV IMF REF.ldm}:/OKV IMF REF/Ref Imf Persoon Cd Verpleeg Hv"/><input abbreviation="S2" mapSourceHearder="Source Entity" path="{/01 OKV_IMF/OKV IMF REF.ldm}:/OKV IMF REF/Ref Imf Persoon Nr Land Verpl Hv"/><input abbreviation="S3" mapSourceHearder="Source Entity" path="{/01 OKV_IMF/OKV IMF.ldm}:/OKV IMF/OKV PERSOON HV"/><output mapTargetHearder="Target Entity" path="{/02 INT_ZWA_PO/BDV-STG.ldm}:/INT_ZWA_STG/Prestage Natuurlijke Persoon"/><mapping><output mapTargetHearder="Target Attribute" path="Verpleeg Instelling"/><input mapSourceHearder="Source Attribute" path="S1.Omschrijving"/></mapping><mapping><output mapTargetHearder="Target Attribute" path="Verpleeg Adres Land"/><input mapSourceHearder="Source Attribute" path="S2.Omschrijving"/></mapping><mapping><output mapTargetHearder="Target Attribute" path="BSN"/><input mapSourceHearder="Source Attribute" path="S3.Afg Bsn"/></mapping><mapping><output mapTargetHearder="Target Attribute" path="Status Persoon"/><input mapSourceHearder="Source Attribute" path="S3.Status Persoon"/></mapping><mapping><output mapTargetHearder="Target Attribute" path="Geboortedatum"/><input mapSourceHearder="Source Attribute" path="S3.Gebdat"/></mapping><mapping><output mapTargetHearder="Target Attribute" path="Domicilie Postcode"/><input mapSourceHearder="Source Attribute" path="S3.Afg Postcode Verbl Domic"/></mapping><mapping><output mapTargetHearder="Target Attribute" path="Verpleeg Adres Postcode"/><input mapSourceHearder="Source Attribute" path="S3.Afg Postcode Verpl"/></mapping><mapping><output mapTargetHearder="Target Attribute" path="Verpleeg Adres Land Nr"/><input mapSourceHearder="Source Attribute" path="S3.Nr Land Verpl"/></mapping><mapping><output mapTargetHearder="Target Attribute" path="Verpleeg Instelling Code"/><input mapSourceHearder="Source Attribute" path="S3.Cd Verpleeg"/></mapping><mapping><output mapTargetHearder="Target Attribute" path="Domicilie Postcode Gebied"/><input mapSourceHearder="Source Attribute" path="S3.Afg Postcode Verbl Domicgebied"/></mapping><mapping><output mapTargetHearder="Target Attribute" path="Verpleeg Adres Postcode Gebied"/><input mapSourceHearder="Source Attribute" path="S3.Afg Postcode Verplgebied"/></mapping></mappingGroup><mappingGroup id="_MG_5" targetTable="PreStage Team"><input abbreviation="S1" mapSourceHearder="Source Entity" path="{/01 OKV_IMF/OKV IMF.ldm}:/OKV IMF/OKV PERSOON HV"/><input abbreviation="S2" mapSourceHearder="Source Entity" path="{/01 OKV_IMF/OKV_REFERENTIE_DATA.ldm}:/OKV_REFERENTIE_DATA/Ref Organisatie Ht"/><output mapTargetHearder="Target Entity" path="{/02 INT_ZWA_PO/BDV-STG.ldm}:/INT_ZWA_STG/PreStage Team"/><mapping><output mapTargetHearder="Target Attribute" path="Teamnummer"/><input mapSourceHearder="Source Attribute" path="S1.Teamnummer"/></mapping><mapping><output mapTargetHearder="Target Attribute" path="Districtskantoor Naam"/><input mapSourceHearder="Source Attribute" path="S2.Level1 Naam"/></mapping><mapping><output mapTargetHearder="Target Attribute" path="Districtskantoor Sorteervolgnr"/><input mapSourceHearder="Source Attribute" path="S2.Level1 Volgorde"/></mapping><mapping><output mapTargetHearder="Target Attribute" path="Regio Nr"/><input mapSourceHearder="Source Attribute" path="S2.Level2 Code"/></mapping><mapping><output mapTargetHearder="Target Attribute" path="Regio Naam"/><input mapSourceHearder="Source Attribute" path="S2.Level2 Naam"/></mapping><mapping><output mapTargetHearder="Target Attribute" path="Regio Sorteervolgnr"/><input mapSourceHearder="Source Attribute" path="S2.Level2 Volgorde"/></mapping><mapping><output mapTargetHearder="Target Attribute" path="Districtskantoor Nr"/><input mapSourceHearder="Source Attribute" path="S2.Level1 Code"/><input mapSourceHearder="Source Attribute" path="S1.Nr Dk"/></mapping></mappingGroup><mappingGroup id="_MG_6" targetTable="PreStage Team"><input abbreviation="S1" mapSourceHearder="Source Entity" path="{/01 OKV_IMF/OKV_REFERENTIE_DATA.ldm}:/OKV_REFERENTIE_DATA/Ref Organisatie Ht"/><output mapTargetHearder="Target Entity" path="{/02 INT_ZWA_PO/BDV-STG.ldm}:/INT_ZWA_STG/PreStage Team"/><mapping><output mapTargetHearder="Target Attribute" path="Districtskantoor Naam"/><input mapSourceHearder="Source Attribute" path="S1.Level1 Naam"/></mapping><mapping><output mapTargetHearder="Target Attribute" path="Districtskantoor Sorteervolgnr"/><input mapSourceHearder="Source Attribute" path="S1.Level1 Volgorde"/></mapping><mapping><output mapTargetHearder="Target Attribute" path="Regio Nr"/><input mapSourceHearder="Source Attribute" path="S1.Level2 Code"/></mapping><mapping><output mapTargetHearder="Target Attribute" path="Regio Naam"/><input mapSourceHearder="Source Attribute" path="S1.Level2 Naam"/></mapping><mapping><output mapTargetHearder="Target Attribute" path="Regio Sorteervolgnr"/><input mapSourceHearder="Source Attribute" path="S1.Level2 Volgorde"/></mapping></mappingGroup><mappingGroup id="_MG_7" targetTable="PreStage Team"><input abbreviation="S1" mapSourceHearder="Source Entity" path="{/01 OKV_IMF/OKV_REFERENTIE_DATA.ldm}:/OKV_REFERENTIE_DATA/Ref Organisatie Ht"/><output mapTargetHearder="Target Entity" path="{/02 INT_ZWA_PO/BDV-STG.ldm}:/INT_ZWA_STG/PreStage Team"/><mapping><output mapTargetHearder="Target Attribute" path="Districtskantoor Sorteervolgnr"/><input mapSourceHearder="Source Attribute" path="S1.Level1 Volgorde"/></mapping><mapping><output mapTargetHearder="Target Attribute" path="Districtskantoor Naam"/><input mapSourceHearder="Source Attribute" path="S1.Level1 Naam"/></mapping><mapping><output mapTargetHearder="Target Attribute" path="Regio Nr"/><input mapSourceHearder="Source Attribute" path="S1.Level2 Code"/></mapping><mapping><output mapTargetHearder="Target Attribute" path="Regio Naam"/><input mapSourceHearder="Source Attribute" path="S1.Level2 Naam"/></mapping><mapping><output mapTargetHearder="Target Attribute" path="Regio Sorteervolgnr"/><input mapSourceHearder="Source Attribute" path="S1.Level2 Volgorde"/></mapping></mappingGroup><mappingGroup id="_MG_8" targetTable="PreStage Team"><input abbreviation="S1" mapSourceHearder="Source Entity" path="{/01 OKV_IMF/OKV_REFERENTIE_DATA.ldm}:/OKV_REFERENTIE_DATA/Ref Organisatie Ht"/><output mapTargetHearder="Target Entity" path="{/02 INT_ZWA_PO/BDV-STG.ldm}:/INT_ZWA_STG/PreStage Team"/><mapping><output mapTargetHearder="Target Attribute" path="Regio Nr"/><input mapSourceHearder="Source Attribute" path="S1.Level2 Code"/></mapping><mapping><output mapTargetHearder="Target Attribute" path="Districtskantoor Naam"/><input mapSourceHearder="Source Attribute" path="S1.Level1 Naam"/></mapping><mapping><output mapTargetHearder="Target Attribute" path="Districtskantoor Sorteervolgnr"/><input mapSourceHearder="Source Attribute" path="S1.Level1 Volgorde"/></mapping><mapping><output mapTargetHearder="Target Attribute" path="Regio Naam"/><input mapSourceHearder="Source Attribute" path="S1.Level2 Naam"/></mapping><mapping><output mapTargetHearder="Target Attribute" path="Regio Sorteervolgnr"/><input mapSourceHearder="Source Attribute" path="S1.Level2 Volgorde"/></mapping></mappingGroup><mappingGroup id="_MG_9" targetTable="PreStage Team"><input abbreviation="S1" mapSourceHearder="Source Entity" path="{/01 OKV_IMF/OKV_REFERENTIE_DATA.ldm}:/OKV_REFERENTIE_DATA/Ref Organisatie Ht"/><output mapTargetHearder="Target Entity" path="{/02 INT_ZWA_PO/BDV-STG.ldm}:/INT_ZWA_STG/PreStage Team"/><mapping><output mapTargetHearder="Target Attribute" path="Regio Naam"/><input mapSourceHearder="Source Attribute" path="S1.Level2 Naam"/></mapping><mapping><output mapTargetHearder="Target Attribute" path="Districtskantoor Naam"/><input mapSourceHearder="Source Attribute" path="S1.Level1 Naam"/></mapping><mapping><output mapTargetHearder="Target Attribute" path="Districtskantoor Sorteervolgnr"/><input mapSourceHearder="Source Attribute" path="S1.Level1 Volgorde"/></mapping><mapping><output mapTargetHearder="Target Attribute" path="Regio Nr"/><input mapSourceHearder="Source Attribute" path="S1.Level2 Code"/></mapping><mapping><output mapTargetHearder="Target Attribute" path="Regio Sorteervolgnr"/><input mapSourceHearder="Source Attribute" path="S1.Level2 Volgorde"/></mapping></mappingGroup><mappingGroup id="_MG_10" targetTable="PreStage Team"><input abbreviation="S1" mapSourceHearder="Source Entity" path="{/01 OKV_IMF/OKV_REFERENTIE_DATA.ldm}:/OKV_REFERENTIE_DATA/Ref Organisatie Ht"/><output mapTargetHearder="Target Entity" path="{/02 INT_ZWA_PO/BDV-STG.ldm}:/INT_ZWA_STG/PreStage Team"/><mapping><output mapTargetHearder="Target Attribute" path="Regio Sorteervolgnr"/><input mapSourceHearder="Source Attribute" path="S1.Level2 Volgorde"/></mapping><mapping><output mapTargetHearder="Target Attribute" path="Districtskantoor Naam"/><input mapSourceHearder="Source Attribute" path="S1.Level1 Naam"/></mapping><mapping><output mapTargetHearder="Target Attribute" path="Districtskantoor Sorteervolgnr"/><input mapSourceHearder="Source Attribute" path="S1.Level1 Volgorde"/></mapping><mapping><output mapTargetHearder="Target Attribute" path="Regio Nr"/><input mapSourceHearder="Source Attribute" path="S1.Level2 Code"/></mapping><mapping><output mapTargetHearder="Target Attribute" path="Regio Naam"/><input mapSourceHearder="Source Attribute" path="S1.Level2 Naam"/></mapping></mappingGroup><mappingGroup id="_MG_11" targetTable="IMF view Zaak"><input abbreviation="S1" mapSourceHearder="Source Entity" path="{/01 OKV_IMF/OKV IMF REF.ldm}:/OKV IMF REF/Ref Imf Ao Geval Cd Cat Vangnet Hv"/><input abbreviation="S2" mapSourceHearder="Source Entity" path="{/01 OKV_IMF/OKV IMF REF.ldm}:/OKV IMF REF/Ref Imf Ao Geval Cd Bron Hmel Hv"/><input abbreviation="S3" mapSourceHearder="Source Entity" path="{/01 OKV_IMF/OKV IMF REF.ldm}:/OKV IMF REF/Ref Imf Ao Geval Cd Reden Hmel Hv"/><input abbreviation="S4" mapSourceHearder="Source Entity" path="{/01 OKV_IMF/OKV IMF REF.ldm}:/OKV IMF REF/Ref Imf Ao Geval Cd Ag Traj Hv"/><input abbreviation="S5" mapSourceHearder="Source Entity" path="{/01 OKV_IMF/OKV IMF.ldm}:/OKV IMF/OKV AO GEVAL HV"/><input abbreviation="S6" mapSourceHearder="Source Entity" path="{/01 OKV_IMF/OKV IMF.ldm}:/OKV IMF/OKV AO AKT HV"/><input abbreviation="S7" mapSourceHearder="Source Entity" path="{/01 OKV_IMF/OKV IMF.ldm}:/OKV IMF/OKV PERSOON HV"/><output mapTargetHearder="Target Entity" path="{/02 INT_ZWA_PO/BDV-STG.ldm}:/INT_ZWA_STG/IMF view Zaak"/><mapping><output mapTargetHearder="Target Attribute" path="Vangnetcategorie"/><input mapSourceHearder="Source Attribute" path="S1.Omschrijving"/></mapping><mapping><output mapTargetHearder="Target Attribute" path="Bron hersteldmelding"/><input mapSourceHearder="Source Attribute" path="S2.Omschrijving"/></mapping><mapping><output mapTargetHearder="Target Attribute" path="Uitstroomoorzaak"/><input mapSourceHearder="Source Attribute" path="S3.Omschrijving"/></mapping><mapping><output mapTargetHearder="Target Attribute" path="AG Traject"/><input mapSourceHearder="Source Attribute" path="S4.Cd Ag Traj"/><input mapSourceHearder="Source Attribute" path="S4.Omschrijving"/><documentation key="msl_mapping_documentation" value="Lookup van de omschrijving van AG Traject op basis van de code"/></mapping><mapping><output mapTargetHearder="Target Attribute" path="BSN"/><input mapSourceHearder="Source Attribute" path="S5.Afg Bsn"/></mapping><mapping><output mapTargetHearder="Target Attribute" path="Aansluitingsnr"/><input mapSourceHearder="Source Attribute" path="S5.Afg Nr Aansl Bv"/></mapping><mapping><output mapTargetHearder="Target Attribute" path="Contractcode"/><input mapSourceHearder="Source Attribute" path="S5.Cd Contract"/></mapping><mapping><output mapTargetHearder="Target Attribute" path="Buitenlandse instellingsnr"/><input mapSourceHearder="Source Attribute" path="S5.Nr Buitenl Inst"/></mapping><mapping><output mapTargetHearder="Target Attribute" path="Begindatum AO"/><input mapSourceHearder="Source Attribute" path="S5.Bdat Ao"/></mapping><mapping><output mapTargetHearder="Target Attribute" path="UZS Aanvraagid"/><input mapSourceHearder="Source Attribute" path="S5.Aanvr Id Uzs"/></mapping><mapping><output mapTargetHearder="Target Attribute" path="UZS Gevalsvolgnr"/><input mapSourceHearder="Source Attribute" path="S5.Uzs Gevals Volgnr"/></mapping><mapping><output mapTargetHearder="Target Attribute" path="Datum ontvangst AO Melding"/><input mapSourceHearder="Source Attribute" path="S5.Dat Ontv Ao Meld"/></mapping><mapping><output mapTargetHearder="Target Attribute" path="Datum Boeking AO"/><input mapSourceHearder="Source Attribute" path="S5.Tijd Boeking Ao"/><input mapSourceHearder="Source Attribute" path="S5.Dat Boeking Ao"/></mapping><mapping><output mapTargetHearder="Target Attribute" path="Datum overdracht centraal kantoor"/><input mapSourceHearder="Source Attribute" path="S5.Dat Overdr Ck"/></mapping><mapping><output mapTargetHearder="Target Attribute" path="Datum Ziekmelding door verzekerde"/><input mapSourceHearder="Source Attribute" path="S5.Dat Meld Vz"/></mapping><mapping><output mapTargetHearder="Target Attribute" path="Datum eerste contact"/><input mapSourceHearder="Source Attribute" path="S6.Dat Real Akt"/><documentation key="msl_mapping_documentation" value="Neem de EERSTE (oudste) Dat Real Akt &#13;&#10;waarvoor geldt:&#13;&#10;- Cd Srt Akt in (121 Huisbezoek Arts, 122 spreekuur Arts, 123 Telefonisch spreekuur Arts, 131 huisbezoek va, 132 spreekuur va, 133 telefonisch contact extern, 232 spreekuur smv, 233 tel cont smv, 410 inloopspreekuur rb, 411 huisbezoek rb, 412 spreekuur rb, 415 inloopspreekuur rb met h-kaart, 416 spoedhuisbezoek rb, 417 telefonisch contact rb, 418 tel re-int gesprek rb, 426 su re-int. gesprek rb, 427 intakegesprek rb, 632 spreekuur ad, 633 telefonisch contact extern, 732 fysiek contact ms, 733 telefonisch contact ms)&#13;&#10;&#13;&#10;EN&#13;&#10;&#13;&#10;-- Cd Aanw Pers in (1, 3, 5, 6, 7)&#13;&#10;&#13;&#10;OUTER JOIN met dit resultaat obv de sleutel van zaak: afg_bsn, cd_contract, nr_aansl_bv, Nr Buitenl Inst, bdat AO."/></mapping><mapping><output mapTargetHearder="Target Attribute" path="Datum plausibel"/><input mapSourceHearder="Source Attribute" path="S5.Dat Plausibel"/></mapping><mapping><output mapTargetHearder="Target Attribute" path="Indicatie Plausibel"/><input mapSourceHearder="Source Attribute" path="S5.Ind Plausibel"/></mapping><mapping><output mapTargetHearder="Target Attribute" path="Maximum datum ziektewet"/><input mapSourceHearder="Source Attribute" path="S5.Dat Max Zw"/></mapping><mapping><output mapTargetHearder="Target Attribute" path="Uiterste datum afhandeling EZWB"/><input mapSourceHearder="Source Attribute" path="S5.Dat Uda Ezwb"/></mapping><mapping><output mapTargetHearder="Target Attribute" path="Nieuwe uiterste datum afhandeling EZWB"/><input mapSourceHearder="Source Attribute" path="S5.Dat Nuda Ezwb"/></mapping><mapping><output mapTargetHearder="Target Attribute" path="Datum ontvangst hersteldmelding"/><input mapSourceHearder="Source Attribute" path="S5.Dat Ontv H Meld"/></mapping><mapping><output mapTargetHearder="Target Attribute" path="Datum boeking hersteldmelding"/><input mapSourceHearder="Source Attribute" path="S5.Dat Boek Hm"/><input mapSourceHearder="Source Attribute" path="S5.Tijd Boeking Hm"/></mapping><mapping><output mapTargetHearder="Target Attribute" path="Einddatum AO"/><input mapSourceHearder="Source Attribute" path="S5.Edat Ao"/></mapping><mapping><output mapTargetHearder="Target Attribute" path="Code vangnetcategorie"/><input mapSourceHearder="Source Attribute" path="S5.Cd Cat Vangnet"/></mapping><mapping><output mapTargetHearder="Target Attribute" path="Code bron hersteldmelding"/><input mapSourceHearder="Source Attribute" path="S5.Cd Bron Hmel"/></mapping><mapping><output mapTargetHearder="Target Attribute" path="Code uitstroomoorzaak"/><input mapSourceHearder="Source Attribute" path="S5.Cd Reden Hmel"/></mapping><mapping><output mapTargetHearder="Target Attribute" path="Indicatie eigen risico drager"/><input mapSourceHearder="Source Attribute" path="S5.Ind Erd Zw"/><documentation key="msl_mapping_documentation" value="Maak van null-values een 'N'"/></mapping><mapping><output mapTargetHearder="Target Attribute" path="Indicatie slapend"/><input mapSourceHearder="Source Attribute" path="S6.Cd Contract"/><input mapSourceHearder="Source Attribute" path="S6.Afg Nr Aansl Bv"/><input mapSourceHearder="Source Attribute" path="S6.Afg Bsn"/><input mapSourceHearder="Source Attribute" path="S6.Nr Buitenl Inst"/><input mapSourceHearder="Source Attribute" path="S6.Bdat Ao"/><documentation key="msl_mapping_documentation" value="TEL het aantal activiteiten voor elke ZAAK (OKV IMF AO AKT HV), obv de sleutel van zaak (=de gemapte attributen).&#13;&#10;&#13;&#10;OUTER JOIN met het resultaat&#13;&#10;&#13;&#10;- Zijn er voor een zaak voorkomens in het resultaat? ==&gt; Indicatie slapend = 'N'&#13;&#10;- Zijn er voor een zaak GEEN voorkomens in het resultaat? ==&gt; Indicatie slapend = 'J'"/></mapping><mapping><output mapTargetHearder="Target Attribute" path="Ingangsdatum bwt Zaak"/><input mapSourceHearder="Source Attribute" path="S5.Bdat Ao"/><input mapSourceHearder="Source Attribute" path="S5.Edat Ao"/><documentation key="msl_mapping_documentation" value="Als Edat_AO leeg is, neem dan Bdat_AO"/></mapping><mapping><output mapTargetHearder="Target Attribute" path="Teamnummer"/><input mapSourceHearder="Source Attribute" path="S7.Teamnummer"/></mapping><mapping><output mapTargetHearder="Target Attribute" path="Districtskantoor Nr"/><input mapSourceHearder="Source Attribute" path="S7.Nr Dk"/></mapping><mapping><output mapTargetHearder="Target Attribute" path="Code AG Traject"/><input mapSourceHearder="Source Attribute" path="S5.Cd Ag Traj"/></mapping><mapping><output mapTargetHearder="Target Column" path="Indicatie GDBM"/><input mapSourceHearder="Source Attribute" path="S6.Cd Contract"/><input mapSourceHearder="Source Attribute" path="S6.Afg Nr Aansl Bv"/><input mapSourceHearder="Source Attribute" path="S6.Afg Bsn"/><input mapSourceHearder="Source Attribute" path="S6.Nr Buitenl Inst"/><input mapSourceHearder="Source Attribute" path="S6.Bdat Ao"/><input mapSourceHearder="Source Attribute" path="S6.Cd Srt Akt"/><input mapSourceHearder="Source Attribute" path="S6.Dat Real Akt"/><documentation key="msl_mapping_documentation" value="TEL het aantal activiteiten voor elke ZAAK (OKV IMF AO AKT HV), obv de sleutel van zaak (=de gemapte attributen).&#13;&#10;&#13;&#10;OUTER JOIN met het resultaat&#13;&#10;&#13;&#10;- Zijn er voor een zaak voorkomens in het resultaat waarbij Cd Srt Akt = '162' EN Dat Real Akt niet leeg? ==&gt; Indicatie GDBM = 'J'&#13;&#10;- Anders: 'N'"/></mapping><mapping><output mapTargetHearder="Target Attribute" path="1e of 2e lijn"/><input mapSourceHearder="Source Attribute" path="S6.Cd Contract"/><input mapSourceHearder="Source Attribute" path="S6.Afg Nr Aansl Bv"/><input mapSourceHearder="Source Attribute" path="S6.Afg Bsn"/><input mapSourceHearder="Source Attribute" path="S6.Nr Buitenl Inst"/><input mapSourceHearder="Source Attribute" path="S6.Bdat Ao"/><input mapSourceHearder="Source Attribute" path="S6.Cd Srt Akt"/><input mapSourceHearder="Source Attribute" path="S6.Dat Real Akt"/><documentation key="msl_mapping_documentation" value="Tel het aantal activiteiten voor elke ZAAK (OKV IMF AO AKT HV), obv de sleutel van zaak (=de gemapte attributen).&#13;&#10;&#13;&#10;OUTER JOIN met het resultaat&#13;&#10;&#13;&#10;- Zijn er voor een zaak voorkomens in het resultaat waarbij Cd Srt Akt = '502' ? ==&gt; 1e of 2e lijn = '2e lijn'&#13;&#10;- Anders: '1e lijn'"/></mapping></mappingGroup></mappingRoot>