<?xml version="1.0" encoding="UTF-8"?>
<glossary xmlns="http://www.ibm.com/is/bg/importexport"
    xmlns:xsi="http://www.w3.org/2001/XMLSchema-instance"
    xsi:schemaLocation="http://www.ibm.com/is/bg/importexport BGSchema.xsd"
    version="1.6" exportTime="1657198779878"
    ignoreAssignedAssets="false" ignoreLabeledAssets="true"
    ignoreAssetCollections="true" ignoreStewards="true">
    <customAttributesDefinitions>
        <customAttributeDef
            rid="721f6090.6acd460b.42280i3ql.qa49al9.b3u975.tbrvts93po7ptqi6u2ddr"
            name="Bewaartermijn" attributeType="TEXT" multipleValues="false">
            <appliesTo>
                <classType value="TERM"/>
            </appliesTo>
        </customAttributeDef>
        <customAttributeDef
            rid="721f6090.6acd460b.ameo1f643.fse03i1.am0vio.2vj51l0jja02l44q4asf0"
            name="Bewaartermijn Eenheid"
            attributeType="PREDEFINED_VALUES" multipleValues="false">
            <validValues>
                <validValue value="Maand"/>
                <validValue value="Dag"/>
                <validValue value="Jaar"/>
            </validValues>
            <appliesTo>
                <classType value="TERM"/>
            </appliesTo>
        </customAttributeDef>
        <customAttributeDef
            rid="721f6090.6acd460b.42280i3qv.i2lec5g.b0h3lo.p8hau70tkrjlea2ccl1qo"
            name="Bewaartermijn Startdatum" attributeType="TEXT" multipleValues="false">
            <appliesTo>
                <classType value="TERM"/>
            </appliesTo>
        </customAttributeDef>
    </customAttributesDefinitions>
    <categories>
        <category
            rid="6662c0f2.ee6a64fe.42282n3m7.trb9dkd.bkfrnk.joui595uk46cl95qned5m" name="DQ_Rules"/>
        <category
            rid="6662c0f2.ee6a64fe.ameo2grj7.cfsnfi5.8aep3c.acm9a3d3mrgsa22ojqss9" name="IMF"/>
    </categories>
    <terms>
        <term
            rid="6662c0f2.e1b1ec6c.42282n3nk.1u03bvi.369atm.db4mcnririnhgrjbk46gp"
            name="DQ_GENDER_CHECK" status="ACCEPTED" type="NONE">
            <parentCategory
                rid="6662c0f2.ee6a64fe.42282n3m7.trb9dkd.bkfrnk.joui595uk46cl95qned5m" identity="DQ_Rules"/>
            <assignedAssets>
                <columnRef
                    rid="b1c497ce.60641b50.ameo2gl3s.7ssodth.1h7lco.0mveqlaiqk8h9gh37njgn"
                    host="EDSERVER" databaseName="XE"
                    databaseInstance="edserver" databaseDBMS="Oracle"
                    schema="IMF" table="PERSOON" column="GESLACHT"/>
            </assignedAssets>
        </term>
        <term
            rid="6662c0f2.e1b1ec6c.ameo2grlc.9rlcsjb.5qqjfq.dt9v592jkdm5g4ht8mbob"
            name="IMF_MEDEWERKER" status="ACCEPTED" type="NONE">
            <customAttributes>
                <customAttributeValue customAttribute="Bewaartermijn">
                    <attributeValue value="3"/>
                </customAttributeValue>
                <customAttributeValue customAttribute="Bewaartermijn Eenheid">
                    <attributeValue value="Jaar"/>
                </customAttributeValue>
                <customAttributeValue customAttribute="Bewaartermijn Startdatum">
                    <attributeValue value="3 jaar na einde dienstverband"/>
                </customAttributeValue>
            </customAttributes>
            <parentCategory
                rid="6662c0f2.ee6a64fe.ameo2grj7.cfsnfi5.8aep3c.acm9a3d3mrgsa22ojqss9" identity="IMF"/>
            <assignedAssets>
                <tableRef
                    rid="b1c497ce.54bd3a08.ameo2gpp3.8ga4ifr.qnr7h1.sci3lfc8h8qr8tala37b8"
                    host="EDSERVER" databaseName="XE"
                    databaseInstance="edserver" databaseDBMS="Oracle"
                    schema="RDV_IMF" table="MEDEWERKER_H"/>
            </assignedAssets>
        </term>
        <term
            rid="6662c0f2.e1b1ec6c.ameo2grjj.mhnc9me.uru58i.fu4ihbjd0t193tqfuhpu9"
            name="IMF_PERSOON" status="ACCEPTED" type="NONE">
            <customAttributes>
                <customAttributeValue customAttribute="Bewaartermijn">
                    <attributeValue value="2"/>
                </customAttributeValue>
                <customAttributeValue customAttribute="Bewaartermijn Eenheid">
                    <attributeValue value="Jaar"/>
                </customAttributeValue>
                <customAttributeValue customAttribute="Bewaartermijn Startdatum">
                    <attributeValue value="2 jaar na afsluiten laatste AO-geval"/>
                </customAttributeValue>
            </customAttributes>
            <parentCategory
                rid="6662c0f2.ee6a64fe.ameo2grj7.cfsnfi5.8aep3c.acm9a3d3mrgsa22ojqss9" identity="IMF"/>
            <assignedAssets>
                <tableRef
                    rid="b1c497ce.54bd3a08.ameo2gpp7.k5kokpj.m8ms2b.di814dpljeu3fgh9joi7p"
                    host="EDSERVER" databaseName="XE"
                    databaseInstance="edserver" databaseDBMS="Oracle"
                    schema="RDV_IMF" table="PERSOON_H"/>
            </assignedAssets>
        </term>
    </terms>
    <labelDefinitions>
        <labelDefinition
            rid="6662c0f2.22257cc4.4227uc21k.sjseejp.oniabp.8p7n62n5rsomi04up6slv" name="Business Key"/>
    </labelDefinitions>
</glossary>
