{"Export_response":{"timestamp":"Mon Jun 13 09:43:27 EDT 2022","failures":[{"Product":"InformationAnalyzer","Options":"<map>\n  <entry>\n    <string>InformationAnalyzer<\/string>\n    <properties>\n      <property name=\"includeCommonMetadata\" value=\"true\"\/>\n      <property name=\"includeProjectRoleAssignments\" value=\"false\"\/>\n      <property name=\"includeResultHistory\" value=\"false\"\/>\n      <property name=\"projects\" value=\"*\"\/>\n      <property name=\"includeReports\" value=\"false\"\/>\n      <property name=\"includeDataClasses\" value=\"false\"\/>\n      <property name=\"tablelevel\" value=\"false\"\/>\n    <\/properties>\n  <\/entry>\n<\/map>"}]}}