Mapping Status,Source Location,Source Name,Source Data Type,Source Required,Source Documentation,Source Table Name,Source Schema,Source Primary Key,Source Annotations,Target Location,Target Name,Target Data Type,Target Required,Target Documentation,Target Table Name,Target Schema,Target Primary Key,Target Annotations,Mapping Annotation,Transformation Expression
Accepted,"{/03 BDR_ZWA_PO/DM ZWA.ldm}:/Bedrijfszone ZW-Arbo/Dimensie Datum Vw/Datum",Datum,"DATE",False,,,,,,"{/03 BDR_ZWA_PO/DM ZWA.ldm}:/Bedrijfszone ZW-Arbo/Dimensie Datum Tb/Datum",Datum,"DATE",False,,,,,,,
Accepted,"{/03 BDR_ZWA_PO/DM ZWA.ldm}:/Bedrijfszone ZW-Arbo/Dimensie Datum Vw/Dagnaam",Dagnaam,"VARCHAR(9)",False,,,,,,"{/03 BDR_ZWA_PO/DM ZWA.ldm}:/Bedrijfszone ZW-Arbo/Dimensie Datum Tb/Dagnaam",Dagnaam,"VARCHAR(9)",False,,,,,,,
Accepted,"{/03 BDR_ZWA_PO/DM ZWA.ldm}:/Bedrijfszone ZW-Arbo/Dimensie Datum Vw/Dagnummer in week",Dagnummer in week,"NUMERIC(38,10)",False,,,,,,"{/03 BDR_ZWA_PO/DM ZWA.ldm}:/Bedrijfszone ZW-Arbo/Dimensie Datum Tb/Dagnummer in week",Dagnummer in week,"NUMERIC(38,10)",False,,,,,,,
Accepted,"{/03 BDR_ZWA_PO/DM ZWA.ldm}:/Bedrijfszone ZW-Arbo/Dimensie Datum Vw/Dagnummer in maand",Dagnummer in maand,"NUMERIC(38,10)",False,,,,,,"{/03 BDR_ZWA_PO/DM ZWA.ldm}:/Bedrijfszone ZW-Arbo/Dimensie Datum Tb/Dagnummer in maand",Dagnummer in maand,"NUMERIC(38,10)",False,,,,,,,
Accepted,"{/03 BDR_ZWA_PO/DM ZWA.ldm}:/Bedrijfszone ZW-Arbo/Dimensie Datum Vw/Dagnummer in jaar",Dagnummer in jaar,"NUMERIC(38,10)",False,,,,,,"{/03 BDR_ZWA_PO/DM ZWA.ldm}:/Bedrijfszone ZW-Arbo/Dimensie Datum Tb/Dagnummer in jaar",Dagnummer in jaar,"NUMERIC(38,10)",False,,,,,,,
Accepted,"{/03 BDR_ZWA_PO/DM ZWA.ldm}:/Bedrijfszone ZW-Arbo/Dimensie Datum Vw/Indicatie weekend",Indicatie weekend,"VARCHAR(9)",False,,,,,,"{/03 BDR_ZWA_PO/DM ZWA.ldm}:/Bedrijfszone ZW-Arbo/Dimensie Datum Tb/Indicatie weekend",Indicatie weekend,"VARCHAR(9)",False,,,,,,,
Accepted,"{/03 BDR_ZWA_PO/DM ZWA.ldm}:/Bedrijfszone ZW-Arbo/Dimensie Datum Vw/Weeknummer",Weeknummer,"NUMERIC(38,10)",False,,,,,,"{/03 BDR_ZWA_PO/DM ZWA.ldm}:/Bedrijfszone ZW-Arbo/Dimensie Datum Tb/Weeknummer",Weeknummer,"NUMERIC(38,10)",False,,,,,,,
Accepted,"{/03 BDR_ZWA_PO/DM ZWA.ldm}:/Bedrijfszone ZW-Arbo/Dimensie Datum Vw/Jaar-week nummer",Jaar-week nummer,"NUMERIC(38,10)",False,,,,,,"{/03 BDR_ZWA_PO/DM ZWA.ldm}:/Bedrijfszone ZW-Arbo/Dimensie Datum Tb/Jaar-week nummer",Jaar-week nummer,"NUMERIC(38,10)",False,,,,,,,
Accepted,"{/03 BDR_ZWA_PO/DM ZWA.ldm}:/Bedrijfszone ZW-Arbo/Dimensie Datum Vw/Datum eerste dag van de week",Datum eerste dag van de week,"DATE",False,,,,,,"{/03 BDR_ZWA_PO/DM ZWA.ldm}:/Bedrijfszone ZW-Arbo/Dimensie Datum Tb/Datum eerste dag van de week",Datum eerste dag van de week,"DATE",False,,,,,,,
Accepted,"{/03 BDR_ZWA_PO/DM ZWA.ldm}:/Bedrijfszone ZW-Arbo/Dimensie Datum Vw/Datum laatste dag van de week",Datum laatste dag van de week,"DATE",False,,,,,,"{/03 BDR_ZWA_PO/DM ZWA.ldm}:/Bedrijfszone ZW-Arbo/Dimensie Datum Tb/Datum laatste dag van de week",Datum laatste dag van de week,"DATE",False,,,,,,,
Accepted,"{/03 BDR_ZWA_PO/DM ZWA.ldm}:/Bedrijfszone ZW-Arbo/Dimensie Datum Vw/Indicatie is begin van de week",Indicatie is begin van de week,"VARCHAR(9)",False,,,,,,"{/03 BDR_ZWA_PO/DM ZWA.ldm}:/Bedrijfszone ZW-Arbo/Dimensie Datum Tb/Indicatie is begin van de week",Indicatie is begin van de week,"VARCHAR(9)",False,,,,,,,
Accepted,"{/03 BDR_ZWA_PO/DM ZWA.ldm}:/Bedrijfszone ZW-Arbo/Dimensie Datum Vw/Maandnaam",Maandnaam,"VARCHAR(9)",False,,,,,,"{/03 BDR_ZWA_PO/DM ZWA.ldm}:/Bedrijfszone ZW-Arbo/Dimensie Datum Tb/Maandnaam",Maandnaam,"VARCHAR(9)",False,,,,,,,
Accepted,"{/03 BDR_ZWA_PO/DM ZWA.ldm}:/Bedrijfszone ZW-Arbo/Dimensie Datum Vw/Maandnummer",Maandnummer,"NUMERIC(38,10)",False,,,,,,"{/03 BDR_ZWA_PO/DM ZWA.ldm}:/Bedrijfszone ZW-Arbo/Dimensie Datum Tb/Maandnummer",Maandnummer,"NUMERIC(38,10)",False,,,,,,,
Accepted,"{/03 BDR_ZWA_PO/DM ZWA.ldm}:/Bedrijfszone ZW-Arbo/Dimensie Datum Vw/Jaar-maand nummer",Jaar-maand nummer,"NUMERIC(38,10)",False,,,,,,"{/03 BDR_ZWA_PO/DM ZWA.ldm}:/Bedrijfszone ZW-Arbo/Dimensie Datum Tb/Jaar-maand nummer",Jaar-maand nummer,"NUMERIC(38,10)",False,,,,,,,
Accepted,"{/03 BDR_ZWA_PO/DM ZWA.ldm}:/Bedrijfszone ZW-Arbo/Dimensie Datum Vw/Aantal dagen in de maand",Aantal dagen in de maand,"NUMERIC(38,10)",False,,,,,,"{/03 BDR_ZWA_PO/DM ZWA.ldm}:/Bedrijfszone ZW-Arbo/Dimensie Datum Tb/Aantal dagen in de maand",Aantal dagen in de maand,"NUMERIC(38,10)",False,,,,,,,
Accepted,"{/03 BDR_ZWA_PO/DM ZWA.ldm}:/Bedrijfszone ZW-Arbo/Dimensie Datum Vw/Kwartaalnummer",Kwartaalnummer,"NUMERIC(38,10)",False,,,,,,"{/03 BDR_ZWA_PO/DM ZWA.ldm}:/Bedrijfszone ZW-Arbo/Dimensie Datum Tb/Kwartaalnummer",Kwartaalnummer,"NUMERIC(38,10)",False,,,,,,,
Accepted,"{/03 BDR_ZWA_PO/DM ZWA.ldm}:/Bedrijfszone ZW-Arbo/Dimensie Datum Vw/Kwartaal",Kwartaal,"VARCHAR(9)",False,,,,,,"{/03 BDR_ZWA_PO/DM ZWA.ldm}:/Bedrijfszone ZW-Arbo/Dimensie Datum Tb/Kwartaal",Kwartaal,"VARCHAR(9)",False,,,,,,,
Accepted,"{/03 BDR_ZWA_PO/DM ZWA.ldm}:/Bedrijfszone ZW-Arbo/Dimensie Datum Vw/Jaar-kwartaal nummer",Jaar-kwartaal nummer,"NUMERIC(38,10)",False,,,,,,"{/03 BDR_ZWA_PO/DM ZWA.ldm}:/Bedrijfszone ZW-Arbo/Dimensie Datum Tb/Jaar-kwartaal nummer",Jaar-kwartaal nummer,"NUMERIC(38,10)",False,,,,,,,
Accepted,"{/03 BDR_ZWA_PO/DM ZWA.ldm}:/Bedrijfszone ZW-Arbo/Dimensie Datum Vw/Tertaalnummer",Tertaalnummer,"NUMERIC(38,10)",False,,,,,,"{/03 BDR_ZWA_PO/DM ZWA.ldm}:/Bedrijfszone ZW-Arbo/Dimensie Datum Tb/Tertaalnummer",Tertaalnummer,"NUMERIC(38,10)",False,,,,,,,
Accepted,"{/03 BDR_ZWA_PO/DM ZWA.ldm}:/Bedrijfszone ZW-Arbo/Dimensie Datum Vw/Tertaal",Tertaal,"VARCHAR(9)",False,,,,,,"{/03 BDR_ZWA_PO/DM ZWA.ldm}:/Bedrijfszone ZW-Arbo/Dimensie Datum Tb/Tertaal",Tertaal,"VARCHAR(9)",False,,,,,,,
Accepted,"{/03 BDR_ZWA_PO/DM ZWA.ldm}:/Bedrijfszone ZW-Arbo/Dimensie Datum Vw/Jaar-tertaal nummer",Jaar-tertaal nummer,"NUMERIC(38,10)",False,,,,,,"{/03 BDR_ZWA_PO/DM ZWA.ldm}:/Bedrijfszone ZW-Arbo/Dimensie Datum Tb/Jaar-tertaal nummer",Jaar-tertaal nummer,"NUMERIC(38,10)",False,,,,,,,
Accepted,"{/03 BDR_ZWA_PO/DM ZWA.ldm}:/Bedrijfszone ZW-Arbo/Dimensie Datum Vw/Jaartal",Jaartal,"NUMERIC(38,10)",False,,,,,,"{/03 BDR_ZWA_PO/DM ZWA.ldm}:/Bedrijfszone ZW-Arbo/Dimensie Datum Tb/Jaartal",Jaartal,"NUMERIC(38,10)",False,,,,,,,
Accepted,"{/03 BDR_ZWA_PO/DM ZWA.ldm}:/Bedrijfszone ZW-Arbo/Dimensie Datum Vw/Aantal dagen in jaar",Aantal dagen in jaar,"NUMERIC(38,10)",False,,,,,,"{/03 BDR_ZWA_PO/DM ZWA.ldm}:/Bedrijfszone ZW-Arbo/Dimensie Datum Tb/Aantal dagen in jaar",Aantal dagen in jaar,"NUMERIC(38,10)",False,,,,,,,
Accepted,"{/03 BDR_ZWA_PO/DM ZWA.ldm}:/Bedrijfszone ZW-Arbo/Dimensie Datum Vw/Seizoennaam",Seizoennaam,"VARCHAR(9)",False,,,,,,"{/03 BDR_ZWA_PO/DM ZWA.ldm}:/Bedrijfszone ZW-Arbo/Dimensie Datum Tb/Seizoennaam",Seizoennaam,"VARCHAR(9)",False,,,,,,,
Accepted,"{/03 BDR_ZWA_PO/DM ZWA.ldm}:/Bedrijfszone ZW-Arbo/Dimensie Datum Vw/Indicatie feestdag",Indicatie feestdag,"VARCHAR(9)",False,,,,,,"{/03 BDR_ZWA_PO/DM ZWA.ldm}:/Bedrijfszone ZW-Arbo/Dimensie Datum Tb/Indicatie feestdag",Indicatie feestdag,"VARCHAR(9)",False,,,,,,,
Accepted,"{/03 BDR_ZWA_PO/DM ZWA.ldm}:/Bedrijfszone ZW-Arbo/Dimensie Datum Vw/Indicatie is einde van de maand",Indicatie is einde van de maand,"VARCHAR(9)",False,,,,,,"{/03 BDR_ZWA_PO/DM ZWA.ldm}:/Bedrijfszone ZW-Arbo/Dimensie Datum Tb/Indicatie is einde van de maand",Indicatie is einde van de maand,"VARCHAR(9)",False,,,,,,,
Accepted,"{/03 BDR_ZWA_PO/DM ZWA.ldm}:/Bedrijfszone ZW-Arbo/Dimensie Datum Vw/Datum ID",Datum ID,"NUMERIC(38,10)",True,,,,,,"{/03 BDR_ZWA_PO/DM ZWA.ldm}:/Bedrijfszone ZW-Arbo/Dimensie Datum Tb/DIM_DATUM_KEY",DIM_DATUM_KEY,"NUMERIC(38,10)",True,,,,,,,
Accepted,"{/03 BDR_ZWA_PO/DM ZWA.ldm}:/Bedrijfszone ZW-Arbo/Dimensie Snapshot Vw/DIM_SNAPSHOT_KEY",DIM_SNAPSHOT_KEY,"NUMERIC(38,10)",True,,,,,,"{/03 BDR_ZWA_PO/DM ZWA.ldm}:/Bedrijfszone ZW-Arbo/Dimensie Snapshot Tb/DIM_SNAPSHOT_KEY",DIM_SNAPSHOT_KEY,"NUMERIC(38,10)",True,,,,,,,
Accepted,"{/03 BDR_ZWA_PO/DM ZWA.ldm}:/Bedrijfszone ZW-Arbo/Dimensie Snapshot Vw/Periode Type",Periode Type,"VARCHAR(99)",False,"Maand / Week / Dag",,,,,"{/03 BDR_ZWA_PO/DM ZWA.ldm}:/Bedrijfszone ZW-Arbo/Dimensie Snapshot Tb/Periode Type",Periode Type,"VARCHAR(99)",False,"Maand / Week / Dag",,,,,,
Accepted,"{/03 BDR_ZWA_PO/DM ZWA.ldm}:/Bedrijfszone ZW-Arbo/Dimensie Snapshot Vw/Snapshot periode",Snapshot periode,"NUMERIC(38,10)",False,,,,,,"{/03 BDR_ZWA_PO/DM ZWA.ldm}:/Bedrijfszone ZW-Arbo/Dimensie Snapshot Tb/Snapshot periode",Snapshot periode,"NUMERIC(38,10)",False,,,,,,,
Accepted,"{/03 BDR_ZWA_PO/DM ZWA.ldm}:/Bedrijfszone ZW-Arbo/Dimensie Snapshot Vw/Snapshot datum vanaf",Snapshot datum vanaf,"TIMESTAMP",False,,,,,,"{/03 BDR_ZWA_PO/DM ZWA.ldm}:/Bedrijfszone ZW-Arbo/Dimensie Snapshot Tb/Snapshot datum vanaf",Snapshot datum vanaf,"TIMESTAMP",False,,,,,,,
Accepted,"{/03 BDR_ZWA_PO/DM ZWA.ldm}:/Bedrijfszone ZW-Arbo/Dimensie Snapshot Vw/Snapshot datum tm",Snapshot datum tm,"TIMESTAMP",False,,,,,,"{/03 BDR_ZWA_PO/DM ZWA.ldm}:/Bedrijfszone ZW-Arbo/Dimensie Snapshot Tb/Snapshot datum tm",Snapshot datum tm,"TIMESTAMP",False,,,,,,,
Accepted,"{/03 BDR_ZWA_PO/DM ZWA.ldm}:/Bedrijfszone ZW-Arbo/Dimensie Snapshot Vw/Snapshot Datum",Snapshot Datum,"TIMESTAMP",False,,,,,,"{/03 BDR_ZWA_PO/DM ZWA.ldm}:/Bedrijfszone ZW-Arbo/Dimensie Snapshot Tb/Snapshot Datum",Snapshot Datum,"TIMESTAMP",False,,,,,,,
Accepted,"{/03 BDR_ZWA_PO/DM ZWA.ldm}:/Bedrijfszone ZW-Arbo/Dimensie Snapshot Vw/Snapshot Type",Snapshot Type,"VARCHAR(99)",False,"Historisch / Actueel",,,,,"{/03 BDR_ZWA_PO/DM ZWA.ldm}:/Bedrijfszone ZW-Arbo/Dimensie Snapshot Tb/Snapshot Type",Snapshot Type,"VARCHAR(99)",False,"Historisch / Actueel",,,,,,
Accepted,"{/03 BDR_ZWA_PO/DM ZWA.ldm}:/Bedrijfszone ZW-Arbo/Dimensie Snapshot Vw/DIM_DATUM_KEY_ULTIMO_PERIODE",DIM_DATUM_KEY_ULTIMO_PERIODE,"NUMERIC(38,10)",True,,,,,,"{/03 BDR_ZWA_PO/DM ZWA.ldm}:/Bedrijfszone ZW-Arbo/Dimensie Snapshot Tb/DIM_DATUM_KEY_ULTIMO_PERIODE",DIM_DATUM_KEY_ULTIMO_PERIODE,"NUMERIC(38,10)",True,,,,,,,
Accepted,"{/03 BDR_ZWA_PO/DM ZWA.ldm}:/Bedrijfszone ZW-Arbo/Dimensie Team Vw/DIM_TEAM_KEY",DIM_TEAM_KEY,"NUMERIC(38,10)",True,,,,,,"{/03 BDR_ZWA_PO/DM ZWA.ldm}:/Bedrijfszone ZW-Arbo/Dimensie Team Tb/DIM_TEAM_KEY",DIM_TEAM_KEY,"NUMERIC(38,10)",True,,,,,,,
Accepted,"{/03 BDR_ZWA_PO/DM ZWA.ldm}:/Bedrijfszone ZW-Arbo/Dimensie Team Vw/Team Hashkey",Team Hashkey,"VARCHAR(99)",True,"Dit attribuut is nodig om vanuit het Feit eenvoudig de juiste dim-key te kunnen opzoeken. Laat dit attribuut niet zien in het gegevensvenster.",,,,,"{/03 BDR_ZWA_PO/DM ZWA.ldm}:/Bedrijfszone ZW-Arbo/Dimensie Team Tb/Team Hashkey",Team Hashkey,"VARCHAR(99)",True,"Dit attribuut is nodig om vanuit het Feit eenvoudig de juiste dim-key te kunnen opzoeken. Laat dit attribuut niet zien in het gegevensvenster.",,,,,,
Accepted,"{/03 BDR_ZWA_PO/DM ZWA.ldm}:/Bedrijfszone ZW-Arbo/Dimensie Team Vw/Teamnummer",Teamnummer,"VARCHAR(9)",True,,,,,,"{/03 BDR_ZWA_PO/DM ZWA.ldm}:/Bedrijfszone ZW-Arbo/Dimensie Team Tb/Teamnummer",Teamnummer,"VARCHAR(9)",True,,,,,,,
Accepted,"{/03 BDR_ZWA_PO/DM ZWA.ldm}:/Bedrijfszone ZW-Arbo/Dimensie Team Vw/Teamnaam",Teamnaam,"VARCHAR(99)",False,,,,,,"{/03 BDR_ZWA_PO/DM ZWA.ldm}:/Bedrijfszone ZW-Arbo/Dimensie Team Tb/Teamnaam",Teamnaam,"VARCHAR(99)",False,,,,,,,
Accepted,"{/03 BDR_ZWA_PO/DM ZWA.ldm}:/Bedrijfszone ZW-Arbo/Dimensie Team Vw/Districtskantoor Nr",Districtskantoor Nr,"VARCHAR(9)",True,,,,,,"{/03 BDR_ZWA_PO/DM ZWA.ldm}:/Bedrijfszone ZW-Arbo/Dimensie Team Tb/Districtskantoor Nr",Districtskantoor Nr,"VARCHAR(9)",True,,,,,,,
Accepted,"{/03 BDR_ZWA_PO/DM ZWA.ldm}:/Bedrijfszone ZW-Arbo/Dimensie Team Vw/Districtskantoor Naam",Districtskantoor Naam,"VARCHAR(99)",False,,,,,,"{/03 BDR_ZWA_PO/DM ZWA.ldm}:/Bedrijfszone ZW-Arbo/Dimensie Team Tb/Districtskantoor Naam",Districtskantoor Naam,"VARCHAR(99)",False,,,,,,,
Accepted,"{/03 BDR_ZWA_PO/DM ZWA.ldm}:/Bedrijfszone ZW-Arbo/Dimensie Team Vw/Regio Nr",Regio Nr,"NUMERIC(38,10)",False,,,,,,"{/03 BDR_ZWA_PO/DM ZWA.ldm}:/Bedrijfszone ZW-Arbo/Dimensie Team Tb/Regio Nr",Regio Nr,"NUMERIC(38,10)",False,,,,,,,
Accepted,"{/03 BDR_ZWA_PO/DM ZWA.ldm}:/Bedrijfszone ZW-Arbo/Dimensie Team Vw/Regio Naam",Regio Naam,"VARCHAR(99)",False,,,,,,"{/03 BDR_ZWA_PO/DM ZWA.ldm}:/Bedrijfszone ZW-Arbo/Dimensie Team Tb/Regio Naam",Regio Naam,"VARCHAR(99)",False,,,,,,,
Accepted,"{/03 BDR_ZWA_PO/DM ZWA.ldm}:/Bedrijfszone ZW-Arbo/Dimensie Team Vw/Districtskantoor Sorteervolgnr",Districtskantoor Sorteervolgnr,"NUMERIC(38,10)",False,,,,,,"{/03 BDR_ZWA_PO/DM ZWA.ldm}:/Bedrijfszone ZW-Arbo/Dimensie Team Tb/Districtskantoor Sorteervolgnr",Districtskantoor Sorteervolgnr,"NUMERIC(38,10)",False,,,,,,,
Accepted,"{/03 BDR_ZWA_PO/DM ZWA.ldm}:/Bedrijfszone ZW-Arbo/Dimensie Team Vw/Regio Sorteervolgnr",Regio Sorteervolgnr,"NUMERIC(38,10)",False,,,,,,"{/03 BDR_ZWA_PO/DM ZWA.ldm}:/Bedrijfszone ZW-Arbo/Dimensie Team Tb/Regio Sorteervolgnr",Regio Sorteervolgnr,"NUMERIC(38,10)",False,,,,,,,
Accepted,"{/03 BDR_ZWA_PO/DM ZWA.ldm}:/Bedrijfszone ZW-Arbo/Dimensie Zaak Vw/DIM_ZAAK_KEY",DIM_ZAAK_KEY,"NUMERIC(38,10)",True,,,,,,"{/03 BDR_ZWA_PO/DM ZWA.ldm}:/Bedrijfszone ZW-Arbo/Dimensie Zaak Tb/DIM_ZAAK_KEY",DIM_ZAAK_KEY,"NUMERIC(38,10)",True,,,,,,,
Accepted,"{/03 BDR_ZWA_PO/DM ZWA.ldm}:/Bedrijfszone ZW-Arbo/Dimensie Zaak Vw/Zaak Hashkey",Zaak Hashkey,"VARCHAR(99)",True,"Dit attribuut is nodig om vanuit het Feit eenvoudig de juiste dim-key te kunnen opzoeken. Laat dit attribuut niet zien in het gegevensvenster.",,,,,"{/03 BDR_ZWA_PO/DM ZWA.ldm}:/Bedrijfszone ZW-Arbo/Dimensie Zaak Tb/Zaak Hashkey",Zaak Hashkey,"VARCHAR(99)",True,"Dit attribuut is nodig om vanuit het Feit eenvoudig de juiste dim-key te kunnen opzoeken. Laat dit attribuut niet zien in het gegevensvenster.",,,,,,
Accepted,"{/03 BDR_ZWA_PO/DM ZWA.ldm}:/Bedrijfszone ZW-Arbo/Dimensie Zaak Vw/UZS Aanvraagid",UZS Aanvraagid,"NUMERIC(38,10)",False,,,,,,"{/03 BDR_ZWA_PO/DM ZWA.ldm}:/Bedrijfszone ZW-Arbo/Dimensie Zaak Tb/UZS Aanvraagid",UZS Aanvraagid,"NUMERIC(38,10)",False,,,,,,,
Accepted,"{/03 BDR_ZWA_PO/DM ZWA.ldm}:/Bedrijfszone ZW-Arbo/Dimensie Zaak Vw/UZS Gevalsvolgnr",UZS Gevalsvolgnr,"NUMERIC(38,10)",False,,,,,,"{/03 BDR_ZWA_PO/DM ZWA.ldm}:/Bedrijfszone ZW-Arbo/Dimensie Zaak Tb/UZS Gevalsvolgnr",UZS Gevalsvolgnr,"NUMERIC(38,10)",False,,,,,,,
Accepted,"{/03 BDR_ZWA_PO/DM ZWA.ldm}:/Bedrijfszone ZW-Arbo/Dimensie Zaak Vw/Contractcode",Contractcode,"VARCHAR(9)",True,,,,,,"{/03 BDR_ZWA_PO/DM ZWA.ldm}:/Bedrijfszone ZW-Arbo/Dimensie Zaak Tb/Contractcode",Contractcode,"VARCHAR(9)",True,"00 kenmerk wordt niet toegepast.  
10 Vrijwillig verzekerden                          
15 oud verplicht verzekerden                            
20 Zieke werklozen                                  
40 Krankenkasse                   
41 Belgische zaken                
42 EEG                            
43 Verdragslanden                 
60 Consult SMZ 
NB  Bij 00 is de relatie tussen persoon en ao-geval een 
                         dienstverband, bij de overige is een standaard
                         contract van toepassing.",,,,,,
Accepted,"{/03 BDR_ZWA_PO/DM ZWA.ldm}:/Bedrijfszone ZW-Arbo/Dimensie Zaak Vw/Buitenlandse Instellingsnr",Buitenlandse Instellingsnr,"VARCHAR(9)",False,,,,,,"{/03 BDR_ZWA_PO/DM ZWA.ldm}:/Bedrijfszone ZW-Arbo/Dimensie Zaak Tb/Buitenlandse Instellingsnr",Buitenlandse Instellingsnr,"VARCHAR(9)",False,,,,,,,
Accepted,"{/03 BDR_ZWA_PO/DM ZWA.ldm}:/Bedrijfszone ZW-Arbo/Dimensie Zaak Vw/Begindatum AO",Begindatum AO,"TIMESTAMP",True,,,,,,"{/03 BDR_ZWA_PO/DM ZWA.ldm}:/Bedrijfszone ZW-Arbo/Dimensie Zaak Tb/Begindatum AO",Begindatum AO,"TIMESTAMP",True,,,,,,,
Accepted,"{/03 BDR_ZWA_PO/DM ZWA.ldm}:/Bedrijfszone ZW-Arbo/Dimensie Zaak Vw/Datum Ontvangst AO Melding",Datum Ontvangst AO Melding,"TIMESTAMP",False,,,,,,"{/03 BDR_ZWA_PO/DM ZWA.ldm}:/Bedrijfszone ZW-Arbo/Dimensie Zaak Tb/Datum Ontvangst AO Melding",Datum Ontvangst AO Melding,"TIMESTAMP",False,,,,,,,
Accepted,"{/03 BDR_ZWA_PO/DM ZWA.ldm}:/Bedrijfszone ZW-Arbo/Dimensie Zaak Vw/Datum Boeking AO",Datum Boeking AO,"TIMESTAMP",False,,,,,,"{/03 BDR_ZWA_PO/DM ZWA.ldm}:/Bedrijfszone ZW-Arbo/Dimensie Zaak Tb/Datum Boeking AO",Datum Boeking AO,"TIMESTAMP",False,,,,,,,
Accepted,"{/03 BDR_ZWA_PO/DM ZWA.ldm}:/Bedrijfszone ZW-Arbo/Dimensie Zaak Vw/Datum overdracht centraal kantoor",Datum overdracht centraal kantoor,"TIMESTAMP",False,"Een eerste contact telt als eerste contact als Persoon aanwezig was en met een UWV-er sprak.",,,,,"{/03 BDR_ZWA_PO/DM ZWA.ldm}:/Bedrijfszone ZW-Arbo/Dimensie Zaak Tb/Datum overdracht centraal kantoor",Datum overdracht centraal kantoor,"TIMESTAMP",False,"Een eerste contact telt als eerste contact als Persoon aanwezig was en met een UWV-er sprak.",,,,,,
Accepted,"{/03 BDR_ZWA_PO/DM ZWA.ldm}:/Bedrijfszone ZW-Arbo/Dimensie Zaak Vw/Datum ziekmelding door verzekerde",Datum ziekmelding door verzekerde,"TIMESTAMP",False,,,,,,"{/03 BDR_ZWA_PO/DM ZWA.ldm}:/Bedrijfszone ZW-Arbo/Dimensie Zaak Tb/Datum ziekmelding door verzekerde",Datum ziekmelding door verzekerde,"TIMESTAMP",False,,,,,,,
Accepted,"{/03 BDR_ZWA_PO/DM ZWA.ldm}:/Bedrijfszone ZW-Arbo/Dimensie Zaak Vw/Datum eerste contact",Datum eerste contact,"TIMESTAMP",False,"Een eerste contact telt als eerste contact als Persoon aanwezig was en met een UWV-er sprak.",,,,,"{/03 BDR_ZWA_PO/DM ZWA.ldm}:/Bedrijfszone ZW-Arbo/Dimensie Zaak Tb/Datum eerste contact",Datum eerste contact,"TIMESTAMP",False,"Een eerste contact telt als eerste contact als Persoon aanwezig was en met een UWV-er sprak.",,,,,,
Accepted,"{/03 BDR_ZWA_PO/DM ZWA.ldm}:/Bedrijfszone ZW-Arbo/Dimensie Zaak Vw/Datum plausibel",Datum plausibel,"TIMESTAMP",False,"Een eerste contact telt als eerste contact als Persoon aanwezig was en met een UWV-er sprak.",,,,,"{/03 BDR_ZWA_PO/DM ZWA.ldm}:/Bedrijfszone ZW-Arbo/Dimensie Zaak Tb/Datum plausibel",Datum plausibel,"TIMESTAMP",False,"Een eerste contact telt als eerste contact als Persoon aanwezig was en met een UWV-er sprak.",,,,,,
Accepted,"{/03 BDR_ZWA_PO/DM ZWA.ldm}:/Bedrijfszone ZW-Arbo/Dimensie Zaak Vw/Uiterste datum afhandeling EZWB",Uiterste datum afhandeling EZWB,"TIMESTAMP",False,,,,,,"{/03 BDR_ZWA_PO/DM ZWA.ldm}:/Bedrijfszone ZW-Arbo/Dimensie Zaak Tb/Uiterste datum afhandeling EZWB",Uiterste datum afhandeling EZWB,"TIMESTAMP",False,,,,,,,
Accepted,"{/03 BDR_ZWA_PO/DM ZWA.ldm}:/Bedrijfszone ZW-Arbo/Dimensie Zaak Vw/Nieuwe uiterste datum afhandeling EZWB",Nieuwe uiterste datum afhandeling EZWB,"TIMESTAMP",False,,,,,,"{/03 BDR_ZWA_PO/DM ZWA.ldm}:/Bedrijfszone ZW-Arbo/Dimensie Zaak Tb/Nieuwe uiterste datum afhandeling EZWB",Nieuwe uiterste datum afhandeling EZWB,"TIMESTAMP",False,,,,,,,
Accepted,"{/03 BDR_ZWA_PO/DM ZWA.ldm}:/Bedrijfszone ZW-Arbo/Dimensie Zaak Vw/Datum Ontvangst Hersteldmelding",Datum Ontvangst Hersteldmelding,"TIMESTAMP",False,,,,,,"{/03 BDR_ZWA_PO/DM ZWA.ldm}:/Bedrijfszone ZW-Arbo/Dimensie Zaak Tb/Datum Ontvangst Hersteldmelding",Datum Ontvangst Hersteldmelding,"TIMESTAMP",False,,,,,,,
Accepted,"{/03 BDR_ZWA_PO/DM ZWA.ldm}:/Bedrijfszone ZW-Arbo/Dimensie Zaak Vw/Datum Boeking Hersteldmelding",Datum Boeking Hersteldmelding,"TIMESTAMP",False,,,,,,"{/03 BDR_ZWA_PO/DM ZWA.ldm}:/Bedrijfszone ZW-Arbo/Dimensie Zaak Tb/Datum Boeking Hersteldmelding",Datum Boeking Hersteldmelding,"TIMESTAMP",False,,,,,,,
Accepted,"{/03 BDR_ZWA_PO/DM ZWA.ldm}:/Bedrijfszone ZW-Arbo/Dimensie Zaak Vw/Einddatum AO",Einddatum AO,"TIMESTAMP",False,,,,,,"{/03 BDR_ZWA_PO/DM ZWA.ldm}:/Bedrijfszone ZW-Arbo/Dimensie Zaak Tb/Einddatum AO",Einddatum AO,"TIMESTAMP",False,,,,,,,
Accepted,"{/03 BDR_ZWA_PO/DM ZWA.ldm}:/Bedrijfszone ZW-Arbo/Dimensie Zaak Vw/Code bron hersteldmelding",Code bron hersteldmelding,"VARCHAR(99)",False,,,,,,"{/03 BDR_ZWA_PO/DM ZWA.ldm}:/Bedrijfszone ZW-Arbo/Dimensie Zaak Tb/Code bron hersteldmelding",Code bron hersteldmelding,"VARCHAR(99)",False,,,,,,,
Accepted,"{/03 BDR_ZWA_PO/DM ZWA.ldm}:/Bedrijfszone ZW-Arbo/Dimensie Zaak Vw/Bron hersteldmelding",Bron hersteldmelding,"VARCHAR(99)",False,,,,,,"{/03 BDR_ZWA_PO/DM ZWA.ldm}:/Bedrijfszone ZW-Arbo/Dimensie Zaak Tb/Bron hersteldmelding",Bron hersteldmelding,"VARCHAR(99)",False,,,,,,,
Accepted,"{/03 BDR_ZWA_PO/DM ZWA.ldm}:/Bedrijfszone ZW-Arbo/Dimensie Zaak Vw/Code uitstroomoorzaak",Code uitstroomoorzaak,"VARCHAR(99)",False,,,,,,"{/03 BDR_ZWA_PO/DM ZWA.ldm}:/Bedrijfszone ZW-Arbo/Dimensie Zaak Tb/Code uitstroomoorzaak",Code uitstroomoorzaak,"VARCHAR(99)",False,,,,,,,
Accepted,"{/03 BDR_ZWA_PO/DM ZWA.ldm}:/Bedrijfszone ZW-Arbo/Dimensie Zaak Vw/Uitstroomoorzaak",Uitstroomoorzaak,"VARCHAR(99)",False,,,,,,"{/03 BDR_ZWA_PO/DM ZWA.ldm}:/Bedrijfszone ZW-Arbo/Dimensie Zaak Tb/Uitstroomoorzaak",Uitstroomoorzaak,"VARCHAR(99)",False,,,,,,,
Accepted,"{/03 BDR_ZWA_PO/DM ZWA.ldm}:/Bedrijfszone ZW-Arbo/Dimensie Zaak Vw/Indicatie slapend",Indicatie slapend,"VARCHAR(9)",False,,,,,,"{/03 BDR_ZWA_PO/DM ZWA.ldm}:/Bedrijfszone ZW-Arbo/Dimensie Zaak Tb/Indicatie slapend",Indicatie slapend,"VARCHAR(9)",False,,,,,,,
Accepted,"{/03 BDR_ZWA_PO/DM ZWA.ldm}:/Bedrijfszone ZW-Arbo/Dimensie Zaak Vw/Indicatie eigen risico drager",Indicatie eigen risico drager,"VARCHAR(9)",False,,,,,,"{/03 BDR_ZWA_PO/DM ZWA.ldm}:/Bedrijfszone ZW-Arbo/Dimensie Zaak Tb/Indicatie eigen risico drager",Indicatie eigen risico drager,"VARCHAR(9)",False,,,,,,,
Accepted,"{/03 BDR_ZWA_PO/DM ZWA.ldm}:/Bedrijfszone ZW-Arbo/Dimensie Zaak Vw/Indicatie Plausibel",Indicatie Plausibel,"VARCHAR(9)",False,,,,,,"{/03 BDR_ZWA_PO/DM ZWA.ldm}:/Bedrijfszone ZW-Arbo/Dimensie Zaak Tb/Indicatie Plausibel",Indicatie Plausibel,"VARCHAR(9)",False,,,,,,"msl_mapping_documentation - 30-06-2023 NIEUW: attribuut 'Indicatie plausibel' toegevoegd",
Accepted,"{/03 BDR_ZWA_PO/DM ZWA.ldm}:/Bedrijfszone ZW-Arbo/Dimensie Zaak Vw/1e of 2e lijn",1e of 2e lijn,"VARCHAR(99)",True,,,,,,"{/03 BDR_ZWA_PO/DM ZWA.ldm}:/Bedrijfszone ZW-Arbo/Dimensie Zaak Tb/1e of 2e lijn",1e of 2e lijn,"VARCHAR(99)",True,,,,,,,
Accepted,"{/03 BDR_ZWA_PO/DM ZWA.ldm}:/Bedrijfszone ZW-Arbo/Dimensie Zaak Vw/Indicatie GDBM",Indicatie GDBM,"VARCHAR(9)",False,"Geen Duurzaam Benutbare Mogelijkheden",,,,,"{/03 BDR_ZWA_PO/DM ZWA.ldm}:/Bedrijfszone ZW-Arbo/Dimensie Zaak Tb/Indicatie GDBM",Indicatie GDBM,"VARCHAR(9)",False,"Geen Duurzaam Benutbare Mogelijkheden",,,,,,
Accepted,"{/03 BDR_ZWA_PO/DM ZWA.ldm}:/Bedrijfszone ZW-Arbo/Dimensie Zaak Vw/Code vangnetcategorie IMF",Code vangnetcategorie IMF,"VARCHAR(99)",False,,,,,,"{/03 BDR_ZWA_PO/DM ZWA.ldm}:/Bedrijfszone ZW-Arbo/Dimensie Zaak Tb/Code vangnetcategorie IMF",Code vangnetcategorie IMF,"VARCHAR(99)",False,,,,,,,
Accepted,"{/03 BDR_ZWA_PO/DM ZWA.ldm}:/Bedrijfszone ZW-Arbo/Dimensie Zaak Vw/Vangnetcategorie IMF",Vangnetcategorie IMF,"VARCHAR(99)",False,,,,,,"{/03 BDR_ZWA_PO/DM ZWA.ldm}:/Bedrijfszone ZW-Arbo/Dimensie Zaak Tb/Vangnetcategorie IMF",Vangnetcategorie IMF,"VARCHAR(99)",False,,,,,,,
Accepted,"{/03 BDR_ZWA_PO/DM ZWA.ldm}:/Bedrijfszone ZW-Arbo/Dimensie Zaak Vw/Code Vangnetcategorie BB",Code Vangnetcategorie BB,"VARCHAR(99)",False,,,,,,"{/03 BDR_ZWA_PO/DM ZWA.ldm}:/Bedrijfszone ZW-Arbo/Dimensie Zaak Tb/Code Vangnetcategorie BB",Code Vangnetcategorie BB,"VARCHAR(99)",False,,,,,,,
Accepted,"{/03 BDR_ZWA_PO/DM ZWA.ldm}:/Bedrijfszone ZW-Arbo/Dimensie Zaak Vw/Vangnetcategorie BB",Vangnetcategorie BB,"VARCHAR(99)",False,,,,,,"{/03 BDR_ZWA_PO/DM ZWA.ldm}:/Bedrijfszone ZW-Arbo/Dimensie Zaak Tb/Vangnetcategorie BB",Vangnetcategorie BB,"VARCHAR(99)",False,,,,,,,
Accepted,"{/03 BDR_ZWA_PO/DM ZWA.ldm}:/Bedrijfszone ZW-Arbo/Dimensie Zaak Vw/Code vangnetcategorie SZW",Code vangnetcategorie SZW,"VARCHAR(99)",False,,,,,,"{/03 BDR_ZWA_PO/DM ZWA.ldm}:/Bedrijfszone ZW-Arbo/Dimensie Zaak Tb/Code vangnetcategorie SZW",Code vangnetcategorie SZW,"VARCHAR(99)",False,,,,,,,
Accepted,"{/03 BDR_ZWA_PO/DM ZWA.ldm}:/Bedrijfszone ZW-Arbo/Dimensie Zaak Vw/Vangnetcategorie SZW",Vangnetcategorie SZW,"VARCHAR(99)",False,,,,,,"{/03 BDR_ZWA_PO/DM ZWA.ldm}:/Bedrijfszone ZW-Arbo/Dimensie Zaak Tb/Vangnetcategorie SZW",Vangnetcategorie SZW,"VARCHAR(99)",False,,,,,,,
Accepted,"{/03 BDR_ZWA_PO/DM ZWA.ldm}:/Bedrijfszone ZW-Arbo/Dimensie Zaak Vw/Code AG Traject",Code AG Traject,"VARCHAR(99)",False,,,,,,"{/03 BDR_ZWA_PO/DM ZWA.ldm}:/Bedrijfszone ZW-Arbo/Dimensie Zaak Tb/Code AG Traject",Code AG Traject,"VARCHAR(99)",False,,,,,,,
Accepted,"{/03 BDR_ZWA_PO/DM ZWA.ldm}:/Bedrijfszone ZW-Arbo/Dimensie Zaak Vw/AG Traject",AG Traject,"VARCHAR(99)",False,,,,,,"{/03 BDR_ZWA_PO/DM ZWA.ldm}:/Bedrijfszone ZW-Arbo/Dimensie Zaak Tb/AG Traject",AG Traject,"VARCHAR(99)",False,,,,,,,
Accepted,"{/03 BDR_ZWA_PO/DM ZWA.ldm}:/Bedrijfszone ZW-Arbo/Dimensie Zaak Vw/Code Reden Einde Recht",Code Reden Einde Recht,"VARCHAR(9)",False,,,,,,"{/03 BDR_ZWA_PO/DM ZWA.ldm}:/Bedrijfszone ZW-Arbo/Dimensie Zaak Tb/Code Reden Einde Recht",Code Reden Einde Recht,"VARCHAR(9)",False,,,,,,,
Accepted,"{/03 BDR_ZWA_PO/DM ZWA.ldm}:/Bedrijfszone ZW-Arbo/Dimensie Zaak Vw/Reden Einde Recht",Reden Einde Recht,"VARCHAR(9)",False,,,,,,"{/03 BDR_ZWA_PO/DM ZWA.ldm}:/Bedrijfszone ZW-Arbo/Dimensie Zaak Tb/Reden Einde Recht",Reden Einde Recht,"VARCHAR(9)",False,,,,,,,
Accepted,"{/03 BDR_ZWA_PO/DM ZWA.ldm}:/Bedrijfszone ZW-Arbo/Dimensie Zaak Vw/Maximum datum ziektewet",Maximum datum ziektewet,"TIMESTAMP",False,"Een eerste contact telt als eerste contact als Persoon aanwezig was en met een UWV-er sprak.",,,,,"{/03 BDR_ZWA_PO/DM ZWA.ldm}:/Bedrijfszone ZW-Arbo/Dimensie Zaak Tb/Maximum datum ziektewet",Maximum datum ziektewet,"TIMESTAMP",False,"Een eerste contact telt als eerste contact als Persoon aanwezig was en met een UWV-er sprak.",,,,,,
Accepted,"{/03 BDR_ZWA_PO/DM ZWA.ldm}:/Bedrijfszone ZW-Arbo/Feit Zaak Uitstroom Vw/DIM_ZAAK_KEY",DIM_ZAAK_KEY,"NUMERIC(38,10)",True,,,,,,"{/03 BDR_ZWA_PO/DM ZWA.ldm}:/Bedrijfszone ZW-Arbo/Feit Zaak Uitstroom Tb/DIM_ZAAK_KEY",DIM_ZAAK_KEY,"NUMERIC(38,10)",True,,,,,,,
Accepted,"{/03 BDR_ZWA_PO/DM ZWA.ldm}:/Bedrijfszone ZW-Arbo/Feit Zaak Uitstroom Vw/Aantal uitstroom",Aantal uitstroom,"NUMERIC(38,10)",False,,,,,,"{/03 BDR_ZWA_PO/DM ZWA.ldm}:/Bedrijfszone ZW-Arbo/Feit Zaak Uitstroom Tb/Aantal uitstroom",Aantal uitstroom,"NUMERIC(38,10)",False,,,,,,,
Accepted,"{/03 BDR_ZWA_PO/DM ZWA.ldm}:/Bedrijfszone ZW-Arbo/Feit Zaak Uitstroom Vw/Verzuimduur",Verzuimduur,"NUMERIC(38,10)",False,,,,,,"{/03 BDR_ZWA_PO/DM ZWA.ldm}:/Bedrijfszone ZW-Arbo/Feit Zaak Uitstroom Tb/Verzuimduur",Verzuimduur,"NUMERIC(38,10)",False,,,,,,,
Accepted,"{/03 BDR_ZWA_PO/DM ZWA.ldm}:/Bedrijfszone ZW-Arbo/Feit Zaak Uitstroom Vw/DIM_DATUM_KEY Rapportageperiode",DIM_DATUM_KEY Rapportageperiode,"NUMERIC(38,10)",True,,,,,,"{/03 BDR_ZWA_PO/DM ZWA.ldm}:/Bedrijfszone ZW-Arbo/Feit Zaak Uitstroom Tb/DIM_DATUM_KEY Rapportageperiode",DIM_DATUM_KEY Rapportageperiode,"NUMERIC(38,10)",True,,,,,,,
Accepted,"{/03 BDR_ZWA_PO/DM ZWA.ldm}:/Bedrijfszone ZW-Arbo/Feit Zaak Uitstroom Vw/DIM_SNAPSHOT_KEY",DIM_SNAPSHOT_KEY,"NUMERIC(38,10)",True,,,,,,"{/03 BDR_ZWA_PO/DM ZWA.ldm}:/Bedrijfszone ZW-Arbo/Feit Zaak Uitstroom Tb/DIM_SNAPSHOT_KEY",DIM_SNAPSHOT_KEY,"NUMERIC(38,10)",True,,,,,,,
Accepted,"{/03 BDR_ZWA_PO/DM ZWA.ldm}:/Bedrijfszone ZW-Arbo/Feit Zaak Uitstroom Vw/DIM_TEAM_KEY_VERANTWOORDELIJK",DIM_TEAM_KEY_VERANTWOORDELIJK,"NUMERIC(38,10)",True,,,,,,"{/03 BDR_ZWA_PO/DM ZWA.ldm}:/Bedrijfszone ZW-Arbo/Feit Zaak Uitstroom Tb/DIM_TEAM_KEY_VERANTWOORDELIJK",DIM_TEAM_KEY_VERANTWOORDELIJK,"NUMERIC(38,10)",True,,,,,,,
Accepted,"{/03 BDR_ZWA_PO/DM ZWA.ldm}:/Bedrijfszone ZW-Arbo/Dimensie TaakInZaak Vw/DIM_TAAKINZAAK_KEY",DIM_TAAKINZAAK_KEY,"NUMERIC(38,10)",True,,,,,,"{/03 BDR_ZWA_PO/DM ZWA.ldm}:/Bedrijfszone ZW-Arbo/Dimensie TaakInZaak Tb/DIM_TAAKINZAAK_KEY",DIM_TAAKINZAAK_KEY,"NUMERIC(38,10)",True,,,,,,,
Accepted,"{/03 BDR_ZWA_PO/DM ZWA.ldm}:/Bedrijfszone ZW-Arbo/Dimensie TaakInZaak Vw/TaakInZaak L HK",TaakInZaak L HK,"VARCHAR(99)",True,,,,,,"{/03 BDR_ZWA_PO/DM ZWA.ldm}:/Bedrijfszone ZW-Arbo/Dimensie TaakInZaak Tb/TaakInZaak L HK",TaakInZaak L HK,"VARCHAR(99)",True,,,,,,,
Accepted,"{/03 BDR_ZWA_PO/DM ZWA.ldm}:/Bedrijfszone ZW-Arbo/Dimensie TaakInZaak Vw/Datum Boeking Activiteit",Datum Boeking Activiteit,"TIMESTAMP",False,,,,,,"{/03 BDR_ZWA_PO/DM ZWA.ldm}:/Bedrijfszone ZW-Arbo/Dimensie TaakInZaak Tb/Datum Boeking Activiteit",Datum Boeking Activiteit,"TIMESTAMP",False,,,,,,,
Accepted,"{/03 BDR_ZWA_PO/DM ZWA.ldm}:/Bedrijfszone ZW-Arbo/Dimensie TaakInZaak Vw/Datum Activiteit Plan",Datum Activiteit Plan,"TIMESTAMP",False,,,,,,"{/03 BDR_ZWA_PO/DM ZWA.ldm}:/Bedrijfszone ZW-Arbo/Dimensie TaakInZaak Tb/Datum Activiteit Plan",Datum Activiteit Plan,"TIMESTAMP",False,,,,,,,
Accepted,"{/03 BDR_ZWA_PO/DM ZWA.ldm}:/Bedrijfszone ZW-Arbo/Dimensie TaakInZaak Vw/Datum Activiteit Realisatie",Datum Activiteit Realisatie,"TIMESTAMP",False,,,,,,"{/03 BDR_ZWA_PO/DM ZWA.ldm}:/Bedrijfszone ZW-Arbo/Dimensie TaakInZaak Tb/Datum Activiteit Realisatie",Datum Activiteit Realisatie,"TIMESTAMP",False,,,,,,,
Accepted,"{/03 BDR_ZWA_PO/DM ZWA.ldm}:/Bedrijfszone ZW-Arbo/Dimensie TaakInZaak Vw/Code Aanleiding Activiteit",Code Aanleiding Activiteit,"VARCHAR(9)",False,,,,,,"{/03 BDR_ZWA_PO/DM ZWA.ldm}:/Bedrijfszone ZW-Arbo/Dimensie TaakInZaak Tb/Code Aanleiding Activiteit",Code Aanleiding Activiteit,"VARCHAR(9)",False,,,,,,,
Accepted,"{/03 BDR_ZWA_PO/DM ZWA.ldm}:/Bedrijfszone ZW-Arbo/Dimensie TaakInZaak Vw/Aanleiding Activiteit",Aanleiding Activiteit,"VARCHAR(99)",False,,,,,,"{/03 BDR_ZWA_PO/DM ZWA.ldm}:/Bedrijfszone ZW-Arbo/Dimensie TaakInZaak Tb/Aanleiding Activiteit",Aanleiding Activiteit,"VARCHAR(99)",False,,,,,,,
Accepted,"{/03 BDR_ZWA_PO/DM ZWA.ldm}:/Bedrijfszone ZW-Arbo/Dimensie TaakInZaak Vw/Datum Oproep",Datum Oproep,"TIMESTAMP",False,,,,,,"{/03 BDR_ZWA_PO/DM ZWA.ldm}:/Bedrijfszone ZW-Arbo/Dimensie TaakInZaak Tb/Datum Oproep",Datum Oproep,"TIMESTAMP",False,,,,,,,
Accepted,"{/03 BDR_ZWA_PO/DM ZWA.ldm}:/Bedrijfszone ZW-Arbo/Dimensie TaakInZaak Vw/Code aanwezigheid persoon",Code aanwezigheid persoon,"VARCHAR(9)",False,,,,,,"{/03 BDR_ZWA_PO/DM ZWA.ldm}:/Bedrijfszone ZW-Arbo/Dimensie TaakInZaak Tb/Code aanwezigheid persoon",Code aanwezigheid persoon,"VARCHAR(9)",False,,,,,,,
Accepted,"{/03 BDR_ZWA_PO/DM ZWA.ldm}:/Bedrijfszone ZW-Arbo/Dimensie TaakInZaak Vw/Aanwezigheid persoon",Aanwezigheid persoon,"VARCHAR(99)",False,,,,,,"{/03 BDR_ZWA_PO/DM ZWA.ldm}:/Bedrijfszone ZW-Arbo/Dimensie TaakInZaak Tb/Aanwezigheid persoon",Aanwezigheid persoon,"VARCHAR(99)",False,,,,,,,
Accepted,"{/03 BDR_ZWA_PO/DM ZWA.ldm}:/Bedrijfszone ZW-Arbo/Dimensie TaakInZaak Vw/Code Functie Medewerker",Code Functie Medewerker,"VARCHAR(9)",False,,,,,,"{/03 BDR_ZWA_PO/DM ZWA.ldm}:/Bedrijfszone ZW-Arbo/Dimensie TaakInZaak Tb/Code Functie Medewerker",Code Functie Medewerker,"VARCHAR(99)",False,,,,,,,
Accepted,"{/03 BDR_ZWA_PO/DM ZWA.ldm}:/Bedrijfszone ZW-Arbo/Dimensie TaakInZaak Vw/Functie Medewerker",Functie Medewerker,"VARCHAR(99)",False,,,,,,"{/03 BDR_ZWA_PO/DM ZWA.ldm}:/Bedrijfszone ZW-Arbo/Dimensie TaakInZaak Tb/Functie Medewerker",Functie Medewerker,"VARCHAR(99)",False,,,,,,,
Accepted,"{/03 BDR_ZWA_PO/DM ZWA.ldm}:/Bedrijfszone ZW-Arbo/Dimensie TaakInZaak Vw/Code Status Activiteit",Code Status Activiteit,"VARCHAR(9)",False,,,,,,"{/03 BDR_ZWA_PO/DM ZWA.ldm}:/Bedrijfszone ZW-Arbo/Dimensie TaakInZaak Tb/Code Status Activiteit",Code Status Activiteit,"VARCHAR(9)",False,,,,,,,
Accepted,"{/03 BDR_ZWA_PO/DM ZWA.ldm}:/Bedrijfszone ZW-Arbo/Dimensie TaakInZaak Vw/Status Activiteit",Status Activiteit,"VARCHAR(99)",False,,,,,,"{/03 BDR_ZWA_PO/DM ZWA.ldm}:/Bedrijfszone ZW-Arbo/Dimensie TaakInZaak Tb/Status Activiteit",Status Activiteit,"VARCHAR(99)",False,,,,,,,
Accepted,"{/03 BDR_ZWA_PO/DM ZWA.ldm}:/Bedrijfszone ZW-Arbo/Dimensie TaakInZaak Vw/Code Conclusie Activiteit",Code Conclusie Activiteit,"VARCHAR(9)",False,,,,,,"{/03 BDR_ZWA_PO/DM ZWA.ldm}:/Bedrijfszone ZW-Arbo/Dimensie TaakInZaak Tb/Code Conclusie Activiteit",Code Conclusie Activiteit,"VARCHAR(9)",False,,,,,,,
Accepted,"{/03 BDR_ZWA_PO/DM ZWA.ldm}:/Bedrijfszone ZW-Arbo/Dimensie TaakInZaak Vw/Conclusie Activiteit",Conclusie Activiteit,"VARCHAR(99)",False,,,,,,"{/03 BDR_ZWA_PO/DM ZWA.ldm}:/Bedrijfszone ZW-Arbo/Dimensie TaakInZaak Tb/Conclusie Activiteit",Conclusie Activiteit,"VARCHAR(99)",False,,,,,,,
Accepted,"{/03 BDR_ZWA_PO/DM ZWA.ldm}:/Bedrijfszone ZW-Arbo/Dimensie TaakInZaak Vw/Naam medewerker",Naam medewerker,"VARCHAR(99)",False,,,,,,"{/03 BDR_ZWA_PO/DM ZWA.ldm}:/Bedrijfszone ZW-Arbo/Dimensie TaakInZaak Tb/Naam medewerker",Naam medewerker,"VARCHAR(99)",False,,,,,,,
Accepted,"{/03 BDR_ZWA_PO/DM ZWA.ldm}:/Bedrijfszone ZW-Arbo/Dimensie TaakInZaak Vw/Datum Initiele Boeking Activiteit",Datum Initiele Boeking Activiteit,"TIMESTAMP",False,,,,,,"{/03 BDR_ZWA_PO/DM ZWA.ldm}:/Bedrijfszone ZW-Arbo/Dimensie TaakInZaak Tb/Datum Initiele Boeking Activiteit",Datum Initiele Boeking Activiteit,"TIMESTAMP",False,,,,,,,
Accepted,"{/03 BDR_ZWA_PO/DM ZWA.ldm}:/Bedrijfszone ZW-Arbo/Feit Taak in Zaak Input Vw/DIM_DATUM_KEY Rapportageperiode",DIM_DATUM_KEY Rapportageperiode,"NUMERIC(38,10)",True,,,,,,"{/03 BDR_ZWA_PO/DM ZWA.ldm}:/Bedrijfszone ZW-Arbo/Feit Taak in Zaak Input Tb/DIM_DATUM_KEY Rapportageperiode",DIM_DATUM_KEY Rapportageperiode,"NUMERIC(38,10)",True,,,,,,,
Accepted,"{/03 BDR_ZWA_PO/DM ZWA.ldm}:/Bedrijfszone ZW-Arbo/Feit Taak in Zaak Input Vw/DIM_SNAPSHOT_KEY",DIM_SNAPSHOT_KEY,"NUMERIC(38,10)",True,,,,,,"{/03 BDR_ZWA_PO/DM ZWA.ldm}:/Bedrijfszone ZW-Arbo/Feit Taak in Zaak Input Tb/DIM_SNAPSHOT_KEY",DIM_SNAPSHOT_KEY,"NUMERIC(38,10)",True,,,,,,,
Accepted,"{/03 BDR_ZWA_PO/DM ZWA.ldm}:/Bedrijfszone ZW-Arbo/Feit Taak in Zaak Input Vw/DIM_ZAAK_KEY",DIM_ZAAK_KEY,"NUMERIC(38,10)",True,,,,,,"{/03 BDR_ZWA_PO/DM ZWA.ldm}:/Bedrijfszone ZW-Arbo/Feit Taak in Zaak Input Tb/DIM_ZAAK_KEY",DIM_ZAAK_KEY,"NUMERIC(38,10)",True,,,,,,,
Accepted,"{/03 BDR_ZWA_PO/DM ZWA.ldm}:/Bedrijfszone ZW-Arbo/Feit Taak in Zaak Input Vw/DIM_TAAKINZAAK_KEY",DIM_TAAKINZAAK_KEY,"NUMERIC(38,10)",True,,,,,,"{/03 BDR_ZWA_PO/DM ZWA.ldm}:/Bedrijfszone ZW-Arbo/Feit Taak in Zaak Input Tb/DIM_TAAKINZAAK_KEY",DIM_TAAKINZAAK_KEY,"NUMERIC(38,10)",True,,,,,,,
Accepted,"{/03 BDR_ZWA_PO/DM ZWA.ldm}:/Bedrijfszone ZW-Arbo/Feit Taak in Zaak Input Vw/DIM_TAAK_KEY",DIM_TAAK_KEY,"NUMERIC(38,10)",True,,,,,,"{/03 BDR_ZWA_PO/DM ZWA.ldm}:/Bedrijfszone ZW-Arbo/Feit Taak in Zaak Input Tb/DIM_TAAK_KEY",DIM_TAAK_KEY,"NUMERIC(38,10)",True,,,,,,,
Accepted,"{/03 BDR_ZWA_PO/DM ZWA.ldm}:/Bedrijfszone ZW-Arbo/Feit Taak in Zaak Input Vw/Aantal Input",Aantal Input,"NUMERIC(38,10)",False,,,,,,"{/03 BDR_ZWA_PO/DM ZWA.ldm}:/Bedrijfszone ZW-Arbo/Feit Taak in Zaak Input Tb/Aantal Input",Aantal Input,"NUMERIC(38,10)",False,,,,,,,
Accepted,"{/03 BDR_ZWA_PO/DM ZWA.ldm}:/Bedrijfszone ZW-Arbo/Feit Taak in Zaak Input Vw/DIM_TEAM_KEY_VERANTWOORDELIJK",DIM_TEAM_KEY_VERANTWOORDELIJK,"NUMERIC(38,10)",True,,,,,,"{/03 BDR_ZWA_PO/DM ZWA.ldm}:/Bedrijfszone ZW-Arbo/Feit Taak in Zaak Input Tb/DIM_TEAM_KEY_VERANTWOORDELIJK",DIM_TEAM_KEY_VERANTWOORDELIJK,"NUMERIC(38,10)",True,,,,,,,
Accepted,"{/03 BDR_ZWA_PO/DM ZWA.ldm}:/Bedrijfszone ZW-Arbo/Feit Taak in Zaak Input Vw/DIM_TEAM_KEY_TAAK",DIM_TEAM_KEY_TAAK,"NUMERIC(38,10)",True,,,,,,"{/03 BDR_ZWA_PO/DM ZWA.ldm}:/Bedrijfszone ZW-Arbo/Feit Taak in Zaak Input Tb/DIM_TEAM_KEY_TAAK",DIM_TEAM_KEY_TAAK,"NUMERIC(38,10)",True,,,,,,,
Accepted,"{/03 BDR_ZWA_PO/DM ZWA.ldm}:/Bedrijfszone ZW-Arbo/Feit Taak in Zaak Output Vw/DIM_TAAKINZAAK_KEY",DIM_TAAKINZAAK_KEY,"NUMERIC(38,10)",True,,,,,,"{/03 BDR_ZWA_PO/DM ZWA.ldm}:/Bedrijfszone ZW-Arbo/Feit Taak in Zaak Output Tb/DIM_TAAKINZAAK_KEY",DIM_TAAKINZAAK_KEY,"NUMERIC(38,10)",True,,,,,,,
Accepted,"{/03 BDR_ZWA_PO/DM ZWA.ldm}:/Bedrijfszone ZW-Arbo/Feit Taak in Zaak Output Vw/DIM_DATUM_KEY Rapportageperiode",DIM_DATUM_KEY Rapportageperiode,"NUMERIC(38,10)",True,,,,,,"{/03 BDR_ZWA_PO/DM ZWA.ldm}:/Bedrijfszone ZW-Arbo/Feit Taak in Zaak Output Tb/DIM_DATUM_KEY Rapportageperiode",DIM_DATUM_KEY Rapportageperiode,"NUMERIC(38,10)",True,,,,,,,
Accepted,"{/03 BDR_ZWA_PO/DM ZWA.ldm}:/Bedrijfszone ZW-Arbo/Feit Taak in Zaak Output Vw/Aantal Output",Aantal Output,"NUMERIC(38,10)",False,,,,,,"{/03 BDR_ZWA_PO/DM ZWA.ldm}:/Bedrijfszone ZW-Arbo/Feit Taak in Zaak Output Tb/Aantal Output",Aantal Output,"NUMERIC(38,10)",False,,,,,,,
Accepted,"{/03 BDR_ZWA_PO/DM ZWA.ldm}:/Bedrijfszone ZW-Arbo/Feit Taak in Zaak Output Vw/DIM_ZAAK_KEY",DIM_ZAAK_KEY,"NUMERIC(38,10)",True,,,,,,"{/03 BDR_ZWA_PO/DM ZWA.ldm}:/Bedrijfszone ZW-Arbo/Feit Taak in Zaak Output Tb/DIM_ZAAK_KEY",DIM_ZAAK_KEY,"NUMERIC(38,10)",True,,,,,,,
Accepted,"{/03 BDR_ZWA_PO/DM ZWA.ldm}:/Bedrijfszone ZW-Arbo/Feit Taak in Zaak Output Vw/DIM_TAAK_KEY",DIM_TAAK_KEY,"NUMERIC(38,10)",True,,,,,,"{/03 BDR_ZWA_PO/DM ZWA.ldm}:/Bedrijfszone ZW-Arbo/Feit Taak in Zaak Output Tb/DIM_TAAK_KEY",DIM_TAAK_KEY,"NUMERIC(38,10)",True,,,,,,,
Accepted,"{/03 BDR_ZWA_PO/DM ZWA.ldm}:/Bedrijfszone ZW-Arbo/Feit Taak in Zaak Output Vw/DIM_SNAPSHOT_KEY",DIM_SNAPSHOT_KEY,"NUMERIC(38,10)",True,,,,,,"{/03 BDR_ZWA_PO/DM ZWA.ldm}:/Bedrijfszone ZW-Arbo/Feit Taak in Zaak Output Tb/DIM_SNAPSHOT_KEY",DIM_SNAPSHOT_KEY,"NUMERIC(38,10)",True,,,,,,,
Accepted,"{/03 BDR_ZWA_PO/DM ZWA.ldm}:/Bedrijfszone ZW-Arbo/Feit Taak in Zaak Output Vw/DIM_TEAM_KEY_VERANTWOORDELIJK",DIM_TEAM_KEY_VERANTWOORDELIJK,"NUMERIC(38,10)",True,,,,,,"{/03 BDR_ZWA_PO/DM ZWA.ldm}:/Bedrijfszone ZW-Arbo/Feit Taak in Zaak Output Tb/DIM_TEAM_KEY_VERANTWOORDELIJK",DIM_TEAM_KEY_VERANTWOORDELIJK,"NUMERIC(38,10)",True,,,,,,,
Accepted,"{/03 BDR_ZWA_PO/DM ZWA.ldm}:/Bedrijfszone ZW-Arbo/Feit Taak in Zaak Output Vw/DIM_TEAM_KEY_TAAK",DIM_TEAM_KEY_TAAK,"NUMERIC(38,10)",True,,,,,,"{/03 BDR_ZWA_PO/DM ZWA.ldm}:/Bedrijfszone ZW-Arbo/Feit Taak in Zaak Output Tb/DIM_TEAM_KEY_TAAK",DIM_TEAM_KEY_TAAK,"NUMERIC(38,10)",True,,,,,,,
Accepted,"{/03 BDR_ZWA_PO/DM ZWA.ldm}:/Bedrijfszone ZW-Arbo/Dimensie Taak Vw/DIM_TAAK_KEY",DIM_TAAK_KEY,"NUMERIC(38,10)",True,,,,,,"{/03 BDR_ZWA_PO/DM ZWA.ldm}:/Bedrijfszone ZW-Arbo/Dimensie Taak Tb/DIM_TAAK_KEY",DIM_TAAK_KEY,"NUMERIC(38,10)",True,,,,,,,
Accepted,"{/03 BDR_ZWA_PO/DM ZWA.ldm}:/Bedrijfszone ZW-Arbo/Dimensie Taak Vw/Taak Hashkey",Taak Hashkey,"VARCHAR(99)",True,"Dit attribuut is nodig om vanuit het Feit eenvoudig de juiste dim-key te kunnen opzoeken. Laat dit attribuut niet zien in het gegevensvenster.",,,,,"{/03 BDR_ZWA_PO/DM ZWA.ldm}:/Bedrijfszone ZW-Arbo/Dimensie Taak Tb/Taak Hashkey",Taak Hashkey,"VARCHAR(99)",True,"Dit attribuut is nodig om vanuit het Feit eenvoudig de juiste dim-key te kunnen opzoeken. Laat dit attribuut niet zien in het gegevensvenster.",,,,,,
Accepted,"{/03 BDR_ZWA_PO/DM ZWA.ldm}:/Bedrijfszone ZW-Arbo/Dimensie Taak Vw/Taakcode",Taakcode,"VARCHAR(99)",False,,,,,,"{/03 BDR_ZWA_PO/DM ZWA.ldm}:/Bedrijfszone ZW-Arbo/Dimensie Taak Tb/Taakcode",Taakcode,"VARCHAR(99)",False,,,,,,,
Accepted,"{/03 BDR_ZWA_PO/DM ZWA.ldm}:/Bedrijfszone ZW-Arbo/Dimensie Taak Vw/Taak",Taak,"VARCHAR(999)",False,,,,,,"{/03 BDR_ZWA_PO/DM ZWA.ldm}:/Bedrijfszone ZW-Arbo/Dimensie Taak Tb/Taak",Taak,"VARCHAR(999)",False,,,,,,,
Accepted,"{/03 BDR_ZWA_PO/DM ZWA.ldm}:/Bedrijfszone ZW-Arbo/Dimensie ouderdomscategorie voorraad Vw/DIM_OUDERDOMSCATEGORIE_KEY",DIM_OUDERDOMSCATEGORIE_KEY,"NUMERIC(38,10)",True,,,,,,"{/03 BDR_ZWA_PO/DM ZWA.ldm}:/Bedrijfszone ZW-Arbo/Dimensie ouderdomscategorie voorraad Tb/DIM_OUDERDOMSCATEGORIE_KEY",DIM_OUDERDOMSCATEGORIE_KEY,"NUMERIC(38,10)",True,,,,,,,
Accepted,"{/03 BDR_ZWA_PO/DM ZWA.ldm}:/Bedrijfszone ZW-Arbo/Dimensie ouderdomscategorie voorraad Vw/Ouderdomscategorie",Ouderdomscategorie,"VARCHAR(99)",False,,,,,,"{/03 BDR_ZWA_PO/DM ZWA.ldm}:/Bedrijfszone ZW-Arbo/Dimensie ouderdomscategorie voorraad Tb/Ouderdomscategorie",Ouderdomscategorie,"VARCHAR(99)",False,,,,,,,
Accepted,"{/03 BDR_ZWA_PO/DM ZWA.ldm}:/Bedrijfszone ZW-Arbo/Dimensie ouderdomscategorie voorraad Vw/Ouderdom vanaf",Ouderdom vanaf,"NUMERIC(38,10)",False,,,,,,"{/03 BDR_ZWA_PO/DM ZWA.ldm}:/Bedrijfszone ZW-Arbo/Dimensie ouderdomscategorie voorraad Tb/Ouderdom vanaf",Ouderdom vanaf,"NUMERIC(38,10)",False,,,,,,,
Accepted,"{/03 BDR_ZWA_PO/DM ZWA.ldm}:/Bedrijfszone ZW-Arbo/Dimensie ouderdomscategorie voorraad Vw/Ouderdom tm",Ouderdom tm,"NUMERIC(38,10)",False,,,,,,"{/03 BDR_ZWA_PO/DM ZWA.ldm}:/Bedrijfszone ZW-Arbo/Dimensie ouderdomscategorie voorraad Tb/Ouderdom tm",Ouderdom tm,"NUMERIC(38,10)",False,,,,,,,
Accepted,"{/03 BDR_ZWA_PO/DM ZWA.ldm}:/Bedrijfszone ZW-Arbo/Feit Taak in Zaak Voorraad Prestage Vw/DIM_DATUM_KEY_ULTIMO_PERIODE",DIM_DATUM_KEY_ULTIMO_PERIODE,"NUMERIC(38,10)",True,,,,,,"{/03 BDR_ZWA_PO/DM ZWA.ldm}:/Bedrijfszone ZW-Arbo/Feit Taak in Zaak Voorraad Stage Tb/DIM_DATUM_KEY_ULTIMO_PERIODE",DIM_DATUM_KEY_ULTIMO_PERIODE,"NUMERIC(38,10)",True,,,,,,,
Accepted,"{/03 BDR_ZWA_PO/DM ZWA.ldm}:/Bedrijfszone ZW-Arbo/Feit Taak in Zaak Voorraad Prestage Vw/DIM_SNAPSHOT_KEY",DIM_SNAPSHOT_KEY,"NUMERIC(38,10)",True,,,,,,"{/03 BDR_ZWA_PO/DM ZWA.ldm}:/Bedrijfszone ZW-Arbo/Feit Taak in Zaak Voorraad Stage Tb/DIM_SNAPSHOT_KEY",DIM_SNAPSHOT_KEY,"NUMERIC(38,10)",True,,,,,,,
Accepted,"{/03 BDR_ZWA_PO/DM ZWA.ldm}:/Bedrijfszone ZW-Arbo/Feit Taak in Zaak Voorraad Prestage Vw/DIM_ZAAK_H_HK",DIM_ZAAK_H_HK,"VARCHAR(99)",True,,,,,,"{/03 BDR_ZWA_PO/DM ZWA.ldm}:/Bedrijfszone ZW-Arbo/Feit Taak in Zaak Voorraad Stage Tb/DIM_ZAAK_H_HK",DIM_ZAAK_H_HK,"VARCHAR(99)",True,,,,,,,
Accepted,"{/03 BDR_ZWA_PO/DM ZWA.ldm}:/Bedrijfszone ZW-Arbo/Feit Taak in Zaak Voorraad Prestage Vw/DIM_TAAKINZAAK_L_HK",DIM_TAAKINZAAK_L_HK,"VARCHAR(99)",True,,,,,,"{/03 BDR_ZWA_PO/DM ZWA.ldm}:/Bedrijfszone ZW-Arbo/Feit Taak in Zaak Voorraad Stage Tb/DIM_TAAKINZAAK_L_HK",DIM_TAAKINZAAK_L_HK,"VARCHAR(99)",True,,,,,,,
Accepted,"{/03 BDR_ZWA_PO/DM ZWA.ldm}:/Bedrijfszone ZW-Arbo/Feit Taak in Zaak Voorraad Prestage Vw/DIM_TAAK_H_HK",DIM_TAAK_H_HK,"VARCHAR(99)",True,,,,,,"{/03 BDR_ZWA_PO/DM ZWA.ldm}:/Bedrijfszone ZW-Arbo/Feit Taak in Zaak Voorraad Stage Tb/DIM_TAAK_H_HK",DIM_TAAK_H_HK,"VARCHAR(99)",True,,,,,,,
Accepted,"{/03 BDR_ZWA_PO/DM ZWA.ldm}:/Bedrijfszone ZW-Arbo/Feit Taak in Zaak Voorraad Prestage Vw/Aantal Voorraad",Aantal Voorraad,"NUMERIC(38,10)",False,,,,,,"{/03 BDR_ZWA_PO/DM ZWA.ldm}:/Bedrijfszone ZW-Arbo/Feit Taak in Zaak Voorraad Stage Tb/Aantal Voorraad",Aantal Voorraad,"NUMERIC(38,10)",False,,,,,,,
Accepted,"{/03 BDR_ZWA_PO/DM ZWA.ldm}:/Bedrijfszone ZW-Arbo/Feit Taak in Zaak Voorraad Prestage Vw/Ouderdom",Ouderdom,"NUMERIC(38,10)",False,,,,,,"{/03 BDR_ZWA_PO/DM ZWA.ldm}:/Bedrijfszone ZW-Arbo/Feit Taak in Zaak Voorraad Stage Tb/Ouderdom",Ouderdom,"NUMERIC(38,10)",False,,,,,,,
Accepted,"{/03 BDR_ZWA_PO/DM ZWA.ldm}:/Bedrijfszone ZW-Arbo/Feit Taak in Zaak Voorraad Prestage Vw/DIM_TEAM_H_HK_VERANTWOORDELIJK",DIM_TEAM_H_HK_VERANTWOORDELIJK,"VARCHAR(99)",True,,,,,,"{/03 BDR_ZWA_PO/DM ZWA.ldm}:/Bedrijfszone ZW-Arbo/Feit Taak in Zaak Voorraad Stage Tb/DIM_TEAM_H_HK_VERANTWOORDELIJK",DIM_TEAM_H_HK_VERANTWOORDELIJK,"VARCHAR(99)",True,,,,,,,
Accepted,"{/03 BDR_ZWA_PO/DM ZWA.ldm}:/Bedrijfszone ZW-Arbo/Feit Taak in Zaak Voorraad Prestage Vw/DIM_TEAM_H_HK_TAAK",DIM_TEAM_H_HK_TAAK,"VARCHAR(99)",True,,,,,,"{/03 BDR_ZWA_PO/DM ZWA.ldm}:/Bedrijfszone ZW-Arbo/Feit Taak in Zaak Voorraad Stage Tb/DIM_TEAM_H_HK_TAAK",DIM_TEAM_H_HK_TAAK,"VARCHAR(99)",True,,,,,,,
Accepted,"{/03 BDR_ZWA_PO/DM ZWA.ldm}:/Bedrijfszone ZW-Arbo/Feit Taak in Zaak Voorraad LKP Vw/DIM_TAAKINZAAK_KEY",DIM_TAAKINZAAK_KEY,"NUMERIC(38,10)",True,,,,,,"{/03 BDR_ZWA_PO/DM ZWA.ldm}:/Bedrijfszone ZW-Arbo/Feit Taak in Zaak Voorraad Tb/DIM_TAAKINZAAK_KEY",DIM_TAAKINZAAK_KEY,"NUMERIC(38,10)",True,,,,,,,
Accepted,"{/03 BDR_ZWA_PO/DM ZWA.ldm}:/Bedrijfszone ZW-Arbo/Feit Taak in Zaak Voorraad LKP Vw/DIM_DATUM_KEY Rapportageperiode",DIM_DATUM_KEY Rapportageperiode,"NUMERIC(38,10)",True,,,,,,"{/03 BDR_ZWA_PO/DM ZWA.ldm}:/Bedrijfszone ZW-Arbo/Feit Taak in Zaak Voorraad Tb/DIM_DATUM_KEY Rapportageperiode",DIM_DATUM_KEY Rapportageperiode,"NUMERIC(38,10)",True,,,,,,,
Accepted,"{/03 BDR_ZWA_PO/DM ZWA.ldm}:/Bedrijfszone ZW-Arbo/Feit Taak in Zaak Voorraad LKP Vw/Aantal Voorraad",Aantal Voorraad,"NUMERIC(38,10)",False,,,,,,"{/03 BDR_ZWA_PO/DM ZWA.ldm}:/Bedrijfszone ZW-Arbo/Feit Taak in Zaak Voorraad Tb/Aantal Voorraad",Aantal Voorraad,"NUMERIC(38,10)",False,,,,,,,
Accepted,"{/03 BDR_ZWA_PO/DM ZWA.ldm}:/Bedrijfszone ZW-Arbo/Feit Taak in Zaak Voorraad LKP Vw/DIM_ZAAK_KEY",DIM_ZAAK_KEY,"NUMERIC(38,10)",True,,,,,,"{/03 BDR_ZWA_PO/DM ZWA.ldm}:/Bedrijfszone ZW-Arbo/Feit Taak in Zaak Voorraad Tb/DIM_ZAAK_KEY",DIM_ZAAK_KEY,"NUMERIC(38,10)",True,,,,,,,
Accepted,"{/03 BDR_ZWA_PO/DM ZWA.ldm}:/Bedrijfszone ZW-Arbo/Feit Taak in Zaak Voorraad LKP Vw/DIM_TAAK_KEY",DIM_TAAK_KEY,"NUMERIC(38,10)",True,,,,,,"{/03 BDR_ZWA_PO/DM ZWA.ldm}:/Bedrijfszone ZW-Arbo/Feit Taak in Zaak Voorraad Tb/DIM_TAAK_KEY",DIM_TAAK_KEY,"NUMERIC(38,10)",True,,,,,,,
Accepted,"{/03 BDR_ZWA_PO/DM ZWA.ldm}:/Bedrijfszone ZW-Arbo/Feit Taak in Zaak Voorraad LKP Vw/DIM_SNAPSHOT_KEY",DIM_SNAPSHOT_KEY,"NUMERIC(38,10)",True,,,,,,"{/03 BDR_ZWA_PO/DM ZWA.ldm}:/Bedrijfszone ZW-Arbo/Feit Taak in Zaak Voorraad Tb/DIM_SNAPSHOT_KEY",DIM_SNAPSHOT_KEY,"NUMERIC(38,10)",True,,,,,,,
Accepted,"{/03 BDR_ZWA_PO/DM ZWA.ldm}:/Bedrijfszone ZW-Arbo/Feit Taak in Zaak Voorraad LKP Vw/DIM_OUDERDOMSCATEGORIE_KEY",DIM_OUDERDOMSCATEGORIE_KEY,"NUMERIC(38,10)",True,,,,,,"{/03 BDR_ZWA_PO/DM ZWA.ldm}:/Bedrijfszone ZW-Arbo/Feit Taak in Zaak Voorraad Tb/DIM_OUDERDOMSCATEGORIE_KEY",DIM_OUDERDOMSCATEGORIE_KEY,"NUMERIC(38,10)",True,,,,,,,
Accepted,"{/03 BDR_ZWA_PO/DM ZWA.ldm}:/Bedrijfszone ZW-Arbo/Feit Taak in Zaak Voorraad LKP Vw/Ouderdom",Ouderdom,"NUMERIC(38,10)",False,,,,,,"{/03 BDR_ZWA_PO/DM ZWA.ldm}:/Bedrijfszone ZW-Arbo/Feit Taak in Zaak Voorraad Tb/Ouderdom",Ouderdom,"NUMERIC(38,10)",False,,,,,,,
Accepted,"{/03 BDR_ZWA_PO/DM ZWA.ldm}:/Bedrijfszone ZW-Arbo/Feit Taak in Zaak Voorraad LKP Vw/DIM_TEAM_KEY_VERANTWOORDELIJK",DIM_TEAM_KEY_VERANTWOORDELIJK,"NUMERIC(38,10)",True,,,,,,"{/03 BDR_ZWA_PO/DM ZWA.ldm}:/Bedrijfszone ZW-Arbo/Feit Taak in Zaak Voorraad Tb/DIM_TEAM_KEY_VERANTWOORDELIJK",DIM_TEAM_KEY_VERANTWOORDELIJK,"NUMERIC(38,10)",True,,,,,,,
Accepted,"{/03 BDR_ZWA_PO/DM ZWA.ldm}:/Bedrijfszone ZW-Arbo/Feit Taak in Zaak Voorraad LKP Vw/DIM_TEAM_KEY_TAAK",DIM_TEAM_KEY_TAAK,"NUMERIC(38,10)",True,,,,,,"{/03 BDR_ZWA_PO/DM ZWA.ldm}:/Bedrijfszone ZW-Arbo/Feit Taak in Zaak Voorraad Tb/DIM_TEAM_KEY_TAAK",DIM_TEAM_KEY_TAAK,"NUMERIC(38,10)",True,,,,,,,
Accepted,"{/03 BDR_ZWA_PO/DM ZWA.ldm}:/Bedrijfszone ZW-Arbo/Feit Zaak voorraad Prestage Vw/DIM_DATUM_KEY Rapportageperiode",DIM_DATUM_KEY Rapportageperiode,"NUMERIC(38,10)",True,,,,,,"{/03 BDR_ZWA_PO/DM ZWA.ldm}:/Bedrijfszone ZW-Arbo/Feit Zaak voorraad Stage Tb/DIM_DATUM_KEY Rapportageperiode",DIM_DATUM_KEY Rapportageperiode,"NUMERIC(38,10)",True,,,,,,,
Accepted,"{/03 BDR_ZWA_PO/DM ZWA.ldm}:/Bedrijfszone ZW-Arbo/Feit Zaak voorraad Prestage Vw/DIM_SNAPSHOT_KEY",DIM_SNAPSHOT_KEY,"NUMERIC(38,10)",True,,,,,,"{/03 BDR_ZWA_PO/DM ZWA.ldm}:/Bedrijfszone ZW-Arbo/Feit Zaak voorraad Stage Tb/DIM_SNAPSHOT_KEY",DIM_SNAPSHOT_KEY,"NUMERIC(38,10)",True,,,,,,,
Accepted,"{/03 BDR_ZWA_PO/DM ZWA.ldm}:/Bedrijfszone ZW-Arbo/Feit Zaak voorraad Prestage Vw/DIM_ZAAK_H_HK",DIM_ZAAK_H_HK,"NUMERIC(38,10)",True,,,,,,"{/03 BDR_ZWA_PO/DM ZWA.ldm}:/Bedrijfszone ZW-Arbo/Feit Zaak voorraad Stage Tb/DIM_ZAAK_H_HK",DIM_ZAAK_H_HK,"VARCHAR(99)",True,,,,,,,
Accepted,"{/03 BDR_ZWA_PO/DM ZWA.ldm}:/Bedrijfszone ZW-Arbo/Feit Zaak voorraad Prestage Vw/Aantal voorraad",Aantal voorraad,"NUMERIC(38,10)",False,,,,,,"{/03 BDR_ZWA_PO/DM ZWA.ldm}:/Bedrijfszone ZW-Arbo/Feit Zaak voorraad Stage Tb/Aantal voorraad",Aantal voorraad,"NUMERIC(38,10)",False,,,,,,,
Accepted,"{/03 BDR_ZWA_PO/DM ZWA.ldm}:/Bedrijfszone ZW-Arbo/Feit Zaak voorraad Prestage Vw/Ouderdom",Ouderdom,"NUMERIC(38,10)",False,,,,,,"{/03 BDR_ZWA_PO/DM ZWA.ldm}:/Bedrijfszone ZW-Arbo/Feit Zaak voorraad Stage Tb/Ouderdom",Ouderdom,"NUMERIC(38,10)",False,,,,,,,
Accepted,"{/03 BDR_ZWA_PO/DM ZWA.ldm}:/Bedrijfszone ZW-Arbo/Feit Zaak voorraad Prestage Vw/Verzuimduur tot rapportagemoment",Verzuimduur tot rapportagemoment,"NUMERIC(38,10)",False,"Verzuimduur op het moment van deze voorraadbepaling. Er is dus nog geen hersteldmelding!",,,,,"{/03 BDR_ZWA_PO/DM ZWA.ldm}:/Bedrijfszone ZW-Arbo/Feit Zaak voorraad Stage Tb/Verzuimduur tot rapportagemoment",Verzuimduur tot rapportagemoment,"NUMERIC(38,10)",False,"Verzuimduur op het moment van deze voorraadbepaling. Er is dus nog geen hersteldmelding!",,,,,,
Accepted,"{/03 BDR_ZWA_PO/DM ZWA.ldm}:/Bedrijfszone ZW-Arbo/Feit Zaak voorraad Prestage Vw/DIM_TEAM_H_HK_VERANTWOORDELIJK",DIM_TEAM_H_HK_VERANTWOORDELIJK,"NUMERIC(38,10)",True,,,,,,"{/03 BDR_ZWA_PO/DM ZWA.ldm}:/Bedrijfszone ZW-Arbo/Feit Zaak voorraad Stage Tb/DIM_TEAM_H_HK_VERANTWOORDELIJK",DIM_TEAM_H_HK_VERANTWOORDELIJK,"VARCHAR(99)",True,,,,,,,
Accepted,"{/03 BDR_ZWA_PO/DM ZWA.ldm}:/Bedrijfszone ZW-Arbo/Feit Zaak voorraad LKP Vw/DIM_DATUM_KEY Rapportageperiode",DIM_DATUM_KEY Rapportageperiode,"NUMERIC(38,10)",True,,,,,,"{/03 BDR_ZWA_PO/DM ZWA.ldm}:/Bedrijfszone ZW-Arbo/Feit Zaak voorraad Tb/DIM_DATUM_KEY Rapportageperiode",DIM_DATUM_KEY Rapportageperiode,"NUMERIC(38,10)",True,,,,,,,
Accepted,"{/03 BDR_ZWA_PO/DM ZWA.ldm}:/Bedrijfszone ZW-Arbo/Feit Zaak voorraad LKP Vw/DIM_SNAPSHOT_KEY",DIM_SNAPSHOT_KEY,"NUMERIC(38,10)",True,,,,,,"{/03 BDR_ZWA_PO/DM ZWA.ldm}:/Bedrijfszone ZW-Arbo/Feit Zaak voorraad Tb/DIM_SNAPSHOT_KEY",DIM_SNAPSHOT_KEY,"NUMERIC(38,10)",True,,,,,,,
Accepted,"{/03 BDR_ZWA_PO/DM ZWA.ldm}:/Bedrijfszone ZW-Arbo/Feit Zaak voorraad LKP Vw/DIM_ZAAK_KEY",DIM_ZAAK_KEY,"NUMERIC(38,10)",True,,,,,,"{/03 BDR_ZWA_PO/DM ZWA.ldm}:/Bedrijfszone ZW-Arbo/Feit Zaak voorraad Tb/DIM_ZAAK_KEY",DIM_ZAAK_KEY,"NUMERIC(38,10)",True,,,,,,,
Accepted,"{/03 BDR_ZWA_PO/DM ZWA.ldm}:/Bedrijfszone ZW-Arbo/Feit Zaak voorraad LKP Vw/DIM_TEAM_KEY_VERANTWOORDELIJK",DIM_TEAM_KEY_VERANTWOORDELIJK,"NUMERIC(38,10)",True,,,,,,"{/03 BDR_ZWA_PO/DM ZWA.ldm}:/Bedrijfszone ZW-Arbo/Feit Zaak voorraad Tb/DIM_TEAM_KEY_VERANTWOORDELIJK",DIM_TEAM_KEY_VERANTWOORDELIJK,"NUMERIC(38,10)",True,,,,,,,
Accepted,"{/03 BDR_ZWA_PO/DM ZWA.ldm}:/Bedrijfszone ZW-Arbo/Feit Zaak voorraad LKP Vw/DIM_OUDERDOMSCATEGORIE_KEY",DIM_OUDERDOMSCATEGORIE_KEY,"NUMERIC(38,10)",True,,,,,,"{/03 BDR_ZWA_PO/DM ZWA.ldm}:/Bedrijfszone ZW-Arbo/Feit Zaak voorraad Tb/DIM_OUDERDOMSCATEGORIE_KEY",DIM_OUDERDOMSCATEGORIE_KEY,"NUMERIC(38,10)",True,,,,,,,
Accepted,"{/03 BDR_ZWA_PO/DM ZWA.ldm}:/Bedrijfszone ZW-Arbo/Feit Zaak voorraad LKP Vw/Aantal voorraad",Aantal voorraad,"NUMERIC(38,10)",False,,,,,,"{/03 BDR_ZWA_PO/DM ZWA.ldm}:/Bedrijfszone ZW-Arbo/Feit Zaak voorraad Tb/Aantal voorraad",Aantal voorraad,"NUMERIC(38,10)",False,,,,,,,
Accepted,"{/03 BDR_ZWA_PO/DM ZWA.ldm}:/Bedrijfszone ZW-Arbo/Feit Zaak voorraad LKP Vw/Ouderdom",Ouderdom,"NUMERIC(38,10)",False,,,,,,"{/03 BDR_ZWA_PO/DM ZWA.ldm}:/Bedrijfszone ZW-Arbo/Feit Zaak voorraad Tb/Ouderdom",Ouderdom,"NUMERIC(38,10)",False,,,,,,,
Accepted,"{/03 BDR_ZWA_PO/DM ZWA.ldm}:/Bedrijfszone ZW-Arbo/Feit Zaak voorraad LKP Vw/Verzuimduur tot rapportagemoment",Verzuimduur tot rapportagemoment,"NUMERIC(38,10)",False,"Verzuimduur op het moment van deze voorraadbepaling. Er is dus nog geen hersteldmelding!",,,,,"{/03 BDR_ZWA_PO/DM ZWA.ldm}:/Bedrijfszone ZW-Arbo/Feit Zaak voorraad Tb/Verzuimduur tot rapportagemoment",Verzuimduur tot rapportagemoment,"NUMERIC(38,10)",False,"Verzuimduur op het moment van deze voorraadbepaling. Er is dus nog geen hersteldmelding!",,,,,,
Accepted,"{/03 BDR_ZWA_PO/DM ZWA.ldm}:/Bedrijfszone ZW-Arbo/Dimensie Natuurlijke persoon Vw/DIM_NATUURLIJKEPERSOON_KEY",DIM_NATUURLIJKEPERSOON_KEY,"NUMERIC(38,10)",True,,,,,,"{/03 BDR_ZWA_PO/DM ZWA.ldm}:/Bedrijfszone ZW-Arbo/Dimensie Natuurlijke persoon Tb/DIM_NATUURLIJKEPERSOON_KEY",DIM_NATUURLIJKEPERSOON_KEY,"NUMERIC(38,10)",True,,,,,,,
Accepted,"{/03 BDR_ZWA_PO/DM ZWA.ldm}:/Bedrijfszone ZW-Arbo/Dimensie Natuurlijke persoon Vw/Natuurlijkepersoon Hashkey",Natuurlijkepersoon Hashkey,"VARCHAR(99)",True,,,,,,"{/03 BDR_ZWA_PO/DM ZWA.ldm}:/Bedrijfszone ZW-Arbo/Dimensie Natuurlijke persoon Tb/Natuurlijkepersoon Hashkey",Natuurlijkepersoon Hashkey,"VARCHAR(99)",True,,,,,,,
Accepted,"{/03 BDR_ZWA_PO/DM ZWA.ldm}:/Bedrijfszone ZW-Arbo/Dimensie Natuurlijke persoon Vw/BSN",BSN,"VARCHAR(99)",True,,,,,,"{/03 BDR_ZWA_PO/DM ZWA.ldm}:/Bedrijfszone ZW-Arbo/Dimensie Natuurlijke persoon Tb/BSN",BSN,"VARCHAR(99)",True,,,,,,,
Accepted,"{/03 BDR_ZWA_PO/DM ZWA.ldm}:/Bedrijfszone ZW-Arbo/Dimensie Natuurlijke persoon Vw/Status Persoon",Status Persoon,"VARCHAR(9)",False,,,,,,"{/03 BDR_ZWA_PO/DM ZWA.ldm}:/Bedrijfszone ZW-Arbo/Dimensie Natuurlijke persoon Tb/Status Persoon",Status Persoon,"VARCHAR(9)",False,,,,,,,
Accepted,"{/03 BDR_ZWA_PO/DM ZWA.ldm}:/Bedrijfszone ZW-Arbo/Dimensie Natuurlijke persoon Vw/Geboortedatum",Geboortedatum,"TIMESTAMP",False,,,,,,"{/03 BDR_ZWA_PO/DM ZWA.ldm}:/Bedrijfszone ZW-Arbo/Dimensie Natuurlijke persoon Tb/Geboortedatum",Geboortedatum,"TIMESTAMP",False,,,,,,,
Accepted,"{/03 BDR_ZWA_PO/DM ZWA.ldm}:/Bedrijfszone ZW-Arbo/Dimensie Natuurlijke persoon Vw/Domicilie Postcode Gebied",Domicilie Postcode Gebied,"VARCHAR(9)",False,,,,,,"{/03 BDR_ZWA_PO/DM ZWA.ldm}:/Bedrijfszone ZW-Arbo/Dimensie Natuurlijke persoon Tb/Domicilie Postcode Gebied",Domicilie Postcode Gebied,"VARCHAR(9)",False,,,,,,,
Accepted,"{/03 BDR_ZWA_PO/DM ZWA.ldm}:/Bedrijfszone ZW-Arbo/Dimensie Natuurlijke persoon Vw/Domicilie Postcode",Domicilie Postcode,"VARCHAR(9)",False,,,,,,"{/03 BDR_ZWA_PO/DM ZWA.ldm}:/Bedrijfszone ZW-Arbo/Dimensie Natuurlijke persoon Tb/Domicilie Postcode",Domicilie Postcode,"VARCHAR(9)",False,,,,,,,
Accepted,"{/03 BDR_ZWA_PO/DM ZWA.ldm}:/Bedrijfszone ZW-Arbo/Dimensie Natuurlijke persoon Vw/Verpleeg Adres Land Nr",Verpleeg Adres Land Nr,"VARCHAR(9)",False,,,,,,"{/03 BDR_ZWA_PO/DM ZWA.ldm}:/Bedrijfszone ZW-Arbo/Dimensie Natuurlijke persoon Tb/Verpleeg Adres Land Nr",Verpleeg Adres Land Nr,"VARCHAR(9)",False,,,,,,,
Accepted,"{/03 BDR_ZWA_PO/DM ZWA.ldm}:/Bedrijfszone ZW-Arbo/Dimensie Natuurlijke persoon Vw/Verpleeg Adres Postcode",Verpleeg Adres Postcode,"VARCHAR(9)",False,,,,,,"{/03 BDR_ZWA_PO/DM ZWA.ldm}:/Bedrijfszone ZW-Arbo/Dimensie Natuurlijke persoon Tb/Verpleeg Adres Postcode",Verpleeg Adres Postcode,"VARCHAR(9)",False,,,,,,,
Accepted,"{/03 BDR_ZWA_PO/DM ZWA.ldm}:/Bedrijfszone ZW-Arbo/Dimensie Natuurlijke persoon Vw/Verpleeg Adres Postcode Gebied",Verpleeg Adres Postcode Gebied,"VARCHAR(9)",False,,,,,,"{/03 BDR_ZWA_PO/DM ZWA.ldm}:/Bedrijfszone ZW-Arbo/Dimensie Natuurlijke persoon Tb/Verpleeg Adres Postcode Gebied",Verpleeg Adres Postcode Gebied,"VARCHAR(9)",False,,,,,,,
Accepted,"{/03 BDR_ZWA_PO/DM ZWA.ldm}:/Bedrijfszone ZW-Arbo/Dimensie Natuurlijke persoon Vw/Verpleeg Adres Land",Verpleeg Adres Land,"VARCHAR(99)",False,,,,,,"{/03 BDR_ZWA_PO/DM ZWA.ldm}:/Bedrijfszone ZW-Arbo/Dimensie Natuurlijke persoon Tb/Verpleeg Adres Land",Verpleeg Adres Land,"VARCHAR(99)",False,,,,,,,
Accepted,"{/03 BDR_ZWA_PO/DM ZWA.ldm}:/Bedrijfszone ZW-Arbo/Dimensie Natuurlijke persoon Vw/Verpleeg Instelling Code",Verpleeg Instelling Code,"VARCHAR(9)",False,,,,,,"{/03 BDR_ZWA_PO/DM ZWA.ldm}:/Bedrijfszone ZW-Arbo/Dimensie Natuurlijke persoon Tb/Verpleeg Instelling Code",Verpleeg Instelling Code,"VARCHAR(9)",False,,,,,,,
Accepted,"{/03 BDR_ZWA_PO/DM ZWA.ldm}:/Bedrijfszone ZW-Arbo/Dimensie Natuurlijke persoon Vw/Verpleeg Instelling",Verpleeg Instelling,"VARCHAR(99)",False,,,,,,"{/03 BDR_ZWA_PO/DM ZWA.ldm}:/Bedrijfszone ZW-Arbo/Dimensie Natuurlijke persoon Tb/Verpleeg Instelling",Verpleeg Instelling,"VARCHAR(99)",False,,,,,,,
Accepted,"{/03 BDR_ZWA_PO/DM ZWA.ldm}:/Bedrijfszone ZW-Arbo/Feit Zaak Instroom Vw/DIM_DATUM_KEY Rapportageperiode",DIM_DATUM_KEY Rapportageperiode,"NUMERIC(38,10)",True,,,,,,"{/03 BDR_ZWA_PO/DM ZWA.ldm}:/Bedrijfszone ZW-Arbo/Feit Zaak Instroom Tb/DIM_DATUM_KEY Rapportageperiode",DIM_DATUM_KEY Rapportageperiode,"NUMERIC(38,10)",True,,,,,,,
Accepted,"{/03 BDR_ZWA_PO/DM ZWA.ldm}:/Bedrijfszone ZW-Arbo/Feit Zaak Instroom Vw/DIM_SNAPSHOT_KEY",DIM_SNAPSHOT_KEY,"NUMERIC(38,10)",True,,,,,,"{/03 BDR_ZWA_PO/DM ZWA.ldm}:/Bedrijfszone ZW-Arbo/Feit Zaak Instroom Tb/DIM_SNAPSHOT_KEY",DIM_SNAPSHOT_KEY,"NUMERIC(38,10)",True,,,,,,,
Accepted,"{/03 BDR_ZWA_PO/DM ZWA.ldm}:/Bedrijfszone ZW-Arbo/Feit Zaak Instroom Vw/DIM_ZAAK_KEY",DIM_ZAAK_KEY,"NUMERIC(38,10)",True,,,,,,"{/03 BDR_ZWA_PO/DM ZWA.ldm}:/Bedrijfszone ZW-Arbo/Feit Zaak Instroom Tb/DIM_ZAAK_KEY",DIM_ZAAK_KEY,"NUMERIC(38,10)",True,,,,,,,
Accepted,"{/03 BDR_ZWA_PO/DM ZWA.ldm}:/Bedrijfszone ZW-Arbo/Feit Zaak Instroom Vw/DIM_TEAM_KEY_VERANTWOORDELIJK",DIM_TEAM_KEY_VERANTWOORDELIJK,"NUMERIC(38,10)",True,,,,,,"{/03 BDR_ZWA_PO/DM ZWA.ldm}:/Bedrijfszone ZW-Arbo/Feit Zaak Instroom Tb/DIM_TEAM_KEY_VERANTWOORDELIJK",DIM_TEAM_KEY_VERANTWOORDELIJK,"NUMERIC(38,10)",True,,,,,,,
Accepted,"{/03 BDR_ZWA_PO/DM ZWA.ldm}:/Bedrijfszone ZW-Arbo/Feit Zaak Instroom Vw/Aantal instroom",Aantal instroom,"NUMERIC(38,10)",False,,,,,,"{/03 BDR_ZWA_PO/DM ZWA.ldm}:/Bedrijfszone ZW-Arbo/Feit Zaak Instroom Tb/Aantal instroom",Aantal instroom,"NUMERIC(38,10)",False,,,,,,,
Accepted,"{/03 BDR_ZWA_PO/DM ZWA.ldm}:/Bedrijfszone ZW-Arbo/Feit Zaak Instroom Vw/Verzuimduur",Verzuimduur,"NUMERIC(38,10)",False,,,,,,"{/03 BDR_ZWA_PO/DM ZWA.ldm}:/Bedrijfszone ZW-Arbo/Feit Zaak Instroom Tb/Verzuimduur",Verzuimduur,"NUMERIC(38,10)",False,,,,,,,
Accepted,"{/03 BDR_ZWA_PO/DM ZWA.ldm}:/Bedrijfszone ZW-Arbo/Feit Zaak Instroom Vw/Verzuimduur tot rapportagemoment",Verzuimduur tot rapportagemoment,"NUMERIC(38,10)",False,"Verzuimduur op het moment van deze voorraadbepaling. Er is dus nog geen hersteldmelding!",,,,,"{/03 BDR_ZWA_PO/DM ZWA.ldm}:/Bedrijfszone ZW-Arbo/Feit Zaak Instroom Tb/Verzuimduur tot rapportagemoment",Verzuimduur tot rapportagemoment,"NUMERIC(38,10)",False,"Verzuimduur op het moment van deze voorraadbepaling. Er is dus nog geen hersteldmelding!",,,,,,
