Mapping Status,Source Location,Source Name,Source Data Type,Source Required,Source Documentation,Source Table Name,Source Schema,Source Primary Key,Source Annotations,Target Location,Target Name,Target Data Type,Target Required,Target Documentation,Target Table Name,Target Schema,Target Primary Key,Target Annotations,Mapping Annotation,Transformation Expression
Accepted,"{/04 META/ZWA_META.ldm}:/META/Stg Meta Mapping Tb/Dbattribuut Dbattribuut L HK",Dbattribuut Dbattribuut L HK,"VARCHAR(99)",True,,,,,,"{/04 META/ZWA_META.ldm}:/META/DV Dbattribuut Dbattribuut L/Dbattribuut Dbattribuut L HK",Dbattribuut Dbattribuut L HK,"VARCHAR(99)",True,,,,,,,
Accepted,"{/04 META/ZWA_META.ldm}:/META/Stg Meta Mapping Tb/Dbattribuut H HK Doel",Dbattribuut H HK Doel,"VARCHAR(99)",True,,,,,,"{/04 META/ZWA_META.ldm}:/META/DV Dbattribuut Dbattribuut L/Dbattribuut H HK Doel",Dbattribuut H HK Doel,"VARCHAR(99)",True,,,,,,,
Accepted,"{/04 META/ZWA_META.ldm}:/META/Stg Meta Mapping Tb/Dbattribuut H HK Bron",Dbattribuut H HK Bron,"VARCHAR(99)",True,,,,,,"{/04 META/ZWA_META.ldm}:/META/DV Dbattribuut Dbattribuut L/Dbattribuut H HK Bron",Dbattribuut H HK Bron,"VARCHAR(99)",True,,,,,,,
Accepted,"{/04 META/ZWA_META.ldm}:/META/Stg Meta Mapping Tb/Mapping Specificatie H HK",Mapping Specificatie H HK,"VARCHAR(99)",True,,,,,,"{/04 META/ZWA_META.ldm}:/META/DV Dbattribuut Dbattribuut L/Mapping Specificatie H HK",Mapping Specificatie H HK,"VARCHAR(99)",True,,,,,,,
Accepted,"{/04 META/ZWA_META.ldm}:/META/Stg Meta Mapping Tb/Hashdiff_Dbattribuut_Dbattribuut",Hashdiff_Dbattribuut_Dbattribuut,"VARCHAR(99)",True,,,,,,"{/04 META/ZWA_META.ldm}:/META/DV Dbattribuut Dbattribuut S/Hashdiff",Hashdiff,"VARCHAR(99)",True,,,,,,,
Accepted,"{/04 META/ZWA_META.ldm}:/META/Stg Meta Mapping Tb/Mapping Naam",Mapping Naam,"VARCHAR(999)",False,,,,,,"{/04 META/ZWA_META.ldm}:/META/DV Dbattribuut Dbattribuut S/Mapping Naam",Mapping Naam,"VARCHAR(999)",False,,,,,,,
Accepted,"{/04 META/ZWA_META.ldm}:/META/Stg Meta Mapping Tb/Regel Naam",Regel Naam,"VARCHAR(999)",False,,,,,,"{/04 META/ZWA_META.ldm}:/META/DV Dbattribuut Dbattribuut S/Regel Naam",Regel Naam,"VARCHAR(999)",False,,,,,,,
Accepted,"{/04 META/ZWA_META.ldm}:/META/Stg Meta Mapping Tb/Mapping Omschrijving",Mapping Omschrijving,"VARCHAR(999)",False,,,,,,"{/04 META/ZWA_META.ldm}:/META/DV Dbattribuut Dbattribuut S/Mapping Omschrijving",Mapping Omschrijving,"VARCHAR(999)",False,,,,,,,
Accepted,"{/04 META/ZWA_META.ldm}:/META/Stg Meta Mapping Tb/Dbattribuut Dbattribuut L HK",Dbattribuut Dbattribuut L HK,"VARCHAR(99)",True,,,,,,"{/04 META/ZWA_META.ldm}:/META/DV Dbattribuut Dbattribuut S/Dbattribuut Dbattribuut L HK",Dbattribuut Dbattribuut L HK,"VARCHAR(99)",True,,,,,,,
Accepted,"{/04 META/ZWA_META.ldm}:/META/Stg Meta Dbattribuut Tb/Dbattribuut H HK",Dbattribuut H HK,"VARCHAR(99)",True,,,,,,"{/04 META/ZWA_META.ldm}:/META/DV Dbattribuut H/Dbattribuut H HK",Dbattribuut H HK,"VARCHAR(99)",True,,,,,,,
Accepted,"{/04 META/ZWA_META.ldm}:/META/Stg Meta Dbattribuut Tb/Host Naam",Host Naam,"VARCHAR(999)",False,,,,,,"{/04 META/ZWA_META.ldm}:/META/DV Dbattribuut H/Host Naam",Host Naam,"VARCHAR(999)",False,,,,,,,
Accepted,"{/04 META/ZWA_META.ldm}:/META/Stg Meta Dbattribuut Tb/Database Naam",Database Naam,"VARCHAR(999)",False,,,,,,"{/04 META/ZWA_META.ldm}:/META/DV Dbattribuut H/Database Naam",Database Naam,"VARCHAR(999)",False,,,,,,,
Accepted,"{/04 META/ZWA_META.ldm}:/META/Stg Meta Dbattribuut Tb/Schema Naam",Schema Naam,"VARCHAR(999)",False,,,,,,"{/04 META/ZWA_META.ldm}:/META/DV Dbattribuut H/Schema Naam",Schema Naam,"VARCHAR(999)",False,,,,,,,
Accepted,"{/04 META/ZWA_META.ldm}:/META/Stg Meta Dbattribuut Tb/Tabel Naam",Tabel Naam,"VARCHAR(999)",False,,,,,,"{/04 META/ZWA_META.ldm}:/META/DV Dbattribuut H/Tabel Naam",Tabel Naam,"VARCHAR(999)",False,,,,,,,
Accepted,"{/04 META/ZWA_META.ldm}:/META/Stg Meta Dbattribuut Tb/Kolom Naam",Kolom Naam,"VARCHAR(999)",False,,,,,,"{/04 META/ZWA_META.ldm}:/META/DV Dbattribuut H/Kolom Naam",Kolom Naam,"VARCHAR(999)",False,,,,,,,
Accepted,"{/04 META/ZWA_META.ldm}:/META/Stg Meta Dbattribuut Tb/Dbattribuut H HK",Dbattribuut H HK,"VARCHAR(99)",True,,,,,,"{/04 META/ZWA_META.ldm}:/META/DV Dbattribuut S/Dbattribuut H HK",Dbattribuut H HK,"VARCHAR(99)",True,,,,,,,
Accepted,"{/04 META/ZWA_META.ldm}:/META/Stg Meta Dbattribuut Tb/Hashdiff Dbattribuut",Hashdiff Dbattribuut,"VARCHAR(99)",True,,,,,,"{/04 META/ZWA_META.ldm}:/META/DV Dbattribuut S/Hashdiff",Hashdiff,"VARCHAR(99)",True,,,,,,,
Accepted,"{/04 META/ZWA_META.ldm}:/META/Stg Meta Dbattribuut Tb/Data Type",Data Type,"VARCHAR(99)",False,,,,,,"{/04 META/ZWA_META.ldm}:/META/DV Dbattribuut S/Data Type",Data Type,"VARCHAR(99)",False,,,,,,,
Accepted,"{/04 META/ZWA_META.ldm}:/META/Stg Meta Dbattribuut Tb/Min Lengte",Min Lengte,"NUMERIC(38,10)",False,,,,,,"{/04 META/ZWA_META.ldm}:/META/DV Dbattribuut S/Min Lengte",Min Lengte,"NUMERIC(38,10)",False,,,,,,,
Accepted,"{/04 META/ZWA_META.ldm}:/META/Stg Meta Dbattribuut Tb/Max Lengte",Max Lengte,"NUMERIC(38,10)",False,,,,,,"{/04 META/ZWA_META.ldm}:/META/DV Dbattribuut S/Max Lengte",Max Lengte,"NUMERIC(38,10)",False,,,,,,,
Accepted,"{/04 META/ZWA_META.ldm}:/META/Stg Meta Dbattribuut Tb/Null Toegestaan",Null Toegestaan,"NUMERIC(38,10)",False,,,,,,"{/04 META/ZWA_META.ldm}:/META/DV Dbattribuut S/Null Toegestaan",Null Toegestaan,"NUMERIC(38,10)",False,,,,,,,
Accepted,"{/04 META/ZWA_META.ldm}:/META/Stg Meta Dbattribuut Tb/Default Waarde",Default Waarde,"VARCHAR(999)",False,,,,,,"{/04 META/ZWA_META.ldm}:/META/DV Dbattribuut S/Default Waarde",Default Waarde,"VARCHAR(999)",False,,,,,,,
Accepted,"{/04 META/ZWA_META.ldm}:/META/Stg Meta Dbattribuut Tb/Primary Key",Primary Key,"VARCHAR(999)",False,,,,,,"{/04 META/ZWA_META.ldm}:/META/DV Dbattribuut S/Primary Key",Primary Key,"VARCHAR(999)",False,,,,,,,
Accepted,"{/04 META/ZWA_META.ldm}:/META/Stg Meta Dbattribuut Tb/Dbobject Dbattribuut L HK",Dbobject Dbattribuut L HK,"VARCHAR(99)",True,,,,,,"{/04 META/ZWA_META.ldm}:/META/DV Dbobject Dbattribuut L/Dbobject Dbattribuut L HK",Dbobject Dbattribuut L HK,"VARCHAR(99)",True,,,,,,,
Accepted,"{/04 META/ZWA_META.ldm}:/META/Stg Meta Dbattribuut Tb/Dbattribuut H HK",Dbattribuut H HK,"VARCHAR(99)",True,,,,,,"{/04 META/ZWA_META.ldm}:/META/DV Dbobject Dbattribuut L/Dbattribuut H HK",Dbattribuut H HK,"VARCHAR(99)",True,,,,,,,
Accepted,"{/04 META/ZWA_META.ldm}:/META/Stg Meta Dbattribuut Tb/Dbobject H HK",Dbobject H HK,"VARCHAR(99)",True,,,,,,"{/04 META/ZWA_META.ldm}:/META/DV Dbobject Dbattribuut L/Dbobject H HK",Dbobject H HK,"VARCHAR(99)",True,,,,,,,
Accepted,"{/04 META/ZWA_META.ldm}:/META/Stg Meta Dbrelaties Tb/Dbobject Dbobject L HK",Dbobject Dbobject L HK,"VARCHAR(99)",True,,,,,,"{/04 META/ZWA_META.ldm}:/META/DV Dbobject Dbobject L/Dbobject Dbobject L HK",Dbobject Dbobject L HK,"VARCHAR(99)",True,,,,,,,
Accepted,"{/04 META/ZWA_META.ldm}:/META/Stg Meta Dbrelaties Tb/Dbobject H HK Bron",Dbobject H HK Bron,"VARCHAR(99)",True,,,,,,"{/04 META/ZWA_META.ldm}:/META/DV Dbobject Dbobject L/Dbobject H HK Bron",Dbobject H HK Bron,"VARCHAR(99)",True,,,,,,,
Accepted,"{/04 META/ZWA_META.ldm}:/META/Stg Meta Dbrelaties Tb/Dbobject H HK Doel",Dbobject H HK Doel,"VARCHAR(99)",True,,,,,,"{/04 META/ZWA_META.ldm}:/META/DV Dbobject Dbobject L/Dbobject H HK Doel",Dbobject H HK Doel,"VARCHAR(99)",True,,,,,,,
Accepted,"{/04 META/ZWA_META.ldm}:/META/Stg Meta Dbrelaties Tb/Dbobject Dbobject L HK",Dbobject Dbobject L HK,"VARCHAR(99)",True,,,,,,"{/04 META/ZWA_META.ldm}:/META/DV DBobject DBobject S/DBobject DBobject L HK",DBobject DBobject L HK,"VARCHAR(99)",True,,,,,,,
Accepted,"{/04 META/ZWA_META.ldm}:/META/Stg Meta Dbrelaties Tb/Hashdiff Dbobject Dbobject",Hashdiff Dbobject Dbobject,"VARCHAR(99)",True,,,,,,"{/04 META/ZWA_META.ldm}:/META/DV DBobject DBobject S/Hashdiff",Hashdiff,"VARCHAR(99)",True,,,,,,,
Accepted,"{/04 META/ZWA_META.ldm}:/META/Stg Meta Dbrelaties Tb/Dummy",Dummy,"VARCHAR(9)",False,,,,,,"{/04 META/ZWA_META.ldm}:/META/DV DBobject DBobject S/Dummy",Dummy,"VARCHAR(9)",False,,,,,,,
Accepted,"{/04 META/ZWA_META.ldm}:/META/Stg Meta Dbattribuut Tb/Dbobject H HK",Dbobject H HK,"VARCHAR(99)",True,,,,,,"{/04 META/ZWA_META.ldm}:/META/DV Dbobject H/Dbobject H HK",Dbobject H HK,"VARCHAR(99)",True,,,,,,,
Accepted,"{/04 META/ZWA_META.ldm}:/META/Stg Meta Dbattribuut Tb/Host Naam",Host Naam,"VARCHAR(999)",False,,,,,,"{/04 META/ZWA_META.ldm}:/META/DV Dbobject H/Host Naam",Host Naam,"VARCHAR(999)",True,,,,,,,
Accepted,"{/04 META/ZWA_META.ldm}:/META/Stg Meta Dbattribuut Tb/Database Naam",Database Naam,"VARCHAR(999)",False,,,,,,"{/04 META/ZWA_META.ldm}:/META/DV Dbobject H/Database Naam",Database Naam,"VARCHAR(999)",True,,,,,,,
Accepted,"{/04 META/ZWA_META.ldm}:/META/Stg Meta Dbattribuut Tb/Schema Naam",Schema Naam,"VARCHAR(999)",False,,,,,,"{/04 META/ZWA_META.ldm}:/META/DV Dbobject H/Schema Naam",Schema Naam,"VARCHAR(999)",True,,,,,,,
Accepted,"{/04 META/ZWA_META.ldm}:/META/Stg Meta Dbattribuut Tb/Tabel Naam",Tabel Naam,"VARCHAR(999)",False,,,,,,"{/04 META/ZWA_META.ldm}:/META/DV Dbobject H/Tabel Naam",Tabel Naam,"VARCHAR(999)",True,,,,,,,
Accepted,"{/04 META/ZWA_META.ldm}:/META/Stg Meta Omobjecten Bwt Tb/Dbobject Omobject L HK",Dbobject Omobject L HK,"VARCHAR(99)",True,,,,,,"{/04 META/ZWA_META.ldm}:/META/DV Dbobject Omobject L/Dbobject Omobject L HK",Dbobject Omobject L HK,"VARCHAR(99)",True,,,,,,,
Accepted,"{/04 META/ZWA_META.ldm}:/META/Stg Meta Omobjecten Bwt Tb/Omobject H HK",Omobject H HK,"VARCHAR(99)",True,,,,,,"{/04 META/ZWA_META.ldm}:/META/DV Dbobject Omobject L/Omobject H HK",Omobject H HK,"VARCHAR(99)",True,,,,,,,
Accepted,"{/04 META/ZWA_META.ldm}:/META/Stg Meta Omobjecten Bwt Tb/Dbobject H HK",Dbobject H HK,"VARCHAR(99)",True,,,,,,"{/04 META/ZWA_META.ldm}:/META/DV Dbobject Omobject L/Dbobject H HK",Dbobject H HK,"VARCHAR(99)",True,,,,,,,
Accepted,"{/04 META/ZWA_META.ldm}:/META/Stg Meta Omobjecten Bwt Tb/Dbobject Omobject L HK",Dbobject Omobject L HK,"VARCHAR(99)",True,,,,,,"{/04 META/ZWA_META.ldm}:/META/DV Dbobject Omobject S/Dbobject Omobject L HK",Dbobject Omobject L HK,"VARCHAR(99)",True,,,,,,,
Accepted,"{/04 META/ZWA_META.ldm}:/META/Stg Meta Omobjecten Bwt Tb/Hashdiff Dbobject Omobject",Hashdiff Dbobject Omobject,"VARCHAR(99)",True,,,,,,"{/04 META/ZWA_META.ldm}:/META/DV Dbobject Omobject S/Hashdiff",Hashdiff,"VARCHAR(99)",True,,,,,,,
Accepted,"{/04 META/ZWA_META.ldm}:/META/Stg Meta Omobjecten Bwt Tb/Dummy",Dummy,"VARCHAR(9)",False,,,,,,"{/04 META/ZWA_META.ldm}:/META/DV Dbobject Omobject S/Dummy",Dummy,"VARCHAR(9)",False,,,,,,,
Accepted,"{/04 META/ZWA_META.ldm}:/META/Stg Meta Mapping Tb/Mapping Specificatie H HK",Mapping Specificatie H HK,"VARCHAR(99)",True,,,,,,"{/04 META/ZWA_META.ldm}:/META/DV Mapping Specificatie H/Mapping Specificatie H HK",Mapping Specificatie H HK,"VARCHAR(99)",True,,,,,,,
Accepted,"{/04 META/ZWA_META.ldm}:/META/Stg Meta Mapping Tb/Mapping Specificatie Naam",Mapping Specificatie Naam,"VARCHAR(999)",False,,,,,,"{/04 META/ZWA_META.ldm}:/META/DV Mapping Specificatie H/Mapping Specificatie Naam",Mapping Specificatie Naam,"VARCHAR(99)",True,,,,,,,
Accepted,"{/04 META/ZWA_META.ldm}:/META/Stg Meta Mapping Tb/Mapping Specificatie H HK",Mapping Specificatie H HK,"VARCHAR(99)",True,,,,,,"{/04 META/ZWA_META.ldm}:/META/DV Mapping Specificatie S/Mapping Specificatie H HK",Mapping Specificatie H HK,"VARCHAR(99)",True,,,,,,,
Accepted,"{/04 META/ZWA_META.ldm}:/META/Stg Meta Mapping Tb/Hashdiff Mapping Specificatie",Hashdiff Mapping Specificatie,"VARCHAR(99)",True,,,,,,"{/04 META/ZWA_META.ldm}:/META/DV Mapping Specificatie S/Hashdiff",Hashdiff,"VARCHAR(99)",True,,,,,,,
Accepted,"{/04 META/ZWA_META.ldm}:/META/Stg Meta Mapping Tb/Dummy",Dummy,"VARCHAR(9)",False,,,,,,"{/04 META/ZWA_META.ldm}:/META/DV Mapping Specificatie S/Dummy",Dummy,"VARCHAR(9)",False,,,,,,,
Accepted,"{/04 META/ZWA_META.ldm}:/META/Stg Meta Omobjecten Bwt Tb/Omobject H HK",Omobject H HK,"VARCHAR(99)",True,,,,,,"{/04 META/ZWA_META.ldm}:/META/DV Omobject H/Omobject H HK",Omobject H HK,"VARCHAR(99)",True,,,,,,,
Accepted,"{/04 META/ZWA_META.ldm}:/META/Stg Meta Omobjecten Bwt Tb/Omobject id",Omobject id,"VARCHAR(99)",False,,,,,,"{/04 META/ZWA_META.ldm}:/META/DV Omobject H/Omobject Id",Omobject Id,"VARCHAR(99)",True,,,,,,,
Accepted,"{/04 META/ZWA_META.ldm}:/META/Stg Meta Omobjecten Bwt Tb/Omobject H HK",Omobject H HK,"VARCHAR(99)",True,,,,,,"{/04 META/ZWA_META.ldm}:/META/DV Omobject S/Omobject H HK",Omobject H HK,"VARCHAR(99)",True,,,,,,,
Accepted,"{/04 META/ZWA_META.ldm}:/META/Stg Meta Omobjecten Bwt Tb/Hashdiff Omobject",Hashdiff Omobject,"VARCHAR(99)",True,,,,,,"{/04 META/ZWA_META.ldm}:/META/DV Omobject S/Hashdiff",Hashdiff,"VARCHAR(99)",True,,,,,,,
Accepted,"{/04 META/ZWA_META.ldm}:/META/Stg Meta Omobjecten Bwt Tb/Om Naam",Om Naam,"VARCHAR(99)",False,,,,,,"{/04 META/ZWA_META.ldm}:/META/DV Omobject S/Om Naam",Om Naam,"VARCHAR(999)",False,,,,,,,
Accepted,"{/04 META/ZWA_META.ldm}:/META/Stg Meta Omobjecten Bwt Tb/Bewaartermijn Ingangsdatum",Bewaartermijn Ingangsdatum,"VARCHAR(999)",False,,,,,,"{/04 META/ZWA_META.ldm}:/META/DV Omobject S/Bewaartermijn Ingangsdatum",Bewaartermijn Ingangsdatum,"VARCHAR(999)",False,,,,,,,
Accepted,"{/04 META/ZWA_META.ldm}:/META/Stg Meta Omobjecten Bwt Tb/Bewaartermijn",Bewaartermijn,"VARCHAR(99)",False,,,,,,"{/04 META/ZWA_META.ldm}:/META/DV Omobject S/Bewaartermijn",Bewaartermijn,"VARCHAR(999)",False,,,,,,,
Accepted,"{/04 META/ZWA_META.ldm}:/META/Stg Meta Omobjecten Bwt Tb/Bewaartermijn Eenheid",Bewaartermijn Eenheid,"VARCHAR(99)",False,,,,,,"{/04 META/ZWA_META.ldm}:/META/DV Omobject S/Bewaartermijn Eenheid",Bewaartermijn Eenheid,"VARCHAR(999)",False,,,,,,,
Accepted,"{/04 META/ZWA_META.ldm}:/META/Stg Meta Dbattribuut Tb/Hashdiff Dbobject",Hashdiff Dbobject,"VARCHAR(99)",True,,,,,,"{/04 META/ZWA_META.ldm}:/META/DV Dbobject S/Hashdiff",Hashdiff,"VARCHAR(99)",True,,,,,,,
Accepted,"{/04 META/ZWA_META.ldm}:/META/Stg Meta Dbattribuut Tb/Dbobject H HK",Dbobject H HK,"VARCHAR(99)",True,,,,,,"{/04 META/ZWA_META.ldm}:/META/DV Dbobject S/Dbobject H HK",Dbobject H HK,"VARCHAR(99)",True,,,,,,,
Accepted,"{/04 META/ZWA_META.ldm}:/META/Stg Meta Dbattribuut Tb/Objecttype",Objecttype,"VARCHAR(99)",False,,,,,,"{/04 META/ZWA_META.ldm}:/META/DV Dbobject S/Objecttype",Objecttype,"VARCHAR(99)",False,,,,,,,
Accepted,"{/04 META/ZWA_META.ldm}:/META/Prestg Meta Db Attributen Vw/Volledige Naam",Volledige Naam,"VARCHAR(999)",False,,,,,,"{/04 META/ZWA_META.ldm}:/META/Stg Meta Dbattribuut Tb/Volledige Naam",Volledige Naam,"VARCHAR(999)",False,,,,,,,
Accepted,"{/04 META/ZWA_META.ldm}:/META/Prestg Meta Db Attributen Vw/Mapping Naam",Mapping Naam,"VARCHAR(999)",False,,,,,,"{/04 META/ZWA_META.ldm}:/META/Stg Meta Dbattribuut Tb/Mapping Naam",Mapping Naam,"VARCHAR(999)",False,,,,,,,
Accepted,"{/04 META/ZWA_META.ldm}:/META/Prestg Meta Db Attributen Vw/Host Naam",Host Naam,"VARCHAR(999)",False,,,,,,"{/04 META/ZWA_META.ldm}:/META/Stg Meta Dbattribuut Tb/Host Naam",Host Naam,"VARCHAR(999)",False,,,,,,,
Accepted,"{/04 META/ZWA_META.ldm}:/META/Prestg Meta Db Attributen Vw/Database Naam",Database Naam,"VARCHAR(999)",False,,,,,,"{/04 META/ZWA_META.ldm}:/META/Stg Meta Dbattribuut Tb/Database Naam",Database Naam,"VARCHAR(999)",False,,,,,,,
Accepted,"{/04 META/ZWA_META.ldm}:/META/Prestg Meta Db Attributen Vw/Schema Naam",Schema Naam,"VARCHAR(999)",False,,,,,,"{/04 META/ZWA_META.ldm}:/META/Stg Meta Dbattribuut Tb/Schema Naam",Schema Naam,"VARCHAR(999)",False,,,,,,,
Accepted,"{/04 META/ZWA_META.ldm}:/META/Prestg Meta Db Attributen Vw/Tabel Naam",Tabel Naam,"VARCHAR(999)",False,,,,,,"{/04 META/ZWA_META.ldm}:/META/Stg Meta Dbattribuut Tb/Tabel Naam",Tabel Naam,"VARCHAR(999)",False,,,,,,,
Accepted,"{/04 META/ZWA_META.ldm}:/META/Prestg Meta Db Attributen Vw/Kolom Naam",Kolom Naam,"VARCHAR(999)",False,,,,,,"{/04 META/ZWA_META.ldm}:/META/Stg Meta Dbattribuut Tb/Kolom Naam",Kolom Naam,"VARCHAR(999)",False,,,,,,,
Accepted,"{/04 META/ZWA_META.ldm}:/META/Prestg Meta Db Attributen Vw/Data Type",Data Type,"VARCHAR(99)",False,,,,,,"{/04 META/ZWA_META.ldm}:/META/Stg Meta Dbattribuut Tb/Data Type",Data Type,"VARCHAR(99)",False,,,,,,,
Accepted,"{/04 META/ZWA_META.ldm}:/META/Prestg Meta Db Attributen Vw/Min Lengte",Min Lengte,"NUMERIC(38,10)",False,,,,,,"{/04 META/ZWA_META.ldm}:/META/Stg Meta Dbattribuut Tb/Min Lengte",Min Lengte,"NUMERIC(38,10)",False,,,,,,,
Accepted,"{/04 META/ZWA_META.ldm}:/META/Prestg Meta Db Attributen Vw/Default Waarde",Default Waarde,"VARCHAR(99)",False,,,,,,"{/04 META/ZWA_META.ldm}:/META/Stg Meta Dbattribuut Tb/Default Waarde",Default Waarde,"VARCHAR(999)",False,,,,,,,
Accepted,"{/04 META/ZWA_META.ldm}:/META/Prestg Meta Db Attributen Vw/Max Lengte",Max Lengte,"NUMERIC(38,10)",False,,,,,,"{/04 META/ZWA_META.ldm}:/META/Stg Meta Dbattribuut Tb/Max Lengte",Max Lengte,"NUMERIC(38,10)",False,,,,,,,
Accepted,"{/04 META/ZWA_META.ldm}:/META/Prestg Meta Db Attributen Vw/Null Toegestaan",Null Toegestaan,"NUMERIC(38,10)",False,,,,,,"{/04 META/ZWA_META.ldm}:/META/Stg Meta Dbattribuut Tb/Null Toegestaan",Null Toegestaan,"NUMERIC(38,10)",False,,,,,,,
Accepted,"{/04 META/ZWA_META.ldm}:/META/Prestg Meta Db Attributen Vw/Primary Key",Primary Key,"VARCHAR(999)",False,,,,,,"{/04 META/ZWA_META.ldm}:/META/Stg Meta Dbattribuut Tb/Primary Key",Primary Key,"VARCHAR(999)",False,,,,,,,
Accepted,"{/04 META/ZWA_META.ldm}:/META/Prestg Meta Db Attributen Vw/Dummy",Dummy,"VARCHAR(9)",False,,,,,,"{/04 META/ZWA_META.ldm}:/META/Stg Meta Dbattribuut Tb/Dummy",Dummy,"VARCHAR(9)",False,,,,,,,
Accepted,"{/04 META/ZWA_META.ldm}:/META/Prestg Meta Db Attributen Vw/Extractiedatum Xmeta",Extractiedatum Xmeta,"TIMESTAMP",False,,,,,,"{/04 META/ZWA_META.ldm}:/META/Stg Meta Dbattribuut Tb/Extractiedatum Xmeta",Extractiedatum Xmeta,"TIMESTAMP",False,,,,,,,
Accepted,"{/04 META/ZWA_META.ldm}:/META/Prestg Meta Db Attributen Vw/Host Naam",Host Naam,"VARCHAR(999)",False,,,,,,"{/04 META/ZWA_META.ldm}:/META/Stg Meta Dbattribuut Tb/Dbattribuut H HK",Dbattribuut H HK,"VARCHAR(99)",True,,,,,,,
Accepted,"{/04 META/ZWA_META.ldm}:/META/Prestg Meta Db Attributen Vw/Database Naam",Database Naam,"VARCHAR(999)",False,,,,,,"{/04 META/ZWA_META.ldm}:/META/Stg Meta Dbattribuut Tb/Dbattribuut H HK",Dbattribuut H HK,"VARCHAR(99)",True,,,,,,,
Accepted,"{/04 META/ZWA_META.ldm}:/META/Prestg Meta Db Attributen Vw/Schema Naam",Schema Naam,"VARCHAR(999)",False,,,,,,"{/04 META/ZWA_META.ldm}:/META/Stg Meta Dbattribuut Tb/Dbattribuut H HK",Dbattribuut H HK,"VARCHAR(99)",True,,,,,,,
Accepted,"{/04 META/ZWA_META.ldm}:/META/Prestg Meta Db Attributen Vw/Tabel Naam",Tabel Naam,"VARCHAR(999)",False,,,,,,"{/04 META/ZWA_META.ldm}:/META/Stg Meta Dbattribuut Tb/Dbattribuut H HK",Dbattribuut H HK,"VARCHAR(99)",True,,,,,,,
Accepted,"{/04 META/ZWA_META.ldm}:/META/Prestg Meta Db Attributen Vw/Kolom Naam",Kolom Naam,"VARCHAR(999)",False,,,,,,"{/04 META/ZWA_META.ldm}:/META/Stg Meta Dbattribuut Tb/Dbattribuut H HK",Dbattribuut H HK,"VARCHAR(99)",True,,,,,,,
Accepted,"{/04 META/ZWA_META.ldm}:/META/Prestg Meta Db Attributen Vw/Host Naam",Host Naam,"VARCHAR(999)",False,,,,,,"{/04 META/ZWA_META.ldm}:/META/Stg Meta Dbattribuut Tb/Dbobject H HK",Dbobject H HK,"VARCHAR(99)",True,,,,,,,
Accepted,"{/04 META/ZWA_META.ldm}:/META/Prestg Meta Db Attributen Vw/Database Naam",Database Naam,"VARCHAR(999)",False,,,,,,"{/04 META/ZWA_META.ldm}:/META/Stg Meta Dbattribuut Tb/Dbobject H HK",Dbobject H HK,"VARCHAR(99)",True,,,,,,,
Accepted,"{/04 META/ZWA_META.ldm}:/META/Prestg Meta Db Attributen Vw/Schema Naam",Schema Naam,"VARCHAR(999)",False,,,,,,"{/04 META/ZWA_META.ldm}:/META/Stg Meta Dbattribuut Tb/Dbobject H HK",Dbobject H HK,"VARCHAR(99)",True,,,,,,,
Accepted,"{/04 META/ZWA_META.ldm}:/META/Prestg Meta Db Attributen Vw/Tabel Naam",Tabel Naam,"VARCHAR(999)",False,,,,,,"{/04 META/ZWA_META.ldm}:/META/Stg Meta Dbattribuut Tb/Dbobject H HK",Dbobject H HK,"VARCHAR(99)",True,,,,,,,
Accepted,"{/04 META/ZWA_META.ldm}:/META/Prestg Meta Db Attributen Vw/Host Naam",Host Naam,"VARCHAR(999)",False,,,,,,"{/04 META/ZWA_META.ldm}:/META/Stg Meta Dbattribuut Tb/Dbobject Dbattribuut L HK",Dbobject Dbattribuut L HK,"VARCHAR(99)",True,,,,,,,
Accepted,"{/04 META/ZWA_META.ldm}:/META/Prestg Meta Db Attributen Vw/Database Naam",Database Naam,"VARCHAR(999)",False,,,,,,"{/04 META/ZWA_META.ldm}:/META/Stg Meta Dbattribuut Tb/Dbobject Dbattribuut L HK",Dbobject Dbattribuut L HK,"VARCHAR(99)",True,,,,,,,
Accepted,"{/04 META/ZWA_META.ldm}:/META/Prestg Meta Db Attributen Vw/Schema Naam",Schema Naam,"VARCHAR(999)",False,,,,,,"{/04 META/ZWA_META.ldm}:/META/Stg Meta Dbattribuut Tb/Dbobject Dbattribuut L HK",Dbobject Dbattribuut L HK,"VARCHAR(99)",True,,,,,,,
Accepted,"{/04 META/ZWA_META.ldm}:/META/Prestg Meta Db Attributen Vw/Tabel Naam",Tabel Naam,"VARCHAR(999)",False,,,,,,"{/04 META/ZWA_META.ldm}:/META/Stg Meta Dbattribuut Tb/Dbobject Dbattribuut L HK",Dbobject Dbattribuut L HK,"VARCHAR(99)",True,,,,,,,
Accepted,"{/04 META/ZWA_META.ldm}:/META/Prestg Meta Db Attributen Vw/Kolom Naam",Kolom Naam,"VARCHAR(999)",False,,,,,,"{/04 META/ZWA_META.ldm}:/META/Stg Meta Dbattribuut Tb/Dbobject Dbattribuut L HK",Dbobject Dbattribuut L HK,"VARCHAR(99)",True,,,,,,,
Accepted,"{/04 META/ZWA_META.ldm}:/META/Prestg Meta Db Attributen Vw/Data Type",Data Type,"VARCHAR(99)",False,,,,,,"{/04 META/ZWA_META.ldm}:/META/Stg Meta Dbattribuut Tb/Hashdiff Dbattribuut",Hashdiff Dbattribuut,"VARCHAR(99)",True,,,,,,,
Accepted,"{/04 META/ZWA_META.ldm}:/META/Prestg Meta Db Attributen Vw/Min Lengte",Min Lengte,"NUMERIC(38,10)",False,,,,,,"{/04 META/ZWA_META.ldm}:/META/Stg Meta Dbattribuut Tb/Hashdiff Dbattribuut",Hashdiff Dbattribuut,"VARCHAR(99)",True,,,,,,,
Accepted,"{/04 META/ZWA_META.ldm}:/META/Prestg Meta Db Attributen Vw/Max Lengte",Max Lengte,"NUMERIC(38,10)",False,,,,,,"{/04 META/ZWA_META.ldm}:/META/Stg Meta Dbattribuut Tb/Hashdiff Dbattribuut",Hashdiff Dbattribuut,"VARCHAR(99)",True,,,,,,,
Accepted,"{/04 META/ZWA_META.ldm}:/META/Prestg Meta Db Attributen Vw/Null Toegestaan",Null Toegestaan,"NUMERIC(38,10)",False,,,,,,"{/04 META/ZWA_META.ldm}:/META/Stg Meta Dbattribuut Tb/Hashdiff Dbattribuut",Hashdiff Dbattribuut,"VARCHAR(99)",True,,,,,,,
Accepted,"{/04 META/ZWA_META.ldm}:/META/Prestg Meta Db Attributen Vw/Default Waarde",Default Waarde,"VARCHAR(99)",False,,,,,,"{/04 META/ZWA_META.ldm}:/META/Stg Meta Dbattribuut Tb/Hashdiff Dbattribuut",Hashdiff Dbattribuut,"VARCHAR(99)",True,,,,,,,
Accepted,"{/04 META/ZWA_META.ldm}:/META/Prestg Meta Db Attributen Vw/Primary Key",Primary Key,"VARCHAR(999)",False,,,,,,"{/04 META/ZWA_META.ldm}:/META/Stg Meta Dbattribuut Tb/Hashdiff Dbattribuut",Hashdiff Dbattribuut,"VARCHAR(99)",True,,,,,,,
Accepted,"{/04 META/ZWA_META.ldm}:/META/Prestg Meta Db Attributen Vw/Dummy",Dummy,"VARCHAR(9)",False,,,,,,"{/04 META/ZWA_META.ldm}:/META/Stg Meta Dbattribuut Tb/Hashdiff Dbobject",Hashdiff Dbobject,"VARCHAR(99)",True,,,,,,,
Accepted,"{/04 META/ZWA_META.ldm}:/META/Prestg Meta Db Attributen Vw/Dummy",Dummy,"VARCHAR(9)",False,,,,,,"{/04 META/ZWA_META.ldm}:/META/Stg Meta Dbattribuut Tb/Hashdiff DBobject Dbattribuut",Hashdiff DBobject Dbattribuut,"VARCHAR(99)",True,,,,,,,
Accepted,"{/04 META/ZWA_META.ldm}:/META/Prestg Meta Db Attributen Vw/Objecttype",Objecttype,"VARCHAR(9)",False,,,,,,"{/04 META/ZWA_META.ldm}:/META/Stg Meta Dbattribuut Tb/Objecttype",Objecttype,"VARCHAR(99)",False,,,,,,,
Accepted,"{/04 META/ZWA_META.ldm}:/META/Prestg Meta Db Relaties Vw/Volledige Naam",Volledige Naam,"VARCHAR(999)",False,,,,,,"{/04 META/ZWA_META.ldm}:/META/Stg Meta Dbrelaties Tb/Volledige Naam",Volledige Naam,"VARCHAR(999)",False,,,,,,,
Accepted,"{/04 META/ZWA_META.ldm}:/META/Prestg Meta Db Relaties Vw/Host Naam",Host Naam,"VARCHAR(999)",False,,,,,,"{/04 META/ZWA_META.ldm}:/META/Stg Meta Dbrelaties Tb/Host Naam",Host Naam,"VARCHAR(999)",False,,,,,,,
Accepted,"{/04 META/ZWA_META.ldm}:/META/Prestg Meta Db Relaties Vw/Database Naam",Database Naam,"VARCHAR(999)",False,,,,,,"{/04 META/ZWA_META.ldm}:/META/Stg Meta Dbrelaties Tb/Database Naam",Database Naam,"VARCHAR(999)",False,,,,,,,
Accepted,"{/04 META/ZWA_META.ldm}:/META/Prestg Meta Db Relaties Vw/Schema Naam",Schema Naam,"VARCHAR(999)",False,,,,,,"{/04 META/ZWA_META.ldm}:/META/Stg Meta Dbrelaties Tb/Schema Naam",Schema Naam,"VARCHAR(999)",False,,,,,,,
Accepted,"{/04 META/ZWA_META.ldm}:/META/Prestg Meta Db Relaties Vw/Tabel Naam",Tabel Naam,"VARCHAR(999)",False,,,,,,"{/04 META/ZWA_META.ldm}:/META/Stg Meta Dbrelaties Tb/Tabel Naam",Tabel Naam,"VARCHAR(999)",False,,,,,,,
Accepted,"{/04 META/ZWA_META.ldm}:/META/Prestg Meta Db Relaties Vw/Kolom Naam",Kolom Naam,"VARCHAR(999)",False,,,,,,"{/04 META/ZWA_META.ldm}:/META/Stg Meta Dbrelaties Tb/Kolom Naam",Kolom Naam,"VARCHAR(999)",False,,,,,,,
Accepted,"{/04 META/ZWA_META.ldm}:/META/Prestg Meta Db Relaties Vw/Primary Key",Primary Key,"VARCHAR(999)",False,,,,,,"{/04 META/ZWA_META.ldm}:/META/Stg Meta Dbrelaties Tb/Primary Key",Primary Key,"VARCHAR(999)",False,,,,,,,
Accepted,"{/04 META/ZWA_META.ldm}:/META/Prestg Meta Db Relaties Vw/Parent Host",Parent Host,"VARCHAR(999)",False,,,,,,"{/04 META/ZWA_META.ldm}:/META/Stg Meta Dbrelaties Tb/Parent Host",Parent Host,"VARCHAR(999)",False,,,,,,,
Accepted,"{/04 META/ZWA_META.ldm}:/META/Prestg Meta Db Relaties Vw/Parent Database",Parent Database,"VARCHAR(999)",False,,,,,,"{/04 META/ZWA_META.ldm}:/META/Stg Meta Dbrelaties Tb/Parent Database",Parent Database,"VARCHAR(999)",False,,,,,,,
Accepted,"{/04 META/ZWA_META.ldm}:/META/Prestg Meta Db Relaties Vw/Parent Schema",Parent Schema,"VARCHAR(999)",False,,,,,,"{/04 META/ZWA_META.ldm}:/META/Stg Meta Dbrelaties Tb/Parent Schema",Parent Schema,"VARCHAR(999)",False,,,,,,,
Accepted,"{/04 META/ZWA_META.ldm}:/META/Prestg Meta Db Relaties Vw/Parent Tabel",Parent Tabel,"VARCHAR(999)",False,,,,,,"{/04 META/ZWA_META.ldm}:/META/Stg Meta Dbrelaties Tb/Parent Tabel",Parent Tabel,"VARCHAR(999)",False,,,,,,,
Accepted,"{/04 META/ZWA_META.ldm}:/META/Prestg Meta Db Relaties Vw/Parent Kolom",Parent Kolom,"VARCHAR(999)",False,,,,,,"{/04 META/ZWA_META.ldm}:/META/Stg Meta Dbrelaties Tb/Parent Kolom",Parent Kolom,"VARCHAR(999)",False,,,,,,,
Accepted,"{/04 META/ZWA_META.ldm}:/META/Prestg Meta Db Relaties Vw/Extractiedatum Xmeta",Extractiedatum Xmeta,"TIMESTAMP",False,,,,,,"{/04 META/ZWA_META.ldm}:/META/Stg Meta Dbrelaties Tb/Extractiedatum Xmeta",Extractiedatum Xmeta,"TIMESTAMP",False,,,,,,,
Accepted,"{/04 META/ZWA_META.ldm}:/META/Prestg Meta Db Relaties Vw/Host Naam",Host Naam,"VARCHAR(999)",False,,,,,,"{/04 META/ZWA_META.ldm}:/META/Stg Meta Dbrelaties Tb/Dbobject H HK Bron",Dbobject H HK Bron,"VARCHAR(99)",True,,,,,,,
Accepted,"{/04 META/ZWA_META.ldm}:/META/Prestg Meta Db Relaties Vw/Database Naam",Database Naam,"VARCHAR(999)",False,,,,,,"{/04 META/ZWA_META.ldm}:/META/Stg Meta Dbrelaties Tb/Dbobject H HK Bron",Dbobject H HK Bron,"VARCHAR(99)",True,,,,,,,
Accepted,"{/04 META/ZWA_META.ldm}:/META/Prestg Meta Db Relaties Vw/Schema Naam",Schema Naam,"VARCHAR(999)",False,,,,,,"{/04 META/ZWA_META.ldm}:/META/Stg Meta Dbrelaties Tb/Dbobject H HK Bron",Dbobject H HK Bron,"VARCHAR(99)",True,,,,,,,
Accepted,"{/04 META/ZWA_META.ldm}:/META/Prestg Meta Db Relaties Vw/Tabel Naam",Tabel Naam,"VARCHAR(999)",False,,,,,,"{/04 META/ZWA_META.ldm}:/META/Stg Meta Dbrelaties Tb/Dbobject H HK Bron",Dbobject H HK Bron,"VARCHAR(99)",True,,,,,,,
Accepted,"{/04 META/ZWA_META.ldm}:/META/Prestg Meta Db Relaties Vw/Parent Host",Parent Host,"VARCHAR(999)",False,,,,,,"{/04 META/ZWA_META.ldm}:/META/Stg Meta Dbrelaties Tb/Dbobject H HK Doel",Dbobject H HK Doel,"VARCHAR(99)",True,,,,,,,
Accepted,"{/04 META/ZWA_META.ldm}:/META/Prestg Meta Db Relaties Vw/Parent Database",Parent Database,"VARCHAR(999)",False,,,,,,"{/04 META/ZWA_META.ldm}:/META/Stg Meta Dbrelaties Tb/Dbobject H HK Doel",Dbobject H HK Doel,"VARCHAR(99)",True,,,,,,,
Accepted,"{/04 META/ZWA_META.ldm}:/META/Prestg Meta Db Relaties Vw/Parent Schema",Parent Schema,"VARCHAR(999)",False,,,,,,"{/04 META/ZWA_META.ldm}:/META/Stg Meta Dbrelaties Tb/Dbobject H HK Doel",Dbobject H HK Doel,"VARCHAR(99)",True,,,,,,,
Accepted,"{/04 META/ZWA_META.ldm}:/META/Prestg Meta Db Relaties Vw/Parent Tabel",Parent Tabel,"VARCHAR(999)",False,,,,,,"{/04 META/ZWA_META.ldm}:/META/Stg Meta Dbrelaties Tb/Dbobject H HK Doel",Dbobject H HK Doel,"VARCHAR(99)",True,,,,,,,
Accepted,"{/04 META/ZWA_META.ldm}:/META/Prestg Meta Db Relaties Vw/Host Naam",Host Naam,"VARCHAR(999)",False,,,,,,"{/04 META/ZWA_META.ldm}:/META/Stg Meta Dbrelaties Tb/Dbobject Dbobject L HK",Dbobject Dbobject L HK,"VARCHAR(99)",True,,,,,,,
Accepted,"{/04 META/ZWA_META.ldm}:/META/Prestg Meta Db Relaties Vw/Database Naam",Database Naam,"VARCHAR(999)",False,,,,,,"{/04 META/ZWA_META.ldm}:/META/Stg Meta Dbrelaties Tb/Dbobject Dbobject L HK",Dbobject Dbobject L HK,"VARCHAR(99)",True,,,,,,,
Accepted,"{/04 META/ZWA_META.ldm}:/META/Prestg Meta Db Relaties Vw/Schema Naam",Schema Naam,"VARCHAR(999)",False,,,,,,"{/04 META/ZWA_META.ldm}:/META/Stg Meta Dbrelaties Tb/Dbobject Dbobject L HK",Dbobject Dbobject L HK,"VARCHAR(99)",True,,,,,,,
Accepted,"{/04 META/ZWA_META.ldm}:/META/Prestg Meta Db Relaties Vw/Tabel Naam",Tabel Naam,"VARCHAR(999)",False,,,,,,"{/04 META/ZWA_META.ldm}:/META/Stg Meta Dbrelaties Tb/Dbobject Dbobject L HK",Dbobject Dbobject L HK,"VARCHAR(99)",True,,,,,,,
Accepted,"{/04 META/ZWA_META.ldm}:/META/Prestg Meta Db Relaties Vw/Parent Host",Parent Host,"VARCHAR(999)",False,,,,,,"{/04 META/ZWA_META.ldm}:/META/Stg Meta Dbrelaties Tb/Dbobject Dbobject L HK",Dbobject Dbobject L HK,"VARCHAR(99)",True,,,,,,,
Accepted,"{/04 META/ZWA_META.ldm}:/META/Prestg Meta Db Relaties Vw/Parent Database",Parent Database,"VARCHAR(999)",False,,,,,,"{/04 META/ZWA_META.ldm}:/META/Stg Meta Dbrelaties Tb/Dbobject Dbobject L HK",Dbobject Dbobject L HK,"VARCHAR(99)",True,,,,,,,
Accepted,"{/04 META/ZWA_META.ldm}:/META/Prestg Meta Db Relaties Vw/Parent Schema",Parent Schema,"VARCHAR(999)",False,,,,,,"{/04 META/ZWA_META.ldm}:/META/Stg Meta Dbrelaties Tb/Dbobject Dbobject L HK",Dbobject Dbobject L HK,"VARCHAR(99)",True,,,,,,,
Accepted,"{/04 META/ZWA_META.ldm}:/META/Prestg Meta Db Relaties Vw/Parent Tabel",Parent Tabel,"VARCHAR(999)",False,,,,,,"{/04 META/ZWA_META.ldm}:/META/Stg Meta Dbrelaties Tb/Dbobject Dbobject L HK",Dbobject Dbobject L HK,"VARCHAR(99)",True,,,,,,,
Accepted,"{/04 META/ZWA_META.ldm}:/META/Prestg Meta Db Relaties Vw/Dummy",Dummy,"VARCHAR(9)",False,,,,,,"{/04 META/ZWA_META.ldm}:/META/Stg Meta Dbrelaties Tb/Hashdiff Dbobject Dbobject",Hashdiff Dbobject Dbobject,"VARCHAR(99)",True,,,,,,,
Accepted,"{/04 META/ZWA_META.ldm}:/META/Prestg Meta Db Relaties Vw/Dummy",Dummy,"VARCHAR(9)",False,,,,,,"{/04 META/ZWA_META.ldm}:/META/Stg Meta Dbrelaties Tb/Dummy",Dummy,"VARCHAR(9)",False,,,,,,,
Accepted,"{/04 META/ZWA_META.ldm}:/META/Prestg Meta Db Relaties Vw/Foreign Key",Foreign Key,"VARCHAR(999)",False,,,,,,"{/04 META/ZWA_META.ldm}:/META/Stg Meta Dbrelaties Tb/Foreign Key",Foreign Key,"VARCHAR(999)",False,,,,,,,
Accepted,"{/04 META/ZWA_META.ldm}:/META/Prestg Meta Db Relaties Vw/Host Naam",Host Naam,"VARCHAR(999)",False,,,,,,"{/04 META/ZWA_META.ldm}:/META/Stg Meta Dbrelaties Tb/Foreign Key L HK",Foreign Key L HK,"VARCHAR(99)",True,,,,,,,
Accepted,"{/04 META/ZWA_META.ldm}:/META/Prestg Meta Db Relaties Vw/Database Naam",Database Naam,"VARCHAR(999)",False,,,,,,"{/04 META/ZWA_META.ldm}:/META/Stg Meta Dbrelaties Tb/Foreign Key L HK",Foreign Key L HK,"VARCHAR(99)",True,,,,,,,
Accepted,"{/04 META/ZWA_META.ldm}:/META/Prestg Meta Db Relaties Vw/Schema Naam",Schema Naam,"VARCHAR(999)",False,,,,,,"{/04 META/ZWA_META.ldm}:/META/Stg Meta Dbrelaties Tb/Foreign Key L HK",Foreign Key L HK,"VARCHAR(99)",True,,,,,,,
Accepted,"{/04 META/ZWA_META.ldm}:/META/Prestg Meta Db Relaties Vw/Tabel Naam",Tabel Naam,"VARCHAR(999)",False,,,,,,"{/04 META/ZWA_META.ldm}:/META/Stg Meta Dbrelaties Tb/Foreign Key L HK",Foreign Key L HK,"VARCHAR(99)",True,,,,,,,
Accepted,"{/04 META/ZWA_META.ldm}:/META/Prestg Meta Db Relaties Vw/Kolom Naam",Kolom Naam,"VARCHAR(999)",False,,,,,,"{/04 META/ZWA_META.ldm}:/META/Stg Meta Dbrelaties Tb/Foreign Key L HK",Foreign Key L HK,"VARCHAR(99)",True,,,,,,,
Accepted,"{/04 META/ZWA_META.ldm}:/META/Prestg Meta Db Relaties Vw/Foreign Key",Foreign Key,"VARCHAR(999)",False,,,,,,"{/04 META/ZWA_META.ldm}:/META/Stg Meta Dbrelaties Tb/Foreign Key L HK",Foreign Key L HK,"VARCHAR(99)",True,,,,,,,
Accepted,"{/04 META/ZWA_META.ldm}:/META/Prestg Meta Db Relaties Vw/Parent Host",Parent Host,"VARCHAR(999)",False,,,,,,"{/04 META/ZWA_META.ldm}:/META/Stg Meta Dbrelaties Tb/Foreign Key L HK",Foreign Key L HK,"VARCHAR(99)",True,,,,,,,
Accepted,"{/04 META/ZWA_META.ldm}:/META/Prestg Meta Db Relaties Vw/Parent Database",Parent Database,"VARCHAR(999)",False,,,,,,"{/04 META/ZWA_META.ldm}:/META/Stg Meta Dbrelaties Tb/Foreign Key L HK",Foreign Key L HK,"VARCHAR(99)",True,,,,,,,
Accepted,"{/04 META/ZWA_META.ldm}:/META/Prestg Meta Db Relaties Vw/Parent Schema",Parent Schema,"VARCHAR(999)",False,,,,,,"{/04 META/ZWA_META.ldm}:/META/Stg Meta Dbrelaties Tb/Foreign Key L HK",Foreign Key L HK,"VARCHAR(99)",True,,,,,,,
Accepted,"{/04 META/ZWA_META.ldm}:/META/Prestg Meta Db Relaties Vw/Parent Tabel",Parent Tabel,"VARCHAR(999)",False,,,,,,"{/04 META/ZWA_META.ldm}:/META/Stg Meta Dbrelaties Tb/Foreign Key L HK",Foreign Key L HK,"VARCHAR(99)",True,,,,,,,
Accepted,"{/04 META/ZWA_META.ldm}:/META/Prestg Meta Db Relaties Vw/Parent Kolom",Parent Kolom,"VARCHAR(999)",False,,,,,,"{/04 META/ZWA_META.ldm}:/META/Stg Meta Dbrelaties Tb/Foreign Key L HK",Foreign Key L HK,"VARCHAR(99)",True,,,,,,,
Accepted,"{/04 META/ZWA_META.ldm}:/META/Prestg Meta Db Relaties Vw/Primary Key",Primary Key,"VARCHAR(999)",False,,,,,,"{/04 META/ZWA_META.ldm}:/META/Stg Meta Dbrelaties Tb/Hashdiff Foreign Key",Hashdiff Foreign Key,"VARCHAR(99)",True,,,,,,,
Accepted,"{/04 META/ZWA_META.ldm}:/META/Prestg Meta Db Relaties Vw/Host Naam",Host Naam,"VARCHAR(999)",False,,,,,,"{/04 META/ZWA_META.ldm}:/META/Stg Meta Dbrelaties Tb/Dbattribuut H HK Bron",Dbattribuut H HK Bron,"VARCHAR(99)",True,,,,,,,
Accepted,"{/04 META/ZWA_META.ldm}:/META/Prestg Meta Db Relaties Vw/Database Naam",Database Naam,"VARCHAR(999)",False,,,,,,"{/04 META/ZWA_META.ldm}:/META/Stg Meta Dbrelaties Tb/Dbattribuut H HK Bron",Dbattribuut H HK Bron,"VARCHAR(99)",True,,,,,,,
Accepted,"{/04 META/ZWA_META.ldm}:/META/Prestg Meta Db Relaties Vw/Schema Naam",Schema Naam,"VARCHAR(999)",False,,,,,,"{/04 META/ZWA_META.ldm}:/META/Stg Meta Dbrelaties Tb/Dbattribuut H HK Bron",Dbattribuut H HK Bron,"VARCHAR(99)",True,,,,,,,
Accepted,"{/04 META/ZWA_META.ldm}:/META/Prestg Meta Db Relaties Vw/Tabel Naam",Tabel Naam,"VARCHAR(999)",False,,,,,,"{/04 META/ZWA_META.ldm}:/META/Stg Meta Dbrelaties Tb/Dbattribuut H HK Bron",Dbattribuut H HK Bron,"VARCHAR(99)",True,,,,,,,
Accepted,"{/04 META/ZWA_META.ldm}:/META/Prestg Meta Db Relaties Vw/Kolom Naam",Kolom Naam,"VARCHAR(999)",False,,,,,,"{/04 META/ZWA_META.ldm}:/META/Stg Meta Dbrelaties Tb/Dbattribuut H HK Bron",Dbattribuut H HK Bron,"VARCHAR(99)",True,,,,,,,
Accepted,"{/04 META/ZWA_META.ldm}:/META/Prestg Meta Db Relaties Vw/Parent Host",Parent Host,"VARCHAR(999)",False,,,,,,"{/04 META/ZWA_META.ldm}:/META/Stg Meta Dbrelaties Tb/Dbattribuut H HK Doel",Dbattribuut H HK Doel,"VARCHAR(99)",True,,,,,,,
Accepted,"{/04 META/ZWA_META.ldm}:/META/Prestg Meta Db Relaties Vw/Parent Database",Parent Database,"VARCHAR(999)",False,,,,,,"{/04 META/ZWA_META.ldm}:/META/Stg Meta Dbrelaties Tb/Dbattribuut H HK Doel",Dbattribuut H HK Doel,"VARCHAR(99)",True,,,,,,,
Accepted,"{/04 META/ZWA_META.ldm}:/META/Prestg Meta Db Relaties Vw/Parent Schema",Parent Schema,"VARCHAR(999)",False,,,,,,"{/04 META/ZWA_META.ldm}:/META/Stg Meta Dbrelaties Tb/Dbattribuut H HK Doel",Dbattribuut H HK Doel,"VARCHAR(99)",True,,,,,,,
Accepted,"{/04 META/ZWA_META.ldm}:/META/Prestg Meta Db Relaties Vw/Parent Tabel",Parent Tabel,"VARCHAR(999)",False,,,,,,"{/04 META/ZWA_META.ldm}:/META/Stg Meta Dbrelaties Tb/Dbattribuut H HK Doel",Dbattribuut H HK Doel,"VARCHAR(99)",True,,,,,,,
Accepted,"{/04 META/ZWA_META.ldm}:/META/Prestg Meta Db Relaties Vw/Parent Kolom",Parent Kolom,"VARCHAR(999)",False,,,,,,"{/04 META/ZWA_META.ldm}:/META/Stg Meta Dbrelaties Tb/Dbattribuut H HK Doel",Dbattribuut H HK Doel,"VARCHAR(99)",True,,,,,,,
Accepted,"{/04 META/ZWA_META.ldm}:/META/Prestg Meta Mappings Vw/Mapping Specificatie Naam",Mapping Specificatie Naam,"VARCHAR(999)",False,,,,,,"{/04 META/ZWA_META.ldm}:/META/Stg Meta Mapping Tb/Mapping Specificatie Naam",Mapping Specificatie Naam,"VARCHAR(999)",False,,,,,,,
Accepted,"{/04 META/ZWA_META.ldm}:/META/Prestg Meta Mappings Vw/Mapping Naam",Mapping Naam,"VARCHAR(999)",False,,,,,,"{/04 META/ZWA_META.ldm}:/META/Stg Meta Mapping Tb/Mapping Naam",Mapping Naam,"VARCHAR(999)",False,,,,,,,
Accepted,"{/04 META/ZWA_META.ldm}:/META/Prestg Meta Mappings Vw/Bron Naam Volledig",Bron Naam Volledig,"VARCHAR(999)",False,,,,,,"{/04 META/ZWA_META.ldm}:/META/Stg Meta Mapping Tb/Bron Naam Volledig",Bron Naam Volledig,"VARCHAR(999)",False,,,,,,,
Accepted,"{/04 META/ZWA_META.ldm}:/META/Prestg Meta Mappings Vw/Bron Host Naam",Bron Host Naam,"VARCHAR(4000)",False,,,,,,"{/04 META/ZWA_META.ldm}:/META/Stg Meta Mapping Tb/Bron Host Naam",Bron Host Naam,"VARCHAR(999)",False,,,,,,,
Accepted,"{/04 META/ZWA_META.ldm}:/META/Prestg Meta Mappings Vw/Bron Database Naam",Bron Database Naam,"VARCHAR(4000)",False,,,,,,"{/04 META/ZWA_META.ldm}:/META/Stg Meta Mapping Tb/Bron Database Naam",Bron Database Naam,"VARCHAR(999)",False,,,,,,,
Accepted,"{/04 META/ZWA_META.ldm}:/META/Prestg Meta Mappings Vw/Bron Schema Naam",Bron Schema Naam,"VARCHAR(4000)",False,,,,,,"{/04 META/ZWA_META.ldm}:/META/Stg Meta Mapping Tb/Bron Schema Naam",Bron Schema Naam,"VARCHAR(999)",False,,,,,,,
Accepted,"{/04 META/ZWA_META.ldm}:/META/Prestg Meta Mappings Vw/Bron Tabel Naam",Bron Tabel Naam,"VARCHAR(4000)",False,,,,,,"{/04 META/ZWA_META.ldm}:/META/Stg Meta Mapping Tb/Bron Tabel Naam",Bron Tabel Naam,"VARCHAR(999)",False,,,,,,,
Accepted,"{/04 META/ZWA_META.ldm}:/META/Prestg Meta Mappings Vw/Bron Kolom Naam",Bron Kolom Naam,"VARCHAR(999)",False,,,,,,"{/04 META/ZWA_META.ldm}:/META/Stg Meta Mapping Tb/Bron Kolom Naam",Bron Kolom Naam,"VARCHAR(999)",False,,,,,,,
Accepted,"{/04 META/ZWA_META.ldm}:/META/Prestg Meta Mappings Vw/Doel Naam Volledig",Doel Naam Volledig,"VARCHAR(999)",False,,,,,,"{/04 META/ZWA_META.ldm}:/META/Stg Meta Mapping Tb/Doel Naam Volledig",Doel Naam Volledig,"VARCHAR(999)",False,,,,,,,
Accepted,"{/04 META/ZWA_META.ldm}:/META/Prestg Meta Mappings Vw/Doel Host Naam",Doel Host Naam,"VARCHAR(4000)",False,,,,,,"{/04 META/ZWA_META.ldm}:/META/Stg Meta Mapping Tb/Doel Host Naam",Doel Host Naam,"VARCHAR(999)",False,,,,,,,
Accepted,"{/04 META/ZWA_META.ldm}:/META/Prestg Meta Mappings Vw/Doel Database Naam",Doel Database Naam,"VARCHAR(4000)",False,,,,,,"{/04 META/ZWA_META.ldm}:/META/Stg Meta Mapping Tb/Doel Database Naam",Doel Database Naam,"VARCHAR(999)",False,,,,,,,
Accepted,"{/04 META/ZWA_META.ldm}:/META/Prestg Meta Mappings Vw/Doel Schema Naam",Doel Schema Naam,"VARCHAR(4000)",False,,,,,,"{/04 META/ZWA_META.ldm}:/META/Stg Meta Mapping Tb/Doel Schema Naam",Doel Schema Naam,"VARCHAR(999)",False,,,,,,,
Accepted,"{/04 META/ZWA_META.ldm}:/META/Prestg Meta Mappings Vw/Doel Tabel Naam",Doel Tabel Naam,"VARCHAR(4000)",False,,,,,,"{/04 META/ZWA_META.ldm}:/META/Stg Meta Mapping Tb/Doel Tabel Naam",Doel Tabel Naam,"VARCHAR(999)",False,,,,,,,
Accepted,"{/04 META/ZWA_META.ldm}:/META/Prestg Meta Mappings Vw/Doel Kolom Naam",Doel Kolom Naam,"VARCHAR(999)",False,,,,,,"{/04 META/ZWA_META.ldm}:/META/Stg Meta Mapping Tb/Doel Kolom Naam",Doel Kolom Naam,"VARCHAR(999)",False,,,,,,,
Accepted,"{/04 META/ZWA_META.ldm}:/META/Prestg Meta Mappings Vw/Regel Naam",Regel Naam,"VARCHAR(999)",False,,,,,,"{/04 META/ZWA_META.ldm}:/META/Stg Meta Mapping Tb/Regel Naam",Regel Naam,"VARCHAR(999)",False,,,,,,,
Accepted,"{/04 META/ZWA_META.ldm}:/META/Prestg Meta Mappings Vw/Mapping Omschrijving",Mapping Omschrijving,"VARCHAR(999)",False,,,,,,"{/04 META/ZWA_META.ldm}:/META/Stg Meta Mapping Tb/Mapping Omschrijving",Mapping Omschrijving,"VARCHAR(999)",False,,,,,,,
Accepted,"{/04 META/ZWA_META.ldm}:/META/Prestg Meta Mappings Vw/Bron Host Naam",Bron Host Naam,"VARCHAR(4000)",False,,,,,,"{/04 META/ZWA_META.ldm}:/META/Stg Meta Mapping Tb/Dbattribuut H HK Bron",Dbattribuut H HK Bron,"VARCHAR(99)",True,,,,,,,
Accepted,"{/04 META/ZWA_META.ldm}:/META/Prestg Meta Mappings Vw/Bron Database Naam",Bron Database Naam,"VARCHAR(4000)",False,,,,,,"{/04 META/ZWA_META.ldm}:/META/Stg Meta Mapping Tb/Dbattribuut H HK Bron",Dbattribuut H HK Bron,"VARCHAR(99)",True,,,,,,,
Accepted,"{/04 META/ZWA_META.ldm}:/META/Prestg Meta Mappings Vw/Bron Schema Naam",Bron Schema Naam,"VARCHAR(4000)",False,,,,,,"{/04 META/ZWA_META.ldm}:/META/Stg Meta Mapping Tb/Dbattribuut H HK Bron",Dbattribuut H HK Bron,"VARCHAR(99)",True,,,,,,,
Accepted,"{/04 META/ZWA_META.ldm}:/META/Prestg Meta Mappings Vw/Bron Tabel Naam",Bron Tabel Naam,"VARCHAR(4000)",False,,,,,,"{/04 META/ZWA_META.ldm}:/META/Stg Meta Mapping Tb/Dbattribuut H HK Bron",Dbattribuut H HK Bron,"VARCHAR(99)",True,,,,,,,
Accepted,"{/04 META/ZWA_META.ldm}:/META/Prestg Meta Mappings Vw/Bron Kolom Naam",Bron Kolom Naam,"VARCHAR(999)",False,,,,,,"{/04 META/ZWA_META.ldm}:/META/Stg Meta Mapping Tb/Dbattribuut H HK Bron",Dbattribuut H HK Bron,"VARCHAR(99)",True,,,,,,,
Accepted,"{/04 META/ZWA_META.ldm}:/META/Prestg Meta Mappings Vw/Doel Host Naam",Doel Host Naam,"VARCHAR(4000)",False,,,,,,"{/04 META/ZWA_META.ldm}:/META/Stg Meta Mapping Tb/Dbattribuut H HK Doel",Dbattribuut H HK Doel,"VARCHAR(99)",True,,,,,,,
Accepted,"{/04 META/ZWA_META.ldm}:/META/Prestg Meta Mappings Vw/Doel Database Naam",Doel Database Naam,"VARCHAR(4000)",False,,,,,,"{/04 META/ZWA_META.ldm}:/META/Stg Meta Mapping Tb/Dbattribuut H HK Doel",Dbattribuut H HK Doel,"VARCHAR(99)",True,,,,,,,
Accepted,"{/04 META/ZWA_META.ldm}:/META/Prestg Meta Mappings Vw/Doel Schema Naam",Doel Schema Naam,"VARCHAR(4000)",False,,,,,,"{/04 META/ZWA_META.ldm}:/META/Stg Meta Mapping Tb/Dbattribuut H HK Doel",Dbattribuut H HK Doel,"VARCHAR(99)",True,,,,,,,
Accepted,"{/04 META/ZWA_META.ldm}:/META/Prestg Meta Mappings Vw/Doel Tabel Naam",Doel Tabel Naam,"VARCHAR(4000)",False,,,,,,"{/04 META/ZWA_META.ldm}:/META/Stg Meta Mapping Tb/Dbattribuut H HK Doel",Dbattribuut H HK Doel,"VARCHAR(99)",True,,,,,,,
Accepted,"{/04 META/ZWA_META.ldm}:/META/Prestg Meta Mappings Vw/Doel Kolom Naam",Doel Kolom Naam,"VARCHAR(999)",False,,,,,,"{/04 META/ZWA_META.ldm}:/META/Stg Meta Mapping Tb/Dbattribuut H HK Doel",Dbattribuut H HK Doel,"VARCHAR(99)",True,,,,,,,
Accepted,"{/04 META/ZWA_META.ldm}:/META/Prestg Meta Mappings Vw/Mapping Specificatie Naam",Mapping Specificatie Naam,"VARCHAR(999)",False,,,,,,"{/04 META/ZWA_META.ldm}:/META/Stg Meta Mapping Tb/Mapping Specificatie H HK",Mapping Specificatie H HK,"VARCHAR(99)",True,,,,,,,
Accepted,"{/04 META/ZWA_META.ldm}:/META/Prestg Meta Mappings Vw/Dummy",Dummy,"VARCHAR(9)",False,,,,,,"{/04 META/ZWA_META.ldm}:/META/Stg Meta Mapping Tb/Dummy",Dummy,"VARCHAR(9)",False,,,,,,,
Accepted,"{/04 META/ZWA_META.ldm}:/META/Prestg Meta Mappings Vw/Dummy",Dummy,"VARCHAR(9)",False,,,,,,"{/04 META/ZWA_META.ldm}:/META/Stg Meta Mapping Tb/Hashdiff Mapping Specificatie",Hashdiff Mapping Specificatie,"VARCHAR(99)",True,,,,,,,
Accepted,"{/04 META/ZWA_META.ldm}:/META/Prestg Meta Mappings Vw/Extractiedatum Xmeta",Extractiedatum Xmeta,"TIMESTAMP",False,,,,,,"{/04 META/ZWA_META.ldm}:/META/Stg Meta Mapping Tb/Extractiedatum Xmeta",Extractiedatum Xmeta,"TIMESTAMP",False,,,,,,,
Accepted,"{/04 META/ZWA_META.ldm}:/META/Prestg Meta Mappings Vw/Mapping Naam",Mapping Naam,"VARCHAR(999)",False,,,,,,"{/04 META/ZWA_META.ldm}:/META/Stg Meta Mapping Tb/Hashdiff_Dbattribuut_Dbattribuut",Hashdiff_Dbattribuut_Dbattribuut,"VARCHAR(99)",True,,,,,,,
Accepted,"{/04 META/ZWA_META.ldm}:/META/Prestg Meta Mappings Vw/Regel Naam",Regel Naam,"VARCHAR(999)",False,,,,,,"{/04 META/ZWA_META.ldm}:/META/Stg Meta Mapping Tb/Hashdiff_Dbattribuut_Dbattribuut",Hashdiff_Dbattribuut_Dbattribuut,"VARCHAR(99)",True,,,,,,,
Accepted,"{/04 META/ZWA_META.ldm}:/META/Prestg Meta Mappings Vw/Mapping Omschrijving",Mapping Omschrijving,"VARCHAR(999)",False,,,,,,"{/04 META/ZWA_META.ldm}:/META/Stg Meta Mapping Tb/Hashdiff_Dbattribuut_Dbattribuut",Hashdiff_Dbattribuut_Dbattribuut,"VARCHAR(99)",True,,,,,,,
Accepted,"{/04 META/ZWA_META.ldm}:/META/Prestg Meta Mappings Vw/Bron Host Naam",Bron Host Naam,"VARCHAR(4000)",False,,,,,,"{/04 META/ZWA_META.ldm}:/META/Stg Meta Mapping Tb/Dbattribuut Dbattribuut L HK",Dbattribuut Dbattribuut L HK,"VARCHAR(99)",True,,,,,,,
Accepted,"{/04 META/ZWA_META.ldm}:/META/Prestg Meta Mappings Vw/Bron Database Naam",Bron Database Naam,"VARCHAR(4000)",False,,,,,,"{/04 META/ZWA_META.ldm}:/META/Stg Meta Mapping Tb/Dbattribuut Dbattribuut L HK",Dbattribuut Dbattribuut L HK,"VARCHAR(99)",True,,,,,,,
Accepted,"{/04 META/ZWA_META.ldm}:/META/Prestg Meta Mappings Vw/Bron Schema Naam",Bron Schema Naam,"VARCHAR(4000)",False,,,,,,"{/04 META/ZWA_META.ldm}:/META/Stg Meta Mapping Tb/Dbattribuut Dbattribuut L HK",Dbattribuut Dbattribuut L HK,"VARCHAR(99)",True,,,,,,,
Accepted,"{/04 META/ZWA_META.ldm}:/META/Prestg Meta Mappings Vw/Bron Tabel Naam",Bron Tabel Naam,"VARCHAR(4000)",False,,,,,,"{/04 META/ZWA_META.ldm}:/META/Stg Meta Mapping Tb/Dbattribuut Dbattribuut L HK",Dbattribuut Dbattribuut L HK,"VARCHAR(99)",True,,,,,,,
Accepted,"{/04 META/ZWA_META.ldm}:/META/Prestg Meta Mappings Vw/Bron Kolom Naam",Bron Kolom Naam,"VARCHAR(999)",False,,,,,,"{/04 META/ZWA_META.ldm}:/META/Stg Meta Mapping Tb/Dbattribuut Dbattribuut L HK",Dbattribuut Dbattribuut L HK,"VARCHAR(99)",True,,,,,,,
Accepted,"{/04 META/ZWA_META.ldm}:/META/Prestg Meta Mappings Vw/Doel Host Naam",Doel Host Naam,"VARCHAR(4000)",False,,,,,,"{/04 META/ZWA_META.ldm}:/META/Stg Meta Mapping Tb/Dbattribuut Dbattribuut L HK",Dbattribuut Dbattribuut L HK,"VARCHAR(99)",True,,,,,,,
Accepted,"{/04 META/ZWA_META.ldm}:/META/Prestg Meta Mappings Vw/Doel Database Naam",Doel Database Naam,"VARCHAR(4000)",False,,,,,,"{/04 META/ZWA_META.ldm}:/META/Stg Meta Mapping Tb/Dbattribuut Dbattribuut L HK",Dbattribuut Dbattribuut L HK,"VARCHAR(99)",True,,,,,,,
Accepted,"{/04 META/ZWA_META.ldm}:/META/Prestg Meta Mappings Vw/Doel Schema Naam",Doel Schema Naam,"VARCHAR(4000)",False,,,,,,"{/04 META/ZWA_META.ldm}:/META/Stg Meta Mapping Tb/Dbattribuut Dbattribuut L HK",Dbattribuut Dbattribuut L HK,"VARCHAR(99)",True,,,,,,,
Accepted,"{/04 META/ZWA_META.ldm}:/META/Prestg Meta Mappings Vw/Doel Tabel Naam",Doel Tabel Naam,"VARCHAR(4000)",False,,,,,,"{/04 META/ZWA_META.ldm}:/META/Stg Meta Mapping Tb/Dbattribuut Dbattribuut L HK",Dbattribuut Dbattribuut L HK,"VARCHAR(99)",True,,,,,,,
Accepted,"{/04 META/ZWA_META.ldm}:/META/Prestg Meta Mappings Vw/Doel Kolom Naam",Doel Kolom Naam,"VARCHAR(999)",False,,,,,,"{/04 META/ZWA_META.ldm}:/META/Stg Meta Mapping Tb/Dbattribuut Dbattribuut L HK",Dbattribuut Dbattribuut L HK,"VARCHAR(99)",True,,,,,,,
Accepted,"{/04 META/ZWA_META.ldm}:/META/Prestg Meta Om Objecten Bwt Vw/Omobject Id",Omobject Id,"VARCHAR(99)",False,,,,,,"{/04 META/ZWA_META.ldm}:/META/Stg Meta Omobjecten Bwt Tb/Omobject id",Omobject id,"VARCHAR(99)",False,,,,,,,
Accepted,"{/04 META/ZWA_META.ldm}:/META/Prestg Meta Om Objecten Bwt Vw/Om Naam",Om Naam,"VARCHAR(999)",False,,,,,,"{/04 META/ZWA_META.ldm}:/META/Stg Meta Omobjecten Bwt Tb/Om Naam",Om Naam,"VARCHAR(99)",False,,,,,,,
Accepted,"{/04 META/ZWA_META.ldm}:/META/Prestg Meta Om Objecten Bwt Vw/Host Naam",Host Naam,"VARCHAR(999)",False,,,,,,"{/04 META/ZWA_META.ldm}:/META/Stg Meta Omobjecten Bwt Tb/Host Naam",Host Naam,"VARCHAR(99)",False,,,,,,,
Accepted,"{/04 META/ZWA_META.ldm}:/META/Prestg Meta Om Objecten Bwt Vw/Database Naam",Database Naam,"VARCHAR(999)",False,,,,,,"{/04 META/ZWA_META.ldm}:/META/Stg Meta Omobjecten Bwt Tb/Database Naam",Database Naam,"VARCHAR(99)",False,,,,,,,
Accepted,"{/04 META/ZWA_META.ldm}:/META/Prestg Meta Om Objecten Bwt Vw/Schema Naam",Schema Naam,"VARCHAR(999)",False,,,,,,"{/04 META/ZWA_META.ldm}:/META/Stg Meta Omobjecten Bwt Tb/Schema Naam",Schema Naam,"VARCHAR(99)",False,,,,,,,
Accepted,"{/04 META/ZWA_META.ldm}:/META/Prestg Meta Om Objecten Bwt Vw/Tabel Naam",Tabel Naam,"VARCHAR(999)",False,,,,,,"{/04 META/ZWA_META.ldm}:/META/Stg Meta Omobjecten Bwt Tb/Tabel Naam",Tabel Naam,"VARCHAR(99)",False,,,,,,,
Accepted,"{/04 META/ZWA_META.ldm}:/META/Prestg Meta Om Objecten Bwt Vw/Bewaartermijn",Bewaartermijn,"VARCHAR(999)",False,,,,,,"{/04 META/ZWA_META.ldm}:/META/Stg Meta Omobjecten Bwt Tb/Bewaartermijn",Bewaartermijn,"VARCHAR(99)",False,,,,,,,
Accepted,"{/04 META/ZWA_META.ldm}:/META/Prestg Meta Om Objecten Bwt Vw/Bewaartermijn Eenheid",Bewaartermijn Eenheid,"VARCHAR(999)",False,,,,,,"{/04 META/ZWA_META.ldm}:/META/Stg Meta Omobjecten Bwt Tb/Bewaartermijn Eenheid",Bewaartermijn Eenheid,"VARCHAR(99)",False,,,,,,,
Accepted,"{/04 META/ZWA_META.ldm}:/META/Prestg Meta Om Objecten Bwt Vw/Bewaartermijn Ingangsdatum",Bewaartermijn Ingangsdatum,"VARCHAR(999)",False,,,,,,"{/04 META/ZWA_META.ldm}:/META/Stg Meta Omobjecten Bwt Tb/Bewaartermijn Ingangsdatum",Bewaartermijn Ingangsdatum,"VARCHAR(999)",False,,,,,,,
Accepted,"{/04 META/ZWA_META.ldm}:/META/Prestg Meta Om Objecten Bwt Vw/Extractiedatum Xmeta",Extractiedatum Xmeta,"TIMESTAMP",False,,,,,,"{/04 META/ZWA_META.ldm}:/META/Stg Meta Omobjecten Bwt Tb/Extractiedatum Xmeta",Extractiedatum Xmeta,"TIMESTAMP",False,,,,,,,
Accepted,"{/04 META/ZWA_META.ldm}:/META/Prestg Meta Om Objecten Bwt Vw/Dummy",Dummy,"VARCHAR(9)",False,,,,,,"{/04 META/ZWA_META.ldm}:/META/Stg Meta Omobjecten Bwt Tb/Dummy",Dummy,"VARCHAR(9)",False,,,,,,,
Accepted,"{/04 META/ZWA_META.ldm}:/META/Prestg Meta Om Objecten Bwt Vw/Omobject Id",Omobject Id,"VARCHAR(99)",False,,,,,,"{/04 META/ZWA_META.ldm}:/META/Stg Meta Omobjecten Bwt Tb/Omobject H HK",Omobject H HK,"VARCHAR(99)",True,,,,,,,
Accepted,"{/04 META/ZWA_META.ldm}:/META/Prestg Meta Om Objecten Bwt Vw/Om Naam",Om Naam,"VARCHAR(999)",False,,,,,,"{/04 META/ZWA_META.ldm}:/META/Stg Meta Omobjecten Bwt Tb/Hashdiff Omobject",Hashdiff Omobject,"VARCHAR(99)",True,,,,,,,
Accepted,"{/04 META/ZWA_META.ldm}:/META/Prestg Meta Om Objecten Bwt Vw/Bewaartermijn",Bewaartermijn,"VARCHAR(999)",False,,,,,,"{/04 META/ZWA_META.ldm}:/META/Stg Meta Omobjecten Bwt Tb/Hashdiff Omobject",Hashdiff Omobject,"VARCHAR(99)",True,,,,,,,
Accepted,"{/04 META/ZWA_META.ldm}:/META/Prestg Meta Om Objecten Bwt Vw/Bewaartermijn Eenheid",Bewaartermijn Eenheid,"VARCHAR(999)",False,,,,,,"{/04 META/ZWA_META.ldm}:/META/Stg Meta Omobjecten Bwt Tb/Hashdiff Omobject",Hashdiff Omobject,"VARCHAR(99)",True,,,,,,,
Accepted,"{/04 META/ZWA_META.ldm}:/META/Prestg Meta Om Objecten Bwt Vw/Bewaartermijn Ingangsdatum",Bewaartermijn Ingangsdatum,"VARCHAR(999)",False,,,,,,"{/04 META/ZWA_META.ldm}:/META/Stg Meta Omobjecten Bwt Tb/Hashdiff Omobject",Hashdiff Omobject,"VARCHAR(99)",True,,,,,,,
Accepted,"{/04 META/ZWA_META.ldm}:/META/Prestg Meta Om Objecten Bwt Vw/Host Naam",Host Naam,"VARCHAR(999)",False,,,,,,"{/04 META/ZWA_META.ldm}:/META/Stg Meta Omobjecten Bwt Tb/Dbobject H HK",Dbobject H HK,"VARCHAR(99)",True,,,,,,,
Accepted,"{/04 META/ZWA_META.ldm}:/META/Prestg Meta Om Objecten Bwt Vw/Database Naam",Database Naam,"VARCHAR(999)",False,,,,,,"{/04 META/ZWA_META.ldm}:/META/Stg Meta Omobjecten Bwt Tb/Dbobject H HK",Dbobject H HK,"VARCHAR(99)",True,,,,,,,
Accepted,"{/04 META/ZWA_META.ldm}:/META/Prestg Meta Om Objecten Bwt Vw/Schema Naam",Schema Naam,"VARCHAR(999)",False,,,,,,"{/04 META/ZWA_META.ldm}:/META/Stg Meta Omobjecten Bwt Tb/Dbobject H HK",Dbobject H HK,"VARCHAR(99)",True,,,,,,,
Accepted,"{/04 META/ZWA_META.ldm}:/META/Prestg Meta Om Objecten Bwt Vw/Tabel Naam",Tabel Naam,"VARCHAR(999)",False,,,,,,"{/04 META/ZWA_META.ldm}:/META/Stg Meta Omobjecten Bwt Tb/Dbobject H HK",Dbobject H HK,"VARCHAR(99)",True,,,,,,,
Accepted,"{/04 META/ZWA_META.ldm}:/META/Prestg Meta Om Objecten Bwt Vw/Omobject Id",Omobject Id,"VARCHAR(99)",False,,,,,,"{/04 META/ZWA_META.ldm}:/META/Stg Meta Omobjecten Bwt Tb/Dbobject Omobject L HK",Dbobject Omobject L HK,"VARCHAR(99)",True,,,,,,,
Accepted,"{/04 META/ZWA_META.ldm}:/META/Prestg Meta Om Objecten Bwt Vw/Host Naam",Host Naam,"VARCHAR(999)",False,,,,,,"{/04 META/ZWA_META.ldm}:/META/Stg Meta Omobjecten Bwt Tb/Dbobject Omobject L HK",Dbobject Omobject L HK,"VARCHAR(99)",True,,,,,,,
Accepted,"{/04 META/ZWA_META.ldm}:/META/Prestg Meta Om Objecten Bwt Vw/Database Naam",Database Naam,"VARCHAR(999)",False,,,,,,"{/04 META/ZWA_META.ldm}:/META/Stg Meta Omobjecten Bwt Tb/Dbobject Omobject L HK",Dbobject Omobject L HK,"VARCHAR(99)",True,,,,,,,
Accepted,"{/04 META/ZWA_META.ldm}:/META/Prestg Meta Om Objecten Bwt Vw/Schema Naam",Schema Naam,"VARCHAR(999)",False,,,,,,"{/04 META/ZWA_META.ldm}:/META/Stg Meta Omobjecten Bwt Tb/Dbobject Omobject L HK",Dbobject Omobject L HK,"VARCHAR(99)",True,,,,,,,
Accepted,"{/04 META/ZWA_META.ldm}:/META/Prestg Meta Om Objecten Bwt Vw/Tabel Naam",Tabel Naam,"VARCHAR(999)",False,,,,,,"{/04 META/ZWA_META.ldm}:/META/Stg Meta Omobjecten Bwt Tb/Dbobject Omobject L HK",Dbobject Omobject L HK,"VARCHAR(99)",True,,,,,,,
Accepted,"{/04 META/ZWA_META.ldm}:/META/Prestg Meta Om Objecten Bwt Vw/Dummy",Dummy,"VARCHAR(9)",False,,,,,,"{/04 META/ZWA_META.ldm}:/META/Stg Meta Omobjecten Bwt Tb/Hashdiff Dbobject Omobject",Hashdiff Dbobject Omobject,"VARCHAR(99)",True,,,,,,,
Accepted,"{/04 META/ZWA_META.ldm}:/META/Stg Meta Dbrelaties Tb/Foreign Key L HK",Foreign Key L HK,"VARCHAR(99)",True,,,,,,"{/04 META/ZWA_META.ldm}:/META/DV Foreign Key L/Foreign Key L HK",Foreign Key L HK,"VARCHAR(99)",True,,,,,,,
Accepted,"{/04 META/ZWA_META.ldm}:/META/Stg Meta Dbrelaties Tb/Foreign Key",Foreign Key,"VARCHAR(999)",False,,,,,,"{/04 META/ZWA_META.ldm}:/META/DV Foreign Key L/Foreign key naam",Foreign key naam,"VARCHAR(99)",True,,,,,,,
Accepted,"{/04 META/ZWA_META.ldm}:/META/Stg Meta Dbrelaties Tb/Dbattribuut H HK Bron",Dbattribuut H HK Bron,"VARCHAR(99)",True,,,,,,"{/04 META/ZWA_META.ldm}:/META/DV Foreign Key L/Dbattribuut H HK Bron",Dbattribuut H HK Bron,"VARCHAR(99)",False,,,,,,,
Accepted,"{/04 META/ZWA_META.ldm}:/META/Stg Meta Dbrelaties Tb/Dbattribuut H HK Doel",Dbattribuut H HK Doel,"VARCHAR(99)",True,,,,,,"{/04 META/ZWA_META.ldm}:/META/DV Foreign Key L/Dbattribuut H HK Doel",Dbattribuut H HK Doel,"VARCHAR(99)",False,,,,,,,
Accepted,"{/04 META/ZWA_META.ldm}:/META/Stg Meta Dbrelaties Tb/Foreign Key L HK",Foreign Key L HK,"VARCHAR(99)",True,,,,,,"{/04 META/ZWA_META.ldm}:/META/DV Foreign Key S/Foreign Key L HK",Foreign Key L HK,"VARCHAR(99)",True,,,,,,,
Accepted,"{/04 META/ZWA_META.ldm}:/META/Stg Meta Dbrelaties Tb/Primary Key",Primary Key,"VARCHAR(999)",False,,,,,,"{/04 META/ZWA_META.ldm}:/META/DV Foreign Key S/Primary key naam",Primary key naam,"VARCHAR(99)",False,,,,,,,
Accepted,"{/04 META/ZWA_META.ldm}:/META/Stg Meta Dbrelaties Tb/Hashdiff Foreign Key",Hashdiff Foreign Key,"VARCHAR(99)",True,,,,,,"{/04 META/ZWA_META.ldm}:/META/DV Foreign Key S/Hashdiff",Hashdiff,"VARCHAR(99)",True,,,,,,,
Accepted,"{/04 META/ZWA_META.ldm}:/META/Stg Meta Dbattribuut Tb/Dbobject Dbattribuut L HK",Dbobject Dbattribuut L HK,"VARCHAR(99)",True,,,,,,"{/04 META/ZWA_META.ldm}:/META/DV DBobject DBattribuut S/DBobject DBattribuut L HK",DBobject DBattribuut L HK,"VARCHAR(99)",True,,,,,,,
Accepted,"{/04 META/ZWA_META.ldm}:/META/Stg Meta Dbattribuut Tb/Dummy",Dummy,"VARCHAR(9)",False,,,,,,"{/04 META/ZWA_META.ldm}:/META/DV DBobject DBattribuut S/Dummy",Dummy,"VARCHAR(9)",False,,,,,,,
Accepted,"{/04 META/ZWA_META.ldm}:/META/Stg Meta Dbattribuut Tb/Hashdiff DBobject Dbattribuut",Hashdiff DBobject Dbattribuut,"VARCHAR(99)",True,,,,,,"{/04 META/ZWA_META.ldm}:/META/DV DBobject DBattribuut S/Hashdiff",Hashdiff,"VARCHAR(99)",True,,,,,,,
Accepted,"{/04 META/ZWA_META.ldm}:/META/Stg Meta DQ Tb/DQ Procedure",DQ Procedure,"VARCHAR(99)",False,,,,,,"{/04 META/ZWA_META.ldm}:/META/DV Dq regel S/DQ Procedure",DQ Procedure,"VARCHAR(99)",False,,,,,,,
Accepted,"{/04 META/ZWA_META.ldm}:/META/Stg Meta DQ Tb/DQ Syntax",DQ Syntax,"VARCHAR(999)",False,,,,,,"{/04 META/ZWA_META.ldm}:/META/DV Dq regel S/DQ Syntax",DQ Syntax,"VARCHAR(99)",False,,,,,,,
Accepted,"{/04 META/ZWA_META.ldm}:/META/Stg Meta DQ Tb/Regel Beschrijving",Regel Beschrijving,"VARCHAR(999)",False,,,,,,"{/04 META/ZWA_META.ldm}:/META/DV Dq regel S/Regel Beschrijving",Regel Beschrijving,"VARCHAR(999)",False,,,,,,,
Accepted,"{/04 META/ZWA_META.ldm}:/META/Stg Meta DQ Tb/Hashdiff_DQregel",Hashdiff_DQregel,"VARCHAR(99)",True,,,,,,"{/04 META/ZWA_META.ldm}:/META/DV Dq regel S/Hashdiff",Hashdiff,"VARCHAR(99)",True,,,,,,,
Accepted,"{/04 META/ZWA_META.ldm}:/META/Stg Meta DQ Tb/DQregel H HK",DQregel H HK,"VARCHAR(99)",True,,,,,,"{/04 META/ZWA_META.ldm}:/META/DV Dq regel S/Dqregel H HK",Dqregel H HK,"VARCHAR(99)",True,,,,,,,
Accepted,"{/04 META/ZWA_META.ldm}:/META/Stg Meta DQ Tb/DQ Regel",DQ Regel,"VARCHAR(999)",False,,,,,,"{/04 META/ZWA_META.ldm}:/META/DV Dq regel H/Dq Regel",Dq Regel,"VARCHAR(99)",True,,,,,,,
Accepted,"{/04 META/ZWA_META.ldm}:/META/Stg Meta DQ Tb/DQregel H HK",DQregel H HK,"VARCHAR(99)",True,,,,,,"{/04 META/ZWA_META.ldm}:/META/DV Dq regel H/Dqregel H HK",Dqregel H HK,"VARCHAR(99)",True,,,,,,,
Accepted,"{/04 META/ZWA_META.ldm}:/META/Stg Meta DQ Tb/DQregel H HK",DQregel H HK,"VARCHAR(99)",True,,,,,,"{/04 META/ZWA_META.ldm}:/META/DV Dqregel Dbattribuut L/DIM Dqregel H HK",DIM Dqregel H HK,"VARCHAR(99)",True,,,,,,,
Accepted,"{/04 META/ZWA_META.ldm}:/META/Stg Meta DQ Tb/Dqregel Dbattribuut L HK",Dqregel Dbattribuut L HK,"VARCHAR(99)",True,,,,,,"{/04 META/ZWA_META.ldm}:/META/DV Dqregel Dbattribuut L/DIM Dqregel Dbattribuut L HK",DIM Dqregel Dbattribuut L HK,"VARCHAR(99)",True,,,,,,,
Accepted,"{/04 META/ZWA_META.ldm}:/META/Stg Meta DQ Tb/Dbattribuut H HK",Dbattribuut H HK,"VARCHAR(99)",True,,,,,,"{/04 META/ZWA_META.ldm}:/META/DV Dqregel Dbattribuut L/Dbattribuut H HK",Dbattribuut H HK,"VARCHAR(99)",True,,,,,,,
Accepted,"{/04 META/ZWA_META.ldm}:/META/Prestg Meta DQ Vw/Host Naam",Host Naam,"VARCHAR(999)",False,,,,,,"{/04 META/ZWA_META.ldm}:/META/Stg Meta DQ Tb/Host Naam",Host Naam,"VARCHAR(999)",False,,,,,,,
Accepted,"{/04 META/ZWA_META.ldm}:/META/Prestg Meta DQ Vw/Database Naam",Database Naam,"VARCHAR(999)",False,,,,,,"{/04 META/ZWA_META.ldm}:/META/Stg Meta DQ Tb/Database Naam",Database Naam,"VARCHAR(999)",False,,,,,,,
Accepted,"{/04 META/ZWA_META.ldm}:/META/Prestg Meta DQ Vw/Schema Naam",Schema Naam,"VARCHAR(999)",False,,,,,,"{/04 META/ZWA_META.ldm}:/META/Stg Meta DQ Tb/Schema Naam",Schema Naam,"VARCHAR(999)",False,,,,,,,
Accepted,"{/04 META/ZWA_META.ldm}:/META/Prestg Meta DQ Vw/Tabel Naam",Tabel Naam,"VARCHAR(999)",False,,,,,,"{/04 META/ZWA_META.ldm}:/META/Stg Meta DQ Tb/Tabel Naam",Tabel Naam,"VARCHAR(999)",False,,,,,,,
Accepted,"{/04 META/ZWA_META.ldm}:/META/Prestg Meta DQ Vw/Kolom Naam",Kolom Naam,"VARCHAR(999)",False,,,,,,"{/04 META/ZWA_META.ldm}:/META/Stg Meta DQ Tb/Kolom Naam",Kolom Naam,"VARCHAR(999)",False,,,,,,,
Accepted,"{/04 META/ZWA_META.ldm}:/META/Prestg Meta DQ Vw/DQ Regel",DQ Regel,"VARCHAR(99)",False,,,,,,"{/04 META/ZWA_META.ldm}:/META/Stg Meta DQ Tb/DQ Regel",DQ Regel,"VARCHAR(999)",False,,,,,,,
Accepted,"{/04 META/ZWA_META.ldm}:/META/Prestg Meta DQ Vw/DQ Syntax",DQ Syntax,"VARCHAR(99)",False,,,,,,"{/04 META/ZWA_META.ldm}:/META/Stg Meta DQ Tb/DQ Syntax",DQ Syntax,"VARCHAR(999)",False,,,,,,,
Accepted,"{/04 META/ZWA_META.ldm}:/META/Prestg Meta DQ Vw/DQ Procedure",DQ Procedure,"VARCHAR(99)",False,,,,,,"{/04 META/ZWA_META.ldm}:/META/Stg Meta DQ Tb/DQ Procedure",DQ Procedure,"VARCHAR(99)",False,,,,,,,
Accepted,"{/04 META/ZWA_META.ldm}:/META/Prestg Meta DQ Vw/Regel Beschrijving",Regel Beschrijving,"VARCHAR(99)",False,,,,,,"{/04 META/ZWA_META.ldm}:/META/Stg Meta DQ Tb/Regel Beschrijving",Regel Beschrijving,"VARCHAR(999)",False,,,,,,,
Accepted,"{/04 META/ZWA_META.ldm}:/META/Prestg Meta DQ Vw/DQ Regel",DQ Regel,"VARCHAR(99)",False,,,,,,"{/04 META/ZWA_META.ldm}:/META/Stg Meta DQ Tb/DQregel H HK",DQregel H HK,"VARCHAR(99)",True,,,,,,,
Accepted,"{/04 META/ZWA_META.ldm}:/META/Prestg Meta DQ Vw/DQ Syntax",DQ Syntax,"VARCHAR(99)",False,,,,,,"{/04 META/ZWA_META.ldm}:/META/Stg Meta DQ Tb/Hashdiff_DQregel",Hashdiff_DQregel,"VARCHAR(99)",True,,,,,,,
Accepted,"{/04 META/ZWA_META.ldm}:/META/Prestg Meta DQ Vw/DQ Procedure",DQ Procedure,"VARCHAR(99)",False,,,,,,"{/04 META/ZWA_META.ldm}:/META/Stg Meta DQ Tb/Hashdiff_DQregel",Hashdiff_DQregel,"VARCHAR(99)",True,,,,,,,
Accepted,"{/04 META/ZWA_META.ldm}:/META/Prestg Meta DQ Vw/Regel Beschrijving",Regel Beschrijving,"VARCHAR(99)",False,,,,,,"{/04 META/ZWA_META.ldm}:/META/Stg Meta DQ Tb/Hashdiff_DQregel",Hashdiff_DQregel,"VARCHAR(99)",True,,,,,,,
Accepted,"{/04 META/ZWA_META.ldm}:/META/Prestg Meta DQ Vw/Host Naam",Host Naam,"VARCHAR(999)",False,,,,,,"{/04 META/ZWA_META.ldm}:/META/Stg Meta DQ Tb/Dqregel Dbattribuut L HK",Dqregel Dbattribuut L HK,"VARCHAR(99)",True,,,,,,,
Accepted,"{/04 META/ZWA_META.ldm}:/META/Prestg Meta DQ Vw/Database Naam",Database Naam,"VARCHAR(999)",False,,,,,,"{/04 META/ZWA_META.ldm}:/META/Stg Meta DQ Tb/Dqregel Dbattribuut L HK",Dqregel Dbattribuut L HK,"VARCHAR(99)",True,,,,,,,
Accepted,"{/04 META/ZWA_META.ldm}:/META/Prestg Meta DQ Vw/Schema Naam",Schema Naam,"VARCHAR(999)",False,,,,,,"{/04 META/ZWA_META.ldm}:/META/Stg Meta DQ Tb/Dqregel Dbattribuut L HK",Dqregel Dbattribuut L HK,"VARCHAR(99)",True,,,,,,,
Accepted,"{/04 META/ZWA_META.ldm}:/META/Prestg Meta DQ Vw/Tabel Naam",Tabel Naam,"VARCHAR(999)",False,,,,,,"{/04 META/ZWA_META.ldm}:/META/Stg Meta DQ Tb/Dqregel Dbattribuut L HK",Dqregel Dbattribuut L HK,"VARCHAR(99)",True,,,,,,,
Accepted,"{/04 META/ZWA_META.ldm}:/META/Prestg Meta DQ Vw/Kolom Naam",Kolom Naam,"VARCHAR(999)",False,,,,,,"{/04 META/ZWA_META.ldm}:/META/Stg Meta DQ Tb/Dqregel Dbattribuut L HK",Dqregel Dbattribuut L HK,"VARCHAR(99)",True,,,,,,,
Accepted,"{/04 META/ZWA_META.ldm}:/META/Prestg Meta DQ Vw/DQ Regel",DQ Regel,"VARCHAR(99)",False,,,,,,"{/04 META/ZWA_META.ldm}:/META/Stg Meta DQ Tb/Dqregel Dbattribuut L HK",Dqregel Dbattribuut L HK,"VARCHAR(99)",True,,,,,,,
Accepted,"{/04 META/ZWA_META.ldm}:/META/Prestg Meta DQ Vw/Host Naam",Host Naam,"VARCHAR(999)",False,,,,,,"{/04 META/ZWA_META.ldm}:/META/Stg Meta DQ Tb/Dbattribuut H HK",Dbattribuut H HK,"VARCHAR(99)",True,,,,,,,
Accepted,"{/04 META/ZWA_META.ldm}:/META/Prestg Meta DQ Vw/Database Naam",Database Naam,"VARCHAR(999)",False,,,,,,"{/04 META/ZWA_META.ldm}:/META/Stg Meta DQ Tb/Dbattribuut H HK",Dbattribuut H HK,"VARCHAR(99)",True,,,,,,,
Accepted,"{/04 META/ZWA_META.ldm}:/META/Prestg Meta DQ Vw/Schema Naam",Schema Naam,"VARCHAR(999)",False,,,,,,"{/04 META/ZWA_META.ldm}:/META/Stg Meta DQ Tb/Dbattribuut H HK",Dbattribuut H HK,"VARCHAR(99)",True,,,,,,,
Accepted,"{/04 META/ZWA_META.ldm}:/META/Prestg Meta DQ Vw/Tabel Naam",Tabel Naam,"VARCHAR(999)",False,,,,,,"{/04 META/ZWA_META.ldm}:/META/Stg Meta DQ Tb/Dbattribuut H HK",Dbattribuut H HK,"VARCHAR(99)",True,,,,,,,
Accepted,"{/04 META/ZWA_META.ldm}:/META/Prestg Meta DQ Vw/Kolom Naam",Kolom Naam,"VARCHAR(999)",False,,,,,,"{/04 META/ZWA_META.ldm}:/META/Stg Meta DQ Tb/Dbattribuut H HK",Dbattribuut H HK,"VARCHAR(99)",True,,,,,,,
Accepted,"{/04 META/ZWA_META.ldm}:/META/Prestg Meta DQ Vw/Dummy",Dummy,"VARCHAR(9)",False,,,,,,"{/04 META/ZWA_META.ldm}:/META/Stg Meta DQ Tb/Dummy",Dummy,"VARCHAR(9)",False,,,,,,,
Accepted,"{/04 META/ZWA_META.ldm}:/META/Prestg Meta DQ Vw/Dummy",Dummy,"VARCHAR(9)",False,,,,,,"{/04 META/ZWA_META.ldm}:/META/Stg Meta DQ Tb/Hashdiff DQregel Dbattribuut",Hashdiff DQregel Dbattribuut,"VARCHAR(99)",True,,,,,,,
Accepted,"{/04 META/ZWA_META.ldm}:/META/Prestg DQbevindingen Tb/DQ regel H hashkey",DQ regel H hashkey,"VARCHAR(99)",True,,,,,,"{/04 META/ZWA_META.ldm}:/META/Stg DQbevindingen Tb/DQ regel H hashkey",DQ regel H hashkey,"VARCHAR(99)",True,,,,,,,
Accepted,"{/04 META/ZWA_META.ldm}:/META/Prestg DQbevindingen Tb/Dbattribuut H Hashkey",Dbattribuut H Hashkey,"VARCHAR(99)",True,,,,,,"{/04 META/ZWA_META.ldm}:/META/Stg DQbevindingen Tb/Dbattribuut H Hashkey",Dbattribuut H Hashkey,"VARCHAR(99)",True,,,,,,,
Accepted,"{/04 META/ZWA_META.ldm}:/META/Prestg DQbevindingen Tb/Datum Bevinding",Datum Bevinding,"TIMESTAMP",False,,,,,,"{/04 META/ZWA_META.ldm}:/META/Stg DQbevindingen Tb/Datum Bevinding",Datum Bevinding,"TIMESTAMP",False,,,,,,,
Accepted,"{/04 META/ZWA_META.ldm}:/META/Prestg DQbevindingen Tb/Foutieve Waarde",Foutieve Waarde,"VARCHAR(99)",False,,,,,,"{/04 META/ZWA_META.ldm}:/META/Stg DQbevindingen Tb/Foutieve Waarde",Foutieve Waarde,"VARCHAR(99)",False,,,,,,,
Accepted,"{/04 META/ZWA_META.ldm}:/META/Prestg DQbevindingen Tb/Object BK",Object BK,"VARCHAR(999)",True,,,,,,"{/04 META/ZWA_META.ldm}:/META/Stg DQbevindingen Tb/Object BK",Object BK,"VARCHAR(999)",True,,,,,,,
Accepted,"{/04 META/ZWA_META.ldm}:/META/Prestg DQbevindingen Tb/DQ regel H hashkey",DQ regel H hashkey,"VARCHAR(99)",True,,,,,,"{/04 META/ZWA_META.ldm}:/META/Stg DQbevindingen Tb/DQbevindingen L HK",DQbevindingen L HK,"VARCHAR(99)",True,,,,,,,
Accepted,"{/04 META/ZWA_META.ldm}:/META/Prestg DQbevindingen Tb/Dbattribuut H Hashkey",Dbattribuut H Hashkey,"VARCHAR(99)",True,,,,,,"{/04 META/ZWA_META.ldm}:/META/Stg DQbevindingen Tb/DQbevindingen L HK",DQbevindingen L HK,"VARCHAR(99)",True,,,,,,,
Accepted,"{/04 META/ZWA_META.ldm}:/META/Prestg DQbevindingen Tb/Datum Bevinding",Datum Bevinding,"TIMESTAMP",False,,,,,,"{/04 META/ZWA_META.ldm}:/META/Stg DQbevindingen Tb/DQbevindingen L HK",DQbevindingen L HK,"VARCHAR(99)",True,,,,,,,
Accepted,"{/04 META/ZWA_META.ldm}:/META/Prestg DQbevindingen Tb/Object BK",Object BK,"VARCHAR(999)",True,,,,,,"{/04 META/ZWA_META.ldm}:/META/Stg DQbevindingen Tb/DQbevindingen L HK",DQbevindingen L HK,"VARCHAR(99)",True,,,,,,,
Accepted,"{/04 META/ZWA_META.ldm}:/META/Prestg DQbevindingen Tb/Foutieve Waarde",Foutieve Waarde,"VARCHAR(99)",False,,,,,,"{/04 META/ZWA_META.ldm}:/META/Stg DQbevindingen Tb/Hashdiff Dqbevindingen",Hashdiff Dqbevindingen,"VARCHAR(99)",True,,,,,,,
Accepted,"{/04 META/ZWA_META.ldm}:/META/Stg DQbevindingen Tb/DQbevindingen L HK",DQbevindingen L HK,"VARCHAR(99)",True,,,,,,"{/04 META/ZWA_META.ldm}:/META/Dqbevindingen L/DQbevindingen L HK",DQbevindingen L HK,"VARCHAR(99)",True,,,,,,,
Accepted,"{/04 META/ZWA_META.ldm}:/META/Stg DQbevindingen Tb/DQ regel H hashkey",DQ regel H hashkey,"VARCHAR(99)",True,,,,,,"{/04 META/ZWA_META.ldm}:/META/Dqbevindingen L/DQregel H HK",DQregel H HK,"VARCHAR(99)",True,,,,,,,
Accepted,"{/04 META/ZWA_META.ldm}:/META/Stg DQbevindingen Tb/Dbattribuut H Hashkey",Dbattribuut H Hashkey,"VARCHAR(99)",True,,,,,,"{/04 META/ZWA_META.ldm}:/META/Dqbevindingen L/Dbattribuut H HK",Dbattribuut H HK,"VARCHAR(99)",True,,,,,,,
Accepted,"{/04 META/ZWA_META.ldm}:/META/Stg DQbevindingen Tb/Datum Bevinding",Datum Bevinding,"TIMESTAMP",False,,,,,,"{/04 META/ZWA_META.ldm}:/META/Dqbevindingen L/Datum bevinding",Datum bevinding,"TIMESTAMP",False,,,,,,,
Accepted,"{/04 META/ZWA_META.ldm}:/META/Stg DQbevindingen Tb/Object BK",Object BK,"VARCHAR(999)",True,,,,,,"{/04 META/ZWA_META.ldm}:/META/Dqbevindingen L/Object BK",Object BK,"VARCHAR(99)",True,,,,,,,
Accepted,"{/04 META/ZWA_META.ldm}:/META/Stg DQbevindingen Tb/DQbevindingen L HK",DQbevindingen L HK,"VARCHAR(99)",True,,,,,,"{/04 META/ZWA_META.ldm}:/META/Dqbevindingen S/DQbevindingen L HK",DQbevindingen L HK,"VARCHAR(99)",True,,,,,,,
Accepted,"{/04 META/ZWA_META.ldm}:/META/Stg DQbevindingen Tb/Hashdiff Dqbevindingen",Hashdiff Dqbevindingen,"VARCHAR(99)",True,,,,,,"{/04 META/ZWA_META.ldm}:/META/Dqbevindingen S/Hashdiff",Hashdiff,"VARCHAR(99)",True,,,,,,,
Accepted,"{/04 META/ZWA_META.ldm}:/META/Stg DQbevindingen Tb/Foutieve Waarde",Foutieve Waarde,"VARCHAR(99)",False,,,,,,"{/04 META/ZWA_META.ldm}:/META/Dqbevindingen S/Foutieve Waarde",Foutieve Waarde,"VARCHAR(99)",False,,,,,,,
Accepted,"{/04 META/ZWA_META.ldm}:/META/Stg Meta DQ Tb/Hashdiff DQregel Dbattribuut",Hashdiff DQregel Dbattribuut,"VARCHAR(99)",True,,,,,,"{/04 META/ZWA_META.ldm}:/META/DV Dqregel DBattribuut S/Hashdiff",Hashdiff,"VARCHAR(99)",True,,,,,,,
Accepted,"{/04 META/ZWA_META.ldm}:/META/Stg Meta DQ Tb/Dummy",Dummy,"VARCHAR(9)",False,,,,,,"{/04 META/ZWA_META.ldm}:/META/DV Dqregel DBattribuut S/Dummy",Dummy,"VARCHAR(9)",False,,,,,,,
Accepted,"{/04 META/ZWA_META.ldm}:/META/Stg Meta DQ Tb/Dqregel Dbattribuut L HK",Dqregel Dbattribuut L HK,"VARCHAR(99)",True,,,,,,"{/04 META/ZWA_META.ldm}:/META/DV Dqregel DBattribuut S/DIM Dqregel Dbattribuut L HK",DIM Dqregel Dbattribuut L HK,"VARCHAR(99)",True,,,,,,,
