Mapping Status,Source Location,Source Name,Source Data Type,Source Required,Source Documentation,Source Table Name,Source Schema,Source Primary Key,Source Annotations,Target Location,Target Name,Target Data Type,Target Required,Target Documentation,Target Table Name,Target Schema,Target Primary Key,Target Annotations,Mapping Annotation,Transformation Expression
Accepted,"{/02 INT_ZWA_PO/BDV-STG.ldm}:/INT_ZWA_STG/Prestage Taak in Zaak/BSN",BSN,"VARCHAR(99)",False,,,,,,"{/02 INT_ZWA_PO/BDV-STG.ldm}:/INT_ZWA_STG/Taak in Zaak/BSN",BSN,"VARCHAR(99)",False,,,,,,,
Accepted,"{/02 INT_ZWA_PO/BDV-STG.ldm}:/INT_ZWA_STG/Prestage Taak in Zaak/Aansluitingsnr",Aansluitingsnr,"VARCHAR(99)",False,,,,,,"{/02 INT_ZWA_PO/BDV-STG.ldm}:/INT_ZWA_STG/Taak in Zaak/Aansluitingsnr",Aansluitingsnr,"VARCHAR(99)",False,,,,,,,
Accepted,"{/02 INT_ZWA_PO/BDV-STG.ldm}:/INT_ZWA_STG/Prestage Taak in Zaak/Contractcode",Contractcode,"VARCHAR(9)",False,,,,,,"{/02 INT_ZWA_PO/BDV-STG.ldm}:/INT_ZWA_STG/Taak in Zaak/Contractcode",Contractcode,"VARCHAR(9)",False,,,,,,,
Accepted,"{/02 INT_ZWA_PO/BDV-STG.ldm}:/INT_ZWA_STG/Prestage Taak in Zaak/Buitenlandse instellingsnr",Buitenlandse instellingsnr,"VARCHAR(9)",False,,,,,,"{/02 INT_ZWA_PO/BDV-STG.ldm}:/INT_ZWA_STG/Taak in Zaak/Buitenlandse instellingsnr",Buitenlandse instellingsnr,"VARCHAR(9)",False,,,,,,,
Accepted,"{/02 INT_ZWA_PO/BDV-STG.ldm}:/INT_ZWA_STG/Prestage Taak in Zaak/Datum Boeking Dienstverband",Datum Boeking Dienstverband,"TIMESTAMP",False,,,,,,"{/02 INT_ZWA_PO/BDV-STG.ldm}:/INT_ZWA_STG/Taak in Zaak/Datum Boeking Dienstverband",Datum Boeking Dienstverband,"TIMESTAMP",False,,,,,,,
Accepted,"{/02 INT_ZWA_PO/BDV-STG.ldm}:/INT_ZWA_STG/Prestage Taak in Zaak/Begindatum AO",Begindatum AO,"TIMESTAMP",False,,,,,,"{/02 INT_ZWA_PO/BDV-STG.ldm}:/INT_ZWA_STG/Taak in Zaak/Begindatum AO",Begindatum AO,"TIMESTAMP",False,,,,,,,
Accepted,"{/02 INT_ZWA_PO/BDV-STG.ldm}:/INT_ZWA_STG/Prestage Taak in Zaak/Activiteitcode",Activiteitcode,"VARCHAR(9)",False,,,,,,"{/02 INT_ZWA_PO/BDV-STG.ldm}:/INT_ZWA_STG/Taak in Zaak/Activiteitcode",Activiteitcode,"VARCHAR(9)",False,,,,,,,
Accepted,"{/02 INT_ZWA_PO/BDV-STG.ldm}:/INT_ZWA_STG/Prestage Taak in Zaak/Activiteit Omschrijving",Activiteit Omschrijving,"VARCHAR(99)",False,,,,,,"{/02 INT_ZWA_PO/BDV-STG.ldm}:/INT_ZWA_STG/Taak in Zaak/Activiteit Omschrijving",Activiteit Omschrijving,"VARCHAR(999)",False,,,,,,,
Accepted,"{/02 INT_ZWA_PO/BDV-STG.ldm}:/INT_ZWA_STG/Prestage Taak in Zaak/Datum initiele boeking activiteit",Datum initiele boeking activiteit,"TIMESTAMP",False,,,,,,"{/02 INT_ZWA_PO/BDV-STG.ldm}:/INT_ZWA_STG/Taak in Zaak/Datum initiele boeking activiteit",Datum initiele boeking activiteit,"TIMESTAMP",True,,,,,,,
Accepted,"{/02 INT_ZWA_PO/BDV-STG.ldm}:/INT_ZWA_STG/Prestage Taak in Zaak/Datum boeking activiteit",Datum boeking activiteit,"TIMESTAMP",False,,,,,,"{/02 INT_ZWA_PO/BDV-STG.ldm}:/INT_ZWA_STG/Taak in Zaak/Datum boeking activiteit",Datum boeking activiteit,"TIMESTAMP",False,,,,,,,
Accepted,"{/02 INT_ZWA_PO/BDV-STG.ldm}:/INT_ZWA_STG/Prestage Taak in Zaak/Code aanleiding activiteit",Code aanleiding activiteit,"VARCHAR(9)",False,,,,,,"{/02 INT_ZWA_PO/BDV-STG.ldm}:/INT_ZWA_STG/Taak in Zaak/Code aanleiding activiteit",Code aanleiding activiteit,"VARCHAR(99)",False,,,,,,,
Accepted,"{/02 INT_ZWA_PO/BDV-STG.ldm}:/INT_ZWA_STG/Prestage Taak in Zaak/Aanleiding activiteit",Aanleiding activiteit,"VARCHAR(99)",False,,,,,,"{/02 INT_ZWA_PO/BDV-STG.ldm}:/INT_ZWA_STG/Taak in Zaak/Aanleiding activiteit",Aanleiding activiteit,"VARCHAR(99)",False,,,,,,,
Accepted,"{/02 INT_ZWA_PO/BDV-STG.ldm}:/INT_ZWA_STG/Prestage Taak in Zaak/Datum activiteit Plan",Datum activiteit Plan,"TIMESTAMP",False,,,,,,"{/02 INT_ZWA_PO/BDV-STG.ldm}:/INT_ZWA_STG/Taak in Zaak/Datum activiteit Plan",Datum activiteit Plan,"TIMESTAMP",False,,,,,,,
Accepted,"{/02 INT_ZWA_PO/BDV-STG.ldm}:/INT_ZWA_STG/Prestage Taak in Zaak/Datum activiteit Realisatie",Datum activiteit Realisatie,"TIMESTAMP",False,,,,,,"{/02 INT_ZWA_PO/BDV-STG.ldm}:/INT_ZWA_STG/Taak in Zaak/Datum activiteit Realisatie",Datum activiteit Realisatie,"TIMESTAMP",False,,,,,,,
Accepted,"{/02 INT_ZWA_PO/BDV-STG.ldm}:/INT_ZWA_STG/Prestage Taak in Zaak/Datum oproep",Datum oproep,"TIMESTAMP",False,,,,,,"{/02 INT_ZWA_PO/BDV-STG.ldm}:/INT_ZWA_STG/Taak in Zaak/Datum oproep",Datum oproep,"TIMESTAMP",False,,,,,,,
Accepted,"{/02 INT_ZWA_PO/BDV-STG.ldm}:/INT_ZWA_STG/Prestage Taak in Zaak/Code aanwezigheid persoon",Code aanwezigheid persoon,"VARCHAR(9)",False,,,,,,"{/02 INT_ZWA_PO/BDV-STG.ldm}:/INT_ZWA_STG/Taak in Zaak/Code aanwezigheid persoon",Code aanwezigheid persoon,"VARCHAR(99)",False,,,,,,,
Accepted,"{/02 INT_ZWA_PO/BDV-STG.ldm}:/INT_ZWA_STG/Prestage Taak in Zaak/Aanwezigheid persoon",Aanwezigheid persoon,"VARCHAR(99)",False,,,,,,"{/02 INT_ZWA_PO/BDV-STG.ldm}:/INT_ZWA_STG/Taak in Zaak/Aanwezigheid persoon",Aanwezigheid persoon,"VARCHAR(99)",False,,,,,,,
Accepted,"{/02 INT_ZWA_PO/BDV-STG.ldm}:/INT_ZWA_STG/Prestage Taak in Zaak/Code functie medewerker",Code functie medewerker,"VARCHAR(9)",False,,,,,,"{/02 INT_ZWA_PO/BDV-STG.ldm}:/INT_ZWA_STG/Taak in Zaak/Code functie medewerker",Code functie medewerker,"VARCHAR(99)",False,,,,,,,
Accepted,"{/02 INT_ZWA_PO/BDV-STG.ldm}:/INT_ZWA_STG/Prestage Taak in Zaak/Functie medewerker",Functie medewerker,"VARCHAR(99)",False,,,,,,"{/02 INT_ZWA_PO/BDV-STG.ldm}:/INT_ZWA_STG/Taak in Zaak/Functie medewerker",Functie medewerker,"VARCHAR(99)",False,,,,,,,
Accepted,"{/02 INT_ZWA_PO/BDV-STG.ldm}:/INT_ZWA_STG/Prestage Taak in Zaak/Code status activiteit",Code status activiteit,"VARCHAR(9)",False,,,,,,"{/02 INT_ZWA_PO/BDV-STG.ldm}:/INT_ZWA_STG/Taak in Zaak/Code status activiteit",Code status activiteit,"VARCHAR(99)",False,,,,,,,
Accepted,"{/02 INT_ZWA_PO/BDV-STG.ldm}:/INT_ZWA_STG/Prestage Taak in Zaak/Status activiteit",Status activiteit,"VARCHAR(99)",False,,,,,,"{/02 INT_ZWA_PO/BDV-STG.ldm}:/INT_ZWA_STG/Taak in Zaak/Status activiteit",Status activiteit,"VARCHAR(99)",False,,,,,,,
Accepted,"{/02 INT_ZWA_PO/BDV-STG.ldm}:/INT_ZWA_STG/Prestage Taak in Zaak/Code conclusie activiteit",Code conclusie activiteit,"VARCHAR(9)",False,,,,,,"{/02 INT_ZWA_PO/BDV-STG.ldm}:/INT_ZWA_STG/Taak in Zaak/Code conclusie activiteit",Code conclusie activiteit,"VARCHAR(99)",False,,,,,,,
Accepted,"{/02 INT_ZWA_PO/BDV-STG.ldm}:/INT_ZWA_STG/Prestage Taak in Zaak/Conclusie activiteit",Conclusie activiteit,"VARCHAR(99)",False,,,,,,"{/02 INT_ZWA_PO/BDV-STG.ldm}:/INT_ZWA_STG/Taak in Zaak/Conclusie activiteit",Conclusie activiteit,"VARCHAR(999)",False,,,,,,,
Accepted,"{/02 INT_ZWA_PO/BDV-STG.ldm}:/INT_ZWA_STG/Prestage Taak in Zaak/Ingangsdatum Bwt",Ingangsdatum Bwt,"DATE",False,,,,,,"{/02 INT_ZWA_PO/BDV-STG.ldm}:/INT_ZWA_STG/Taak in Zaak/Ingangsdatum Bwt",Ingangsdatum Bwt,"TIMESTAMP",False,,,,,,,
Accepted,"{/02 INT_ZWA_PO/BDV-STG.ldm}:/INT_ZWA_STG/Prestage Taak in Zaak/BSN",BSN,"VARCHAR(99)",False,,,,,,"{/02 INT_ZWA_PO/BDV-STG.ldm}:/INT_ZWA_STG/Taak in Zaak/Zaak Hashkey",Zaak Hashkey,"VARCHAR(99)",True,,,,,,,
Accepted,"{/02 INT_ZWA_PO/BDV-STG.ldm}:/INT_ZWA_STG/Prestage Taak in Zaak/Aansluitingsnr",Aansluitingsnr,"VARCHAR(99)",False,,,,,,"{/02 INT_ZWA_PO/BDV-STG.ldm}:/INT_ZWA_STG/Taak in Zaak/Zaak Hashkey",Zaak Hashkey,"VARCHAR(99)",True,,,,,,,
Accepted,"{/02 INT_ZWA_PO/BDV-STG.ldm}:/INT_ZWA_STG/Prestage Taak in Zaak/Contractcode",Contractcode,"VARCHAR(9)",False,,,,,,"{/02 INT_ZWA_PO/BDV-STG.ldm}:/INT_ZWA_STG/Taak in Zaak/Zaak Hashkey",Zaak Hashkey,"VARCHAR(99)",True,,,,,,,
Accepted,"{/02 INT_ZWA_PO/BDV-STG.ldm}:/INT_ZWA_STG/Prestage Taak in Zaak/Buitenlandse instellingsnr",Buitenlandse instellingsnr,"VARCHAR(9)",False,,,,,,"{/02 INT_ZWA_PO/BDV-STG.ldm}:/INT_ZWA_STG/Taak in Zaak/Zaak Hashkey",Zaak Hashkey,"VARCHAR(99)",True,,,,,,,
Accepted,"{/02 INT_ZWA_PO/BDV-STG.ldm}:/INT_ZWA_STG/Prestage Taak in Zaak/Datum Boeking Dienstverband",Datum Boeking Dienstverband,"TIMESTAMP",False,,,,,,"{/02 INT_ZWA_PO/BDV-STG.ldm}:/INT_ZWA_STG/Taak in Zaak/Zaak Hashkey",Zaak Hashkey,"VARCHAR(99)",True,,,,,,,
Accepted,"{/02 INT_ZWA_PO/BDV-STG.ldm}:/INT_ZWA_STG/Prestage Taak in Zaak/Begindatum AO",Begindatum AO,"TIMESTAMP",False,,,,,,"{/02 INT_ZWA_PO/BDV-STG.ldm}:/INT_ZWA_STG/Taak in Zaak/Zaak Hashkey",Zaak Hashkey,"VARCHAR(99)",True,,,,,,,
Accepted,"{/02 INT_ZWA_PO/BDV-STG.ldm}:/INT_ZWA_STG/Prestage Taak in Zaak/Activiteitcode",Activiteitcode,"VARCHAR(9)",False,,,,,,"{/02 INT_ZWA_PO/BDV-STG.ldm}:/INT_ZWA_STG/Taak in Zaak/Taak Hashkey",Taak Hashkey,"VARCHAR(99)",True,,,,,,,
Accepted,"{/02 INT_ZWA_PO/BDV-STG.ldm}:/INT_ZWA_STG/Prestage Taak in Zaak/Activiteit Omschrijving",Activiteit Omschrijving,"VARCHAR(99)",False,,,,,,"{/02 INT_ZWA_PO/BDV-STG.ldm}:/INT_ZWA_STG/Taak in Zaak/Hashdiff Taak",Hashdiff Taak,"VARCHAR(99)",True,,,,,,,
Accepted,"{/02 INT_ZWA_PO/BDV-STG.ldm}:/INT_ZWA_STG/Prestage Taak in Zaak/BSN",BSN,"VARCHAR(99)",False,,,,,,"{/02 INT_ZWA_PO/BDV-STG.ldm}:/INT_ZWA_STG/Taak in Zaak/Taak In Zaak L Hashkey",Taak In Zaak L Hashkey,"VARCHAR(99)",True,,,,,,,
Accepted,"{/02 INT_ZWA_PO/BDV-STG.ldm}:/INT_ZWA_STG/Prestage Taak in Zaak/Aansluitingsnr",Aansluitingsnr,"VARCHAR(99)",False,,,,,,"{/02 INT_ZWA_PO/BDV-STG.ldm}:/INT_ZWA_STG/Taak in Zaak/Taak In Zaak L Hashkey",Taak In Zaak L Hashkey,"VARCHAR(99)",True,,,,,,,
Accepted,"{/02 INT_ZWA_PO/BDV-STG.ldm}:/INT_ZWA_STG/Prestage Taak in Zaak/Contractcode",Contractcode,"VARCHAR(9)",False,,,,,,"{/02 INT_ZWA_PO/BDV-STG.ldm}:/INT_ZWA_STG/Taak in Zaak/Taak In Zaak L Hashkey",Taak In Zaak L Hashkey,"VARCHAR(99)",True,,,,,,,
Accepted,"{/02 INT_ZWA_PO/BDV-STG.ldm}:/INT_ZWA_STG/Prestage Taak in Zaak/Buitenlandse instellingsnr",Buitenlandse instellingsnr,"VARCHAR(9)",False,,,,,,"{/02 INT_ZWA_PO/BDV-STG.ldm}:/INT_ZWA_STG/Taak in Zaak/Taak In Zaak L Hashkey",Taak In Zaak L Hashkey,"VARCHAR(99)",True,,,,,,,
Accepted,"{/02 INT_ZWA_PO/BDV-STG.ldm}:/INT_ZWA_STG/Prestage Taak in Zaak/Datum Boeking Dienstverband",Datum Boeking Dienstverband,"TIMESTAMP",False,,,,,,"{/02 INT_ZWA_PO/BDV-STG.ldm}:/INT_ZWA_STG/Taak in Zaak/Taak In Zaak L Hashkey",Taak In Zaak L Hashkey,"VARCHAR(99)",True,,,,,,,
Accepted,"{/02 INT_ZWA_PO/BDV-STG.ldm}:/INT_ZWA_STG/Prestage Taak in Zaak/Begindatum AO",Begindatum AO,"TIMESTAMP",False,,,,,,"{/02 INT_ZWA_PO/BDV-STG.ldm}:/INT_ZWA_STG/Taak in Zaak/Taak In Zaak L Hashkey",Taak In Zaak L Hashkey,"VARCHAR(99)",True,,,,,,,
Accepted,"{/02 INT_ZWA_PO/BDV-STG.ldm}:/INT_ZWA_STG/Prestage Taak in Zaak/Activiteitcode",Activiteitcode,"VARCHAR(9)",False,,,,,,"{/02 INT_ZWA_PO/BDV-STG.ldm}:/INT_ZWA_STG/Taak in Zaak/Taak In Zaak L Hashkey",Taak In Zaak L Hashkey,"VARCHAR(99)",True,,,,,,,
Accepted,"{/02 INT_ZWA_PO/BDV-STG.ldm}:/INT_ZWA_STG/Prestage Taak in Zaak/Datum initiele boeking activiteit",Datum initiele boeking activiteit,"TIMESTAMP",False,,,,,,"{/02 INT_ZWA_PO/BDV-STG.ldm}:/INT_ZWA_STG/Taak in Zaak/Taak In Zaak L Hashkey",Taak In Zaak L Hashkey,"VARCHAR(99)",True,,,,,,,
Accepted,"{/02 INT_ZWA_PO/BDV-STG.ldm}:/INT_ZWA_STG/Prestage Taak in Zaak/Teamnummer",Teamnummer,"VARCHAR(9)",False,,,,,,"{/02 INT_ZWA_PO/BDV-STG.ldm}:/INT_ZWA_STG/Taak in Zaak/Taak In Zaak L Hashkey",Taak In Zaak L Hashkey,"VARCHAR(99)",True,,,,,,,
Accepted,"{/02 INT_ZWA_PO/BDV-STG.ldm}:/INT_ZWA_STG/Prestage Taak in Zaak/Districtskantoor Nr",Districtskantoor Nr,"NUMERIC(38,10)",False,,,,,,"{/02 INT_ZWA_PO/BDV-STG.ldm}:/INT_ZWA_STG/Taak in Zaak/Taak In Zaak L Hashkey",Taak In Zaak L Hashkey,"VARCHAR(99)",True,,,,,,,
Accepted,"{/02 INT_ZWA_PO/BDV-STG.ldm}:/INT_ZWA_STG/Prestage Taak in Zaak/Districtskantoor Nr",Districtskantoor Nr,"NUMERIC(38,10)",False,,,,,,"{/02 INT_ZWA_PO/BDV-STG.ldm}:/INT_ZWA_STG/Taak in Zaak/Districtskantoor Nr",Districtskantoor Nr,"NUMERIC(38,10)",False,,,,,,"msl_mapping_documentation - -ORG_BRON_ID moet voor IMF altijd 5 en voor UZS altijd 8 zijn
-DIM_IND_HUIDIG = 'J'
- Join Nr Districtskantoor (LEVEL1_CODE) met nummer Districtskantoor, zodat deze gebruikt kan worden voor het ophalen van bijbehorende naam, regio en sorteervolgordes ",
Accepted,"{/02 INT_ZWA_PO/BDV-STG.ldm}:/INT_ZWA_STG/Prestage Taak in Zaak/Teamnummer",Teamnummer,"VARCHAR(9)",False,,,,,,"{/02 INT_ZWA_PO/BDV-STG.ldm}:/INT_ZWA_STG/Taak in Zaak/Team Hashkey",Team Hashkey,"VARCHAR(99)",True,,,,,,,
Accepted,"{/02 INT_ZWA_PO/BDV-STG.ldm}:/INT_ZWA_STG/Prestage Taak in Zaak/Districtskantoor Nr",Districtskantoor Nr,"NUMERIC(38,10)",False,,,,,,"{/02 INT_ZWA_PO/BDV-STG.ldm}:/INT_ZWA_STG/Taak in Zaak/Team Hashkey",Team Hashkey,"VARCHAR(99)",True,,,,,,,
Accepted,"{/02 INT_ZWA_PO/BDV-STG.ldm}:/INT_ZWA_STG/Prestage Taak in Zaak/Datum boeking activiteit",Datum boeking activiteit,"TIMESTAMP",False,,,,,,"{/02 INT_ZWA_PO/BDV-STG.ldm}:/INT_ZWA_STG/Taak in Zaak/Hashdiff TaakInZaak",Hashdiff TaakInZaak,"VARCHAR(99)",True,,,,,,,
Accepted,"{/02 INT_ZWA_PO/BDV-STG.ldm}:/INT_ZWA_STG/Prestage Taak in Zaak/Code aanleiding activiteit",Code aanleiding activiteit,"VARCHAR(9)",False,,,,,,"{/02 INT_ZWA_PO/BDV-STG.ldm}:/INT_ZWA_STG/Taak in Zaak/Hashdiff TaakInZaak",Hashdiff TaakInZaak,"VARCHAR(99)",True,,,,,,,
Accepted,"{/02 INT_ZWA_PO/BDV-STG.ldm}:/INT_ZWA_STG/Prestage Taak in Zaak/Aanleiding activiteit",Aanleiding activiteit,"VARCHAR(99)",False,,,,,,"{/02 INT_ZWA_PO/BDV-STG.ldm}:/INT_ZWA_STG/Taak in Zaak/Hashdiff TaakInZaak",Hashdiff TaakInZaak,"VARCHAR(99)",True,,,,,,,
Accepted,"{/02 INT_ZWA_PO/BDV-STG.ldm}:/INT_ZWA_STG/Prestage Taak in Zaak/Datum activiteit Plan",Datum activiteit Plan,"TIMESTAMP",False,,,,,,"{/02 INT_ZWA_PO/BDV-STG.ldm}:/INT_ZWA_STG/Taak in Zaak/Hashdiff TaakInZaak",Hashdiff TaakInZaak,"VARCHAR(99)",True,,,,,,,
Accepted,"{/02 INT_ZWA_PO/BDV-STG.ldm}:/INT_ZWA_STG/Prestage Taak in Zaak/Datum activiteit Realisatie",Datum activiteit Realisatie,"TIMESTAMP",False,,,,,,"{/02 INT_ZWA_PO/BDV-STG.ldm}:/INT_ZWA_STG/Taak in Zaak/Hashdiff TaakInZaak",Hashdiff TaakInZaak,"VARCHAR(99)",True,,,,,,,
Accepted,"{/02 INT_ZWA_PO/BDV-STG.ldm}:/INT_ZWA_STG/Prestage Taak in Zaak/Datum oproep",Datum oproep,"TIMESTAMP",False,,,,,,"{/02 INT_ZWA_PO/BDV-STG.ldm}:/INT_ZWA_STG/Taak in Zaak/Hashdiff TaakInZaak",Hashdiff TaakInZaak,"VARCHAR(99)",True,,,,,,,
Accepted,"{/02 INT_ZWA_PO/BDV-STG.ldm}:/INT_ZWA_STG/Prestage Taak in Zaak/Code aanwezigheid persoon",Code aanwezigheid persoon,"VARCHAR(9)",False,,,,,,"{/02 INT_ZWA_PO/BDV-STG.ldm}:/INT_ZWA_STG/Taak in Zaak/Hashdiff TaakInZaak",Hashdiff TaakInZaak,"VARCHAR(99)",True,,,,,,,
Accepted,"{/02 INT_ZWA_PO/BDV-STG.ldm}:/INT_ZWA_STG/Prestage Taak in Zaak/Aanwezigheid persoon",Aanwezigheid persoon,"VARCHAR(99)",False,,,,,,"{/02 INT_ZWA_PO/BDV-STG.ldm}:/INT_ZWA_STG/Taak in Zaak/Hashdiff TaakInZaak",Hashdiff TaakInZaak,"VARCHAR(99)",True,,,,,,,
Accepted,"{/02 INT_ZWA_PO/BDV-STG.ldm}:/INT_ZWA_STG/Prestage Taak in Zaak/Code functie medewerker",Code functie medewerker,"VARCHAR(9)",False,,,,,,"{/02 INT_ZWA_PO/BDV-STG.ldm}:/INT_ZWA_STG/Taak in Zaak/Hashdiff TaakInZaak",Hashdiff TaakInZaak,"VARCHAR(99)",True,,,,,,,
Accepted,"{/02 INT_ZWA_PO/BDV-STG.ldm}:/INT_ZWA_STG/Prestage Taak in Zaak/Functie medewerker",Functie medewerker,"VARCHAR(99)",False,,,,,,"{/02 INT_ZWA_PO/BDV-STG.ldm}:/INT_ZWA_STG/Taak in Zaak/Hashdiff TaakInZaak",Hashdiff TaakInZaak,"VARCHAR(99)",True,,,,,,,
Accepted,"{/02 INT_ZWA_PO/BDV-STG.ldm}:/INT_ZWA_STG/Prestage Taak in Zaak/Code status activiteit",Code status activiteit,"VARCHAR(9)",False,,,,,,"{/02 INT_ZWA_PO/BDV-STG.ldm}:/INT_ZWA_STG/Taak in Zaak/Hashdiff TaakInZaak",Hashdiff TaakInZaak,"VARCHAR(99)",True,,,,,,,
Accepted,"{/02 INT_ZWA_PO/BDV-STG.ldm}:/INT_ZWA_STG/Prestage Taak in Zaak/Status activiteit",Status activiteit,"VARCHAR(99)",False,,,,,,"{/02 INT_ZWA_PO/BDV-STG.ldm}:/INT_ZWA_STG/Taak in Zaak/Hashdiff TaakInZaak",Hashdiff TaakInZaak,"VARCHAR(99)",True,,,,,,,
Accepted,"{/02 INT_ZWA_PO/BDV-STG.ldm}:/INT_ZWA_STG/Prestage Taak in Zaak/Code conclusie activiteit",Code conclusie activiteit,"VARCHAR(9)",False,,,,,,"{/02 INT_ZWA_PO/BDV-STG.ldm}:/INT_ZWA_STG/Taak in Zaak/Hashdiff TaakInZaak",Hashdiff TaakInZaak,"VARCHAR(99)",True,,,,,,,
Accepted,"{/02 INT_ZWA_PO/BDV-STG.ldm}:/INT_ZWA_STG/Prestage Taak in Zaak/Conclusie activiteit",Conclusie activiteit,"VARCHAR(99)",False,,,,,,"{/02 INT_ZWA_PO/BDV-STG.ldm}:/INT_ZWA_STG/Taak in Zaak/Hashdiff TaakInZaak",Hashdiff TaakInZaak,"VARCHAR(99)",True,,,,,,,
Accepted,"{/02 INT_ZWA_PO/BDV-STG.ldm}:/INT_ZWA_STG/Prestage Taak in Zaak/Naam medewerker",Naam medewerker,"VARCHAR(99)",False,,,,,,"{/02 INT_ZWA_PO/BDV-STG.ldm}:/INT_ZWA_STG/Taak in Zaak/Hashdiff TaakInZaak",Hashdiff TaakInZaak,"VARCHAR(99)",True,,,,,,,
Accepted,"{/02 INT_ZWA_PO/BDV-STG.ldm}:/INT_ZWA_STG/Prestage Taak in Zaak/Teamnummer",Teamnummer,"VARCHAR(9)",False,,,,,,"{/02 INT_ZWA_PO/BDV-STG.ldm}:/INT_ZWA_STG/Taak in Zaak/Teamnummer",Teamnummer,"VARCHAR(9)",False,,,,,,,
Accepted,"{/02 INT_ZWA_PO/BDV-STG.ldm}:/INT_ZWA_STG/Prestage Taak in Zaak/Naam medewerker",Naam medewerker,"VARCHAR(99)",False,,,,,,"{/02 INT_ZWA_PO/BDV-STG.ldm}:/INT_ZWA_STG/Taak in Zaak/Naam medewerker",Naam medewerker,"VARCHAR(99)",False,,,,,,,
Accepted,"{/02 INT_ZWA_PO/BDV-STG.ldm}:/INT_ZWA_STG/PreStage Team/Teamnummer",Teamnummer,"VARCHAR(9)",False,,,,,,"{/02 INT_ZWA_PO/BDV-STG.ldm}:/INT_ZWA_STG/Team/Teamnummer",Teamnummer,"VARCHAR(9)",False,,,,,,,
Accepted,"{/02 INT_ZWA_PO/BDV-STG.ldm}:/INT_ZWA_STG/PreStage Team/Teamnaam",Teamnaam,"VARCHAR(99)",False,"Blijft nu bewust even leeg",,,,,"{/02 INT_ZWA_PO/BDV-STG.ldm}:/INT_ZWA_STG/Team/Teamnaam",Teamnaam,"VARCHAR(99)",False,"Blijft nu bewust even leeg",,,,,,
Accepted,"{/02 INT_ZWA_PO/BDV-STG.ldm}:/INT_ZWA_STG/PreStage Team/Ingangsdatum bwt Team",Ingangsdatum bwt Team,"TIMESTAMP",False,,,,,,"{/02 INT_ZWA_PO/BDV-STG.ldm}:/INT_ZWA_STG/Team/Ingangsdatum bwt Team",Ingangsdatum bwt Team,"TIMESTAMP",False,,,,,,,
Accepted,"{/02 INT_ZWA_PO/BDV-STG.ldm}:/INT_ZWA_STG/PreStage Team/Ingangsdatum bwt Team",Ingangsdatum bwt Team,"TIMESTAMP",False,,,,,,"{/02 INT_ZWA_PO/BDV-STG.ldm}:/INT_ZWA_STG/Team/Hashdiff Team bwt",Hashdiff Team bwt,"VARCHAR(99)",True,,,,,,,
Accepted,"{/02 INT_ZWA_PO/BDV-STG.ldm}:/INT_ZWA_STG/PreStage Team/Teamnummer",Teamnummer,"VARCHAR(9)",False,,,,,,"{/02 INT_ZWA_PO/BDV-STG.ldm}:/INT_ZWA_STG/Team/Team Hashkey",Team Hashkey,"VARCHAR(99)",True,,,,,,"msl_mapping_documentation - Nr Districtskantoor || Teamnummer",
Accepted,"{/02 INT_ZWA_PO/BDV-STG.ldm}:/INT_ZWA_STG/PreStage Team/Districtskantoor Nr",Districtskantoor Nr,"NUMERIC(38,10)",False,,,,,,"{/02 INT_ZWA_PO/BDV-STG.ldm}:/INT_ZWA_STG/Team/Team Hashkey",Team Hashkey,"VARCHAR(99)",True,,,,,,"msl_mapping_documentation - Nr Districtskantoor || Teamnummer",
Accepted,"{/02 INT_ZWA_PO/BDV-STG.ldm}:/INT_ZWA_STG/PreStage Team/Teamnaam",Teamnaam,"VARCHAR(99)",False,"Blijft nu bewust even leeg",,,,,"{/02 INT_ZWA_PO/BDV-STG.ldm}:/INT_ZWA_STG/Team/Hashdiff Team",Hashdiff Team,"VARCHAR(99)",True,,,,,,"msl_mapping_documentation - Teamnaam || Organisatie Bron ID || Naam Districtskantoor || Sorteervolgnr || Nummer Regio || Naam Regio || Sorteer Volgorde Regio",
Accepted,"{/02 INT_ZWA_PO/BDV-STG.ldm}:/INT_ZWA_STG/PreStage Team/Districtskantoor Naam",Districtskantoor Naam,"VARCHAR(99)",False,,,,,,"{/02 INT_ZWA_PO/BDV-STG.ldm}:/INT_ZWA_STG/Team/Hashdiff Team",Hashdiff Team,"VARCHAR(99)",True,,,,,,"msl_mapping_documentation - Teamnaam || Organisatie Bron ID || Naam Districtskantoor || Sorteervolgnr || Nummer Regio || Naam Regio || Sorteer Volgorde Regio",
Accepted,"{/02 INT_ZWA_PO/BDV-STG.ldm}:/INT_ZWA_STG/PreStage Team/Districtskantoor Sorteervolgnr",Districtskantoor Sorteervolgnr,"NUMERIC(38,10)",False,,,,,,"{/02 INT_ZWA_PO/BDV-STG.ldm}:/INT_ZWA_STG/Team/Hashdiff Team",Hashdiff Team,"VARCHAR(99)",True,,,,,,"msl_mapping_documentation - Teamnaam || Organisatie Bron ID || Naam Districtskantoor || Sorteervolgnr || Nummer Regio || Naam Regio || Sorteer Volgorde Regio",
Accepted,"{/02 INT_ZWA_PO/BDV-STG.ldm}:/INT_ZWA_STG/PreStage Team/Regio Nr",Regio Nr,"NUMERIC(38,10)",False,,,,,,"{/02 INT_ZWA_PO/BDV-STG.ldm}:/INT_ZWA_STG/Team/Hashdiff Team",Hashdiff Team,"VARCHAR(99)",True,,,,,,"msl_mapping_documentation - Teamnaam || Organisatie Bron ID || Naam Districtskantoor || Sorteervolgnr || Nummer Regio || Naam Regio || Sorteer Volgorde Regio",
Accepted,"{/02 INT_ZWA_PO/BDV-STG.ldm}:/INT_ZWA_STG/PreStage Team/Regio Naam",Regio Naam,"VARCHAR(99)",False,,,,,,"{/02 INT_ZWA_PO/BDV-STG.ldm}:/INT_ZWA_STG/Team/Hashdiff Team",Hashdiff Team,"VARCHAR(99)",True,,,,,,"msl_mapping_documentation - Teamnaam || Organisatie Bron ID || Naam Districtskantoor || Sorteervolgnr || Nummer Regio || Naam Regio || Sorteer Volgorde Regio",
Accepted,"{/02 INT_ZWA_PO/BDV-STG.ldm}:/INT_ZWA_STG/PreStage Team/Regio Sorteervolgnr",Regio Sorteervolgnr,"NUMERIC(38,10)",False,,,,,,"{/02 INT_ZWA_PO/BDV-STG.ldm}:/INT_ZWA_STG/Team/Hashdiff Team",Hashdiff Team,"VARCHAR(99)",True,,,,,,"msl_mapping_documentation - Teamnaam || Organisatie Bron ID || Naam Districtskantoor || Sorteervolgnr || Nummer Regio || Naam Regio || Sorteer Volgorde Regio",
Accepted,"{/02 INT_ZWA_PO/BDV-STG.ldm}:/INT_ZWA_STG/PreStage Team/Districtskantoor Nr",Districtskantoor Nr,"NUMERIC(38,10)",False,,,,,,"{/02 INT_ZWA_PO/BDV-STG.ldm}:/INT_ZWA_STG/Team/Districtskantoor Nr",Districtskantoor Nr,"NUMERIC(38,10)",False,,,,,,,
Accepted,"{/02 INT_ZWA_PO/BDV-STG.ldm}:/INT_ZWA_STG/PreStage Team/Districtskantoor Naam",Districtskantoor Naam,"VARCHAR(99)",False,,,,,,"{/02 INT_ZWA_PO/BDV-STG.ldm}:/INT_ZWA_STG/Team/Districtskantoor Naam",Districtskantoor Naam,"VARCHAR(99)",False,,,,,,,
Accepted,"{/02 INT_ZWA_PO/BDV-STG.ldm}:/INT_ZWA_STG/PreStage Team/Regio Naam",Regio Naam,"VARCHAR(99)",False,,,,,,"{/02 INT_ZWA_PO/BDV-STG.ldm}:/INT_ZWA_STG/Team/Regio Naam",Regio Naam,"VARCHAR(99)",False,,,,,,,
Accepted,"{/02 INT_ZWA_PO/BDV-STG.ldm}:/INT_ZWA_STG/PreStage Team/Districtskantoor Sorteervolgnr",Districtskantoor Sorteervolgnr,"NUMERIC(38,10)",False,,,,,,"{/02 INT_ZWA_PO/BDV-STG.ldm}:/INT_ZWA_STG/Team/Districtskantoor Sorteervolgnr",Districtskantoor Sorteervolgnr,"NUMERIC(38,10)",False,,,,,,,
Accepted,"{/02 INT_ZWA_PO/BDV-STG.ldm}:/INT_ZWA_STG/PreStage Team/Regio Nr",Regio Nr,"NUMERIC(38,10)",False,,,,,,"{/02 INT_ZWA_PO/BDV-STG.ldm}:/INT_ZWA_STG/Team/Regio Nr",Regio Nr,"NUMERIC(38,10)",False,,,,,,,
Accepted,"{/02 INT_ZWA_PO/BDV-STG.ldm}:/INT_ZWA_STG/PreStage Team/Regio Sorteervolgnr",Regio Sorteervolgnr,"NUMERIC(38,10)",False,,,,,,"{/02 INT_ZWA_PO/BDV-STG.ldm}:/INT_ZWA_STG/Team/Regio Sorteervolgnr",Regio Sorteervolgnr,"NUMERIC(38,10)",False,,,,,,,
Accepted,"{/02 INT_ZWA_PO/BDV-STG.ldm}:/INT_ZWA_STG/Prestage Natuurlijke Persoon/BSN",BSN,"VARCHAR(99)",True,,,,,,"{/02 INT_ZWA_PO/BDV-STG.ldm}:/INT_ZWA_STG/Natuurlijke Persoon/BSN",BSN,"VARCHAR(99)",True,,,,,,,
Accepted,"{/02 INT_ZWA_PO/BDV-STG.ldm}:/INT_ZWA_STG/Prestage Natuurlijke Persoon/Status Persoon",Status Persoon,"VARCHAR(9)",False,,,,,,"{/02 INT_ZWA_PO/BDV-STG.ldm}:/INT_ZWA_STG/Natuurlijke Persoon/Status Persoon",Status Persoon,"VARCHAR(9)",False,,,,,,,
Accepted,"{/02 INT_ZWA_PO/BDV-STG.ldm}:/INT_ZWA_STG/Prestage Natuurlijke Persoon/Geboortedatum",Geboortedatum,"TIMESTAMP",False,,,,,,"{/02 INT_ZWA_PO/BDV-STG.ldm}:/INT_ZWA_STG/Natuurlijke Persoon/Geboortedatum",Geboortedatum,"TIMESTAMP",False,,,,,,,
Accepted,"{/02 INT_ZWA_PO/BDV-STG.ldm}:/INT_ZWA_STG/Prestage Natuurlijke Persoon/Domicilie Postcode",Domicilie Postcode,"VARCHAR(9)",False,,,,,,"{/02 INT_ZWA_PO/BDV-STG.ldm}:/INT_ZWA_STG/Natuurlijke Persoon/Domicilie Postcode",Domicilie Postcode,"VARCHAR(9)",False,,,,,,,
Accepted,"{/02 INT_ZWA_PO/BDV-STG.ldm}:/INT_ZWA_STG/Prestage Natuurlijke Persoon/Verpleeg Adres Postcode",Verpleeg Adres Postcode,"VARCHAR(9)",False,,,,,,"{/02 INT_ZWA_PO/BDV-STG.ldm}:/INT_ZWA_STG/Natuurlijke Persoon/Verpleeg Adres Postcode",Verpleeg Adres Postcode,"VARCHAR(9)",False,,,,,,,
Accepted,"{/02 INT_ZWA_PO/BDV-STG.ldm}:/INT_ZWA_STG/Prestage Natuurlijke Persoon/Verpleeg Adres Land Nr",Verpleeg Adres Land Nr,"VARCHAR(9)",False,,,,,,"{/02 INT_ZWA_PO/BDV-STG.ldm}:/INT_ZWA_STG/Natuurlijke Persoon/Verpleeg Adres Land Nr",Verpleeg Adres Land Nr,"VARCHAR(9)",False,,,,,,,
Accepted,"{/02 INT_ZWA_PO/BDV-STG.ldm}:/INT_ZWA_STG/Prestage Natuurlijke Persoon/Verpleeg Instelling Code",Verpleeg Instelling Code,"VARCHAR(9)",False,,,,,,"{/02 INT_ZWA_PO/BDV-STG.ldm}:/INT_ZWA_STG/Natuurlijke Persoon/Verpleeg Instelling Code",Verpleeg Instelling Code,"VARCHAR(9)",False,,,,,,,
Accepted,"{/02 INT_ZWA_PO/BDV-STG.ldm}:/INT_ZWA_STG/Prestage Natuurlijke Persoon/BSN",BSN,"VARCHAR(99)",True,,,,,,"{/02 INT_ZWA_PO/BDV-STG.ldm}:/INT_ZWA_STG/Natuurlijke Persoon/Natuurlijkepersoon H Hk",Natuurlijkepersoon H Hk,"VARCHAR(99)",True,,,,,,,
Accepted,"{/02 INT_ZWA_PO/BDV-STG.ldm}:/INT_ZWA_STG/Prestage Natuurlijke Persoon/Domicilie Postcode Gebied",Domicilie Postcode Gebied,"VARCHAR(9)",False,,,,,,"{/02 INT_ZWA_PO/BDV-STG.ldm}:/INT_ZWA_STG/Natuurlijke Persoon/Domicilie Postcode Gebied",Domicilie Postcode Gebied,"VARCHAR(9)",False,,,,,,,
Accepted,"{/02 INT_ZWA_PO/BDV-STG.ldm}:/INT_ZWA_STG/Prestage Natuurlijke Persoon/Verpleeg Adres Postcode Gebied",Verpleeg Adres Postcode Gebied,"VARCHAR(9)",False,,,,,,"{/02 INT_ZWA_PO/BDV-STG.ldm}:/INT_ZWA_STG/Natuurlijke Persoon/Verpleeg Adres Postcode Gebied",Verpleeg Adres Postcode Gebied,"VARCHAR(9)",False,,,,,,,
Accepted,"{/02 INT_ZWA_PO/BDV-STG.ldm}:/INT_ZWA_STG/Prestage Natuurlijke Persoon/Verpleeg Adres Land",Verpleeg Adres Land,"VARCHAR(99)",False,,,,,,"{/02 INT_ZWA_PO/BDV-STG.ldm}:/INT_ZWA_STG/Natuurlijke Persoon/Verpleeg Adres Land",Verpleeg Adres Land,"VARCHAR(99)",False,,,,,,,
Accepted,"{/02 INT_ZWA_PO/BDV-STG.ldm}:/INT_ZWA_STG/Prestage Natuurlijke Persoon/Verpleeg Instelling",Verpleeg Instelling,"VARCHAR(99)",False,,,,,,"{/02 INT_ZWA_PO/BDV-STG.ldm}:/INT_ZWA_STG/Natuurlijke Persoon/Verpleeg Instelling",Verpleeg Instelling,"VARCHAR(99)",False,,,,,,,
Accepted,"{/02 INT_ZWA_PO/BDV-STG.ldm}:/INT_ZWA_STG/Prestage Natuurlijke Persoon/Status Persoon",Status Persoon,"VARCHAR(9)",False,,,,,,"{/02 INT_ZWA_PO/BDV-STG.ldm}:/INT_ZWA_STG/Natuurlijke Persoon/Hashdiff Natuurlijke Persoon",Hashdiff Natuurlijke Persoon,"VARCHAR(99)",True,,,,,,,
Accepted,"{/02 INT_ZWA_PO/BDV-STG.ldm}:/INT_ZWA_STG/Prestage Natuurlijke Persoon/Geboortedatum",Geboortedatum,"TIMESTAMP",False,,,,,,"{/02 INT_ZWA_PO/BDV-STG.ldm}:/INT_ZWA_STG/Natuurlijke Persoon/Hashdiff Natuurlijke Persoon",Hashdiff Natuurlijke Persoon,"VARCHAR(99)",True,,,,,,,
Accepted,"{/02 INT_ZWA_PO/BDV-STG.ldm}:/INT_ZWA_STG/Prestage Natuurlijke Persoon/Domicilie Postcode",Domicilie Postcode,"VARCHAR(9)",False,,,,,,"{/02 INT_ZWA_PO/BDV-STG.ldm}:/INT_ZWA_STG/Natuurlijke Persoon/Hashdiff Natuurlijke Persoon",Hashdiff Natuurlijke Persoon,"VARCHAR(99)",True,,,,,,,
Accepted,"{/02 INT_ZWA_PO/BDV-STG.ldm}:/INT_ZWA_STG/Prestage Natuurlijke Persoon/Domicilie Postcode Gebied",Domicilie Postcode Gebied,"VARCHAR(9)",False,,,,,,"{/02 INT_ZWA_PO/BDV-STG.ldm}:/INT_ZWA_STG/Natuurlijke Persoon/Hashdiff Natuurlijke Persoon",Hashdiff Natuurlijke Persoon,"VARCHAR(99)",True,,,,,,,
Accepted,"{/02 INT_ZWA_PO/BDV-STG.ldm}:/INT_ZWA_STG/Prestage Natuurlijke Persoon/Verpleeg Adres Postcode",Verpleeg Adres Postcode,"VARCHAR(9)",False,,,,,,"{/02 INT_ZWA_PO/BDV-STG.ldm}:/INT_ZWA_STG/Natuurlijke Persoon/Hashdiff Natuurlijke Persoon",Hashdiff Natuurlijke Persoon,"VARCHAR(99)",True,,,,,,,
Accepted,"{/02 INT_ZWA_PO/BDV-STG.ldm}:/INT_ZWA_STG/Prestage Natuurlijke Persoon/Verpleeg Adres Postcode Gebied",Verpleeg Adres Postcode Gebied,"VARCHAR(9)",False,,,,,,"{/02 INT_ZWA_PO/BDV-STG.ldm}:/INT_ZWA_STG/Natuurlijke Persoon/Hashdiff Natuurlijke Persoon",Hashdiff Natuurlijke Persoon,"VARCHAR(99)",True,,,,,,,
Accepted,"{/02 INT_ZWA_PO/BDV-STG.ldm}:/INT_ZWA_STG/Prestage Natuurlijke Persoon/Verpleeg Adres Land Nr",Verpleeg Adres Land Nr,"VARCHAR(9)",False,,,,,,"{/02 INT_ZWA_PO/BDV-STG.ldm}:/INT_ZWA_STG/Natuurlijke Persoon/Hashdiff Natuurlijke Persoon",Hashdiff Natuurlijke Persoon,"VARCHAR(99)",True,,,,,,,
Accepted,"{/02 INT_ZWA_PO/BDV-STG.ldm}:/INT_ZWA_STG/Prestage Natuurlijke Persoon/Verpleeg Adres Land",Verpleeg Adres Land,"VARCHAR(99)",False,,,,,,"{/02 INT_ZWA_PO/BDV-STG.ldm}:/INT_ZWA_STG/Natuurlijke Persoon/Hashdiff Natuurlijke Persoon",Hashdiff Natuurlijke Persoon,"VARCHAR(99)",True,,,,,,,
Accepted,"{/02 INT_ZWA_PO/BDV-STG.ldm}:/INT_ZWA_STG/Prestage Natuurlijke Persoon/Verpleeg Instelling Code",Verpleeg Instelling Code,"VARCHAR(9)",False,,,,,,"{/02 INT_ZWA_PO/BDV-STG.ldm}:/INT_ZWA_STG/Natuurlijke Persoon/Hashdiff Natuurlijke Persoon",Hashdiff Natuurlijke Persoon,"VARCHAR(99)",True,,,,,,,
Accepted,"{/02 INT_ZWA_PO/BDV-STG.ldm}:/INT_ZWA_STG/Prestage Natuurlijke Persoon/Verpleeg Instelling",Verpleeg Instelling,"VARCHAR(99)",False,,,,,,"{/02 INT_ZWA_PO/BDV-STG.ldm}:/INT_ZWA_STG/Natuurlijke Persoon/Hashdiff Natuurlijke Persoon",Hashdiff Natuurlijke Persoon,"VARCHAR(99)",True,,,,,,,
Accepted,"{/02 INT_ZWA_PO/BDV-STG.ldm}:/INT_ZWA_STG/Prestage Zaak/BSN",BSN,"VARCHAR(99)",False,,,,,,"{/02 INT_ZWA_PO/BDV-STG.ldm}:/INT_ZWA_STG/Zaak/BSN",BSN,"VARCHAR(99)",False,,,,,,,
Accepted,"{/02 INT_ZWA_PO/BDV-STG.ldm}:/INT_ZWA_STG/Prestage Zaak/Aansluitingsnr",Aansluitingsnr,"VARCHAR(99)",False,,,,,,"{/02 INT_ZWA_PO/BDV-STG.ldm}:/INT_ZWA_STG/Zaak/Aansluitingsnr",Aansluitingsnr,"VARCHAR(99)",False,,,,,,,
Accepted,"{/02 INT_ZWA_PO/BDV-STG.ldm}:/INT_ZWA_STG/Prestage Zaak/Contractcode",Contractcode,"VARCHAR(9)",False,"00 kenmerk wordt niet toegepast.  
10 Vrijwillig verzekerden                          
15 oud verplicht verzekerden                            
20 Zieke werklozen                                  
40 Krankenkasse                   
41 Belgische zaken                
42 EEG                            
43 Verdragslanden                 
60 Consult SMZ 
NB  Bij 00 is de relatie tussen persoon en ao-geval een 
                         dienstverband, bij de overige is een standaard
                         contract van toepassing.",,,,,"{/02 INT_ZWA_PO/BDV-STG.ldm}:/INT_ZWA_STG/Zaak/Contractcode",Contractcode,"VARCHAR(9)",False,,,,,,,
Accepted,"{/02 INT_ZWA_PO/BDV-STG.ldm}:/INT_ZWA_STG/Prestage Zaak/Buitenlandse instellingsnr",Buitenlandse instellingsnr,"VARCHAR(9)",False,,,,,,"{/02 INT_ZWA_PO/BDV-STG.ldm}:/INT_ZWA_STG/Zaak/Buitenlandse instellingsnr",Buitenlandse instellingsnr,"VARCHAR(9)",False,,,,,,,
Accepted,"{/02 INT_ZWA_PO/BDV-STG.ldm}:/INT_ZWA_STG/Prestage Zaak/Datum Boeking Dienstverband",Datum Boeking Dienstverband,"TIMESTAMP",False,"Blijft nu even bewust leeg",,,,,"{/02 INT_ZWA_PO/BDV-STG.ldm}:/INT_ZWA_STG/Zaak/Datum Boeking Dienstverband",Datum Boeking Dienstverband,"TIMESTAMP",False,,,,,,,
Accepted,"{/02 INT_ZWA_PO/BDV-STG.ldm}:/INT_ZWA_STG/Prestage Zaak/Begindatum AO",Begindatum AO,"TIMESTAMP",False,,,,,,"{/02 INT_ZWA_PO/BDV-STG.ldm}:/INT_ZWA_STG/Zaak/Begindatum AO",Begindatum AO,"TIMESTAMP",False,,,,,,,
Accepted,"{/02 INT_ZWA_PO/BDV-STG.ldm}:/INT_ZWA_STG/Prestage Zaak/UZS Aanvraagid",UZS Aanvraagid,"NUMERIC(38,10)",False,,,,,,"{/02 INT_ZWA_PO/BDV-STG.ldm}:/INT_ZWA_STG/Zaak/UZS Aanvraagid",UZS Aanvraagid,"NUMERIC(38,10)",False,,,,,,,
Accepted,"{/02 INT_ZWA_PO/BDV-STG.ldm}:/INT_ZWA_STG/Prestage Zaak/UZS Gevalsvolgnr",UZS Gevalsvolgnr,"NUMERIC(38,10)",False,,,,,,"{/02 INT_ZWA_PO/BDV-STG.ldm}:/INT_ZWA_STG/Zaak/UZS Gevalsvolgnr",UZS Gevalsvolgnr,"NUMERIC(38,10)",False,,,,,,,
Accepted,"{/02 INT_ZWA_PO/BDV-STG.ldm}:/INT_ZWA_STG/Prestage Zaak/Datum ontvangst AO Melding",Datum ontvangst AO Melding,"TIMESTAMP",False,,,,,,"{/02 INT_ZWA_PO/BDV-STG.ldm}:/INT_ZWA_STG/Zaak/Datum ontvangst AO Melding",Datum ontvangst AO Melding,"TIMESTAMP",False,,,,,,,
Accepted,"{/02 INT_ZWA_PO/BDV-STG.ldm}:/INT_ZWA_STG/Prestage Zaak/Datum Boeking AO",Datum Boeking AO,"TIMESTAMP",False,"Dat Boeking AO + Tijd Boeking AO
Let op: Tijd Boeking AO is een getal
floor(Tijd Boeking AO / 100) = uren
mod(Tijd Boeking AO, 100) = minuten",,,,,"{/02 INT_ZWA_PO/BDV-STG.ldm}:/INT_ZWA_STG/Zaak/Datum Boeking AO",Datum Boeking AO,"TIMESTAMP",False,,,,,,,
Accepted,"{/02 INT_ZWA_PO/BDV-STG.ldm}:/INT_ZWA_STG/Prestage Zaak/1e of 2e lijn",1e of 2e lijn,"VARCHAR(99)",True,,,,,,"{/02 INT_ZWA_PO/BDV-STG.ldm}:/INT_ZWA_STG/Zaak/1e of 2e lijn",1e of 2e lijn,"VARCHAR(99)",True,,,,,,,
Accepted,"{/02 INT_ZWA_PO/BDV-STG.ldm}:/INT_ZWA_STG/Prestage Zaak/Datum overdracht centraal kantoor",Datum overdracht centraal kantoor,"TIMESTAMP",False,,,,,,"{/02 INT_ZWA_PO/BDV-STG.ldm}:/INT_ZWA_STG/Zaak/Datum overdracht centraal kantoor",Datum overdracht centraal kantoor,"TIMESTAMP",False,,,,,,,
Accepted,"{/02 INT_ZWA_PO/BDV-STG.ldm}:/INT_ZWA_STG/Prestage Zaak/Datum Ziekmelding door verzekerde",Datum Ziekmelding door verzekerde,"TIMESTAMP",False,,,,,,"{/02 INT_ZWA_PO/BDV-STG.ldm}:/INT_ZWA_STG/Zaak/Datum Ziekmelding door verzekerde",Datum Ziekmelding door verzekerde,"TIMESTAMP",False,,,,,,,
Accepted,"{/02 INT_ZWA_PO/BDV-STG.ldm}:/INT_ZWA_STG/Prestage Zaak/Datum eerste contact",Datum eerste contact,"TIMESTAMP",False,,,,,,"{/02 INT_ZWA_PO/BDV-STG.ldm}:/INT_ZWA_STG/Zaak/Datum eerste contact",Datum eerste contact,"TIMESTAMP",False,,,,,,,
Accepted,"{/02 INT_ZWA_PO/BDV-STG.ldm}:/INT_ZWA_STG/Prestage Zaak/Datum plausibel",Datum plausibel,"TIMESTAMP",False,,,,,,"{/02 INT_ZWA_PO/BDV-STG.ldm}:/INT_ZWA_STG/Zaak/Datum plausibel",Datum plausibel,"TIMESTAMP",False,,,,,,,
Accepted,"{/02 INT_ZWA_PO/BDV-STG.ldm}:/INT_ZWA_STG/Prestage Zaak/Indicatie Plausibel",Indicatie Plausibel,"VARCHAR(9)",False,,,,,,"{/02 INT_ZWA_PO/BDV-STG.ldm}:/INT_ZWA_STG/Zaak/Indicatie Plausibel",Indicatie Plausibel,"VARCHAR(9)",False,,,,,,,
Accepted,"{/02 INT_ZWA_PO/BDV-STG.ldm}:/INT_ZWA_STG/Prestage Zaak/Maximum datum ziektewet",Maximum datum ziektewet,"TIMESTAMP",False,,,,,,"{/02 INT_ZWA_PO/BDV-STG.ldm}:/INT_ZWA_STG/Zaak/Maximum datum ziektewet",Maximum datum ziektewet,"TIMESTAMP",False,,,,,,,
Accepted,"{/02 INT_ZWA_PO/BDV-STG.ldm}:/INT_ZWA_STG/Prestage Zaak/Uiterste datum afhandeling EZWB",Uiterste datum afhandeling EZWB,"TIMESTAMP",False,,,,,,"{/02 INT_ZWA_PO/BDV-STG.ldm}:/INT_ZWA_STG/Zaak/Uiterste datum afhandeling EZWB",Uiterste datum afhandeling EZWB,"TIMESTAMP",False,,,,,,,
Accepted,"{/02 INT_ZWA_PO/BDV-STG.ldm}:/INT_ZWA_STG/Prestage Zaak/Nieuwe uiterste datum afhandeling EZWB",Nieuwe uiterste datum afhandeling EZWB,"TIMESTAMP",False,,,,,,"{/02 INT_ZWA_PO/BDV-STG.ldm}:/INT_ZWA_STG/Zaak/Nieuwe uiterste datum afhandeling EZWB",Nieuwe uiterste datum afhandeling EZWB,"TIMESTAMP",False,,,,,,,
Accepted,"{/02 INT_ZWA_PO/BDV-STG.ldm}:/INT_ZWA_STG/Prestage Zaak/Datum ontvangst hersteldmelding",Datum ontvangst hersteldmelding,"TIMESTAMP",False,,,,,,"{/02 INT_ZWA_PO/BDV-STG.ldm}:/INT_ZWA_STG/Zaak/Datum ontvangst hersteldmelding",Datum ontvangst hersteldmelding,"TIMESTAMP",False,,,,,,,
Accepted,"{/02 INT_ZWA_PO/BDV-STG.ldm}:/INT_ZWA_STG/Prestage Zaak/Datum boeking hersteldmelding",Datum boeking hersteldmelding,"TIMESTAMP",False,"Dat Boek Hm + Tijd Boeking Hm

Let op: Tijd Boeking Hm is een getal
floor(Tijd Boeking Hm / 100) = uren
mod(Tijd Boeking Hm, 100) = minuten",,,,,"{/02 INT_ZWA_PO/BDV-STG.ldm}:/INT_ZWA_STG/Zaak/Datum boeking hersteldmelding",Datum boeking hersteldmelding,"TIMESTAMP",False,,,,,,,
Accepted,"{/02 INT_ZWA_PO/BDV-STG.ldm}:/INT_ZWA_STG/Prestage Zaak/Einddatum AO",Einddatum AO,"TIMESTAMP",False,,,,,,"{/02 INT_ZWA_PO/BDV-STG.ldm}:/INT_ZWA_STG/Zaak/Einddatum AO",Einddatum AO,"TIMESTAMP",False,,,,,,,
Accepted,"{/02 INT_ZWA_PO/BDV-STG.ldm}:/INT_ZWA_STG/Prestage Zaak/Code Vangnetcategorie IMF",Code Vangnetcategorie IMF,"VARCHAR(99)",False,,,,,,"{/02 INT_ZWA_PO/BDV-STG.ldm}:/INT_ZWA_STG/Zaak/Code Vangnetcategorie IMF",Code Vangnetcategorie IMF,"VARCHAR(99)",False,,,,,,,
Accepted,"{/02 INT_ZWA_PO/BDV-STG.ldm}:/INT_ZWA_STG/Prestage Zaak/Vangnetcategorie IMF",Vangnetcategorie IMF,"VARCHAR(99)",False,,,,,,"{/02 INT_ZWA_PO/BDV-STG.ldm}:/INT_ZWA_STG/Zaak/Vangnetcategorie IMF",Vangnetcategorie IMF,"VARCHAR(99)",False,,,,,,,
Accepted,"{/02 INT_ZWA_PO/BDV-STG.ldm}:/INT_ZWA_STG/Prestage Zaak/Code Vangnetcategorie BB",Code Vangnetcategorie BB,"VARCHAR(99)",False,,,,,,"{/02 INT_ZWA_PO/BDV-STG.ldm}:/INT_ZWA_STG/Zaak/Code Vangnetcategorie BB",Code Vangnetcategorie BB,"VARCHAR(99)",False,,,,,,,
Accepted,"{/02 INT_ZWA_PO/BDV-STG.ldm}:/INT_ZWA_STG/Prestage Zaak/Vangnetcategorie BB",Vangnetcategorie BB,"VARCHAR(99)",False,,,,,,"{/02 INT_ZWA_PO/BDV-STG.ldm}:/INT_ZWA_STG/Zaak/Vangnetcategorie BB",Vangnetcategorie BB,"VARCHAR(99)",False,,,,,,,
Accepted,"{/02 INT_ZWA_PO/BDV-STG.ldm}:/INT_ZWA_STG/Prestage Zaak/Code Vangnetcategorie SZW",Code Vangnetcategorie SZW,"VARCHAR(99)",False,,,,,,"{/02 INT_ZWA_PO/BDV-STG.ldm}:/INT_ZWA_STG/Zaak/Code Vangnetcategorie SZW",Code Vangnetcategorie SZW,"VARCHAR(99)",False,,,,,,,
Accepted,"{/02 INT_ZWA_PO/BDV-STG.ldm}:/INT_ZWA_STG/Prestage Zaak/Vangnetcategorie SZW",Vangnetcategorie SZW,"VARCHAR(99)",False,,,,,,"{/02 INT_ZWA_PO/BDV-STG.ldm}:/INT_ZWA_STG/Zaak/Vangnetcategorie SZW",Vangnetcategorie SZW,"VARCHAR(99)",False,,,,,,,
Accepted,"{/02 INT_ZWA_PO/BDV-STG.ldm}:/INT_ZWA_STG/Prestage Zaak/Code AG Traject",Code AG Traject,"VARCHAR(99)",False,,,,,,"{/02 INT_ZWA_PO/BDV-STG.ldm}:/INT_ZWA_STG/Zaak/Code AG Traject",Code AG Traject,"VARCHAR(99)",False,,,,,,,
Accepted,"{/02 INT_ZWA_PO/BDV-STG.ldm}:/INT_ZWA_STG/Prestage Zaak/AG Traject",AG Traject,"VARCHAR(99)",False,,,,,,"{/02 INT_ZWA_PO/BDV-STG.ldm}:/INT_ZWA_STG/Zaak/AG Traject",AG Traject,"VARCHAR(99)",False,,,,,,,
Accepted,"{/02 INT_ZWA_PO/BDV-STG.ldm}:/INT_ZWA_STG/Prestage Zaak/Code bron hersteldmelding",Code bron hersteldmelding,"VARCHAR(99)",False,,,,,,"{/02 INT_ZWA_PO/BDV-STG.ldm}:/INT_ZWA_STG/Zaak/Code bron hersteldmelding",Code bron hersteldmelding,"VARCHAR(99)",False,,,,,,,
Accepted,"{/02 INT_ZWA_PO/BDV-STG.ldm}:/INT_ZWA_STG/Prestage Zaak/Bron hersteldmelding",Bron hersteldmelding,"VARCHAR(99)",False,,,,,,"{/02 INT_ZWA_PO/BDV-STG.ldm}:/INT_ZWA_STG/Zaak/Bron hersteldmelding",Bron hersteldmelding,"VARCHAR(99)",False,,,,,,,
Accepted,"{/02 INT_ZWA_PO/BDV-STG.ldm}:/INT_ZWA_STG/Prestage Zaak/Code uitstroomoorzaak",Code uitstroomoorzaak,"VARCHAR(99)",False,,,,,,"{/02 INT_ZWA_PO/BDV-STG.ldm}:/INT_ZWA_STG/Zaak/Code uitstroomoorzaak",Code uitstroomoorzaak,"VARCHAR(99)",False,,,,,,,
Accepted,"{/02 INT_ZWA_PO/BDV-STG.ldm}:/INT_ZWA_STG/Prestage Zaak/Uitstroomoorzaak",Uitstroomoorzaak,"VARCHAR(99)",False,,,,,,"{/02 INT_ZWA_PO/BDV-STG.ldm}:/INT_ZWA_STG/Zaak/Uitstroomoorzaak",Uitstroomoorzaak,"VARCHAR(99)",False,,,,,,,
Accepted,"{/02 INT_ZWA_PO/BDV-STG.ldm}:/INT_ZWA_STG/Prestage Zaak/Code Reden Einde Recht",Code Reden Einde Recht,"CHAR(5)",False,,,,,,"{/02 INT_ZWA_PO/BDV-STG.ldm}:/INT_ZWA_STG/Zaak/Code Reden Einde Recht",Code Reden Einde Recht,"CHAR(5)",False,,,,,,,
Accepted,"{/02 INT_ZWA_PO/BDV-STG.ldm}:/INT_ZWA_STG/Prestage Zaak/Reden Einde Recht",Reden Einde Recht,"CHAR(5)",False,,,,,,"{/02 INT_ZWA_PO/BDV-STG.ldm}:/INT_ZWA_STG/Zaak/Reden Einde Recht",Reden Einde Recht,"CHAR(5)",False,,,,,,,
Accepted,"{/02 INT_ZWA_PO/BDV-STG.ldm}:/INT_ZWA_STG/Prestage Zaak/Indicatie eigen risico drager",Indicatie eigen risico drager,"VARCHAR(9)",False,,,,,,"{/02 INT_ZWA_PO/BDV-STG.ldm}:/INT_ZWA_STG/Zaak/Indicatie eigen risico drager",Indicatie eigen risico drager,"VARCHAR(9)",False,,,,,,,
Accepted,"{/02 INT_ZWA_PO/BDV-STG.ldm}:/INT_ZWA_STG/Prestage Zaak/Indicatie slapend",Indicatie slapend,"VARCHAR(9)",False,,,,,,"{/02 INT_ZWA_PO/BDV-STG.ldm}:/INT_ZWA_STG/Zaak/Indicatie slapend",Indicatie slapend,"VARCHAR(9)",False,,,,,,,
Accepted,"{/02 INT_ZWA_PO/BDV-STG.ldm}:/INT_ZWA_STG/Prestage Zaak/Indicatie GDBM",Indicatie GDBM,"VARCHAR(9)",False,"Geen Duurzaam Benutbare Mogelijkheden",,,,,"{/02 INT_ZWA_PO/BDV-STG.ldm}:/INT_ZWA_STG/Zaak/Indicatie GDBM",Indicatie GDBM,"VARCHAR(9)",False,"Geen Duurzaam Benutbare Mogelijkheden",,,,,,
Accepted,"{/02 INT_ZWA_PO/BDV-STG.ldm}:/INT_ZWA_STG/Prestage Zaak/Ingangsdatum bwt Zaak",Ingangsdatum bwt Zaak,"TIMESTAMP",False,,,,,,"{/02 INT_ZWA_PO/BDV-STG.ldm}:/INT_ZWA_STG/Zaak/Ingangsdatum bwt Zaak",Ingangsdatum bwt Zaak,"TIMESTAMP",False,,,,,,,
Accepted,"{/02 INT_ZWA_PO/BDV-STG.ldm}:/INT_ZWA_STG/Prestage Zaak/Teamnummer",Teamnummer,"VARCHAR(9)",False,,,,,,"{/02 INT_ZWA_PO/BDV-STG.ldm}:/INT_ZWA_STG/Zaak/Teamnummer",Teamnummer,"VARCHAR(9)",False,,,,,,,
Accepted,"{/02 INT_ZWA_PO/BDV-STG.ldm}:/INT_ZWA_STG/Prestage Zaak/Districtskantoor Nr",Districtskantoor Nr,"NUMERIC(38,10)",False,,,,,,"{/02 INT_ZWA_PO/BDV-STG.ldm}:/INT_ZWA_STG/Zaak/Districtskantoor Nr",Districtskantoor Nr,"NUMERIC(38,10)",False,,,,,,,
Accepted,"{/02 INT_ZWA_PO/BDV-STG.ldm}:/INT_ZWA_STG/Prestage Zaak/Dummy",Dummy,"VARCHAR(9)",False,,,,,,"{/02 INT_ZWA_PO/BDV-STG.ldm}:/INT_ZWA_STG/Zaak/Dummy",Dummy,"VARCHAR(9)",False,,,,,,,
Accepted,"{/02 INT_ZWA_PO/BDV-STG.ldm}:/INT_ZWA_STG/Prestage Zaak/BSN",BSN,"VARCHAR(99)",False,,,,,,"{/02 INT_ZWA_PO/BDV-STG.ldm}:/INT_ZWA_STG/Zaak/Zaak Hashkey",Zaak Hashkey,"VARCHAR(99)",True,,,,,,,
Accepted,"{/02 INT_ZWA_PO/BDV-STG.ldm}:/INT_ZWA_STG/Prestage Zaak/Aansluitingsnr",Aansluitingsnr,"VARCHAR(99)",False,,,,,,"{/02 INT_ZWA_PO/BDV-STG.ldm}:/INT_ZWA_STG/Zaak/Zaak Hashkey",Zaak Hashkey,"VARCHAR(99)",True,,,,,,,
Accepted,"{/02 INT_ZWA_PO/BDV-STG.ldm}:/INT_ZWA_STG/Prestage Zaak/Contractcode",Contractcode,"VARCHAR(9)",False,"00 kenmerk wordt niet toegepast.  
10 Vrijwillig verzekerden                          
15 oud verplicht verzekerden                            
20 Zieke werklozen                                  
40 Krankenkasse                   
41 Belgische zaken                
42 EEG                            
43 Verdragslanden                 
60 Consult SMZ 
NB  Bij 00 is de relatie tussen persoon en ao-geval een 
                         dienstverband, bij de overige is een standaard
                         contract van toepassing.",,,,,"{/02 INT_ZWA_PO/BDV-STG.ldm}:/INT_ZWA_STG/Zaak/Zaak Hashkey",Zaak Hashkey,"VARCHAR(99)",True,,,,,,,
Accepted,"{/02 INT_ZWA_PO/BDV-STG.ldm}:/INT_ZWA_STG/Prestage Zaak/Buitenlandse instellingsnr",Buitenlandse instellingsnr,"VARCHAR(9)",False,,,,,,"{/02 INT_ZWA_PO/BDV-STG.ldm}:/INT_ZWA_STG/Zaak/Zaak Hashkey",Zaak Hashkey,"VARCHAR(99)",True,,,,,,,
Accepted,"{/02 INT_ZWA_PO/BDV-STG.ldm}:/INT_ZWA_STG/Prestage Zaak/Datum Boeking Dienstverband",Datum Boeking Dienstverband,"TIMESTAMP",False,"Blijft nu even bewust leeg",,,,,"{/02 INT_ZWA_PO/BDV-STG.ldm}:/INT_ZWA_STG/Zaak/Zaak Hashkey",Zaak Hashkey,"VARCHAR(99)",True,,,,,,,
Accepted,"{/02 INT_ZWA_PO/BDV-STG.ldm}:/INT_ZWA_STG/Prestage Zaak/Begindatum AO",Begindatum AO,"TIMESTAMP",False,,,,,,"{/02 INT_ZWA_PO/BDV-STG.ldm}:/INT_ZWA_STG/Zaak/Zaak Hashkey",Zaak Hashkey,"VARCHAR(99)",True,,,,,,,
Accepted,"{/02 INT_ZWA_PO/BDV-STG.ldm}:/INT_ZWA_STG/Prestage Zaak/UZS Aanvraagid",UZS Aanvraagid,"NUMERIC(38,10)",False,,,,,,"{/02 INT_ZWA_PO/BDV-STG.ldm}:/INT_ZWA_STG/Zaak/Hashdiff Zaak",Hashdiff Zaak,"VARCHAR(99)",True,,,,,,,
Accepted,"{/02 INT_ZWA_PO/BDV-STG.ldm}:/INT_ZWA_STG/Prestage Zaak/UZS Gevalsvolgnr",UZS Gevalsvolgnr,"NUMERIC(38,10)",False,,,,,,"{/02 INT_ZWA_PO/BDV-STG.ldm}:/INT_ZWA_STG/Zaak/Hashdiff Zaak",Hashdiff Zaak,"VARCHAR(99)",True,,,,,,,
Accepted,"{/02 INT_ZWA_PO/BDV-STG.ldm}:/INT_ZWA_STG/Prestage Zaak/Datum ontvangst AO Melding",Datum ontvangst AO Melding,"TIMESTAMP",False,,,,,,"{/02 INT_ZWA_PO/BDV-STG.ldm}:/INT_ZWA_STG/Zaak/Hashdiff Zaak",Hashdiff Zaak,"VARCHAR(99)",True,,,,,,,
Accepted,"{/02 INT_ZWA_PO/BDV-STG.ldm}:/INT_ZWA_STG/Prestage Zaak/Datum Boeking AO",Datum Boeking AO,"TIMESTAMP",False,"Dat Boeking AO + Tijd Boeking AO
Let op: Tijd Boeking AO is een getal
floor(Tijd Boeking AO / 100) = uren
mod(Tijd Boeking AO, 100) = minuten",,,,,"{/02 INT_ZWA_PO/BDV-STG.ldm}:/INT_ZWA_STG/Zaak/Hashdiff Zaak",Hashdiff Zaak,"VARCHAR(99)",True,,,,,,,
Accepted,"{/02 INT_ZWA_PO/BDV-STG.ldm}:/INT_ZWA_STG/Prestage Zaak/1e of 2e lijn",1e of 2e lijn,"VARCHAR(99)",True,,,,,,"{/02 INT_ZWA_PO/BDV-STG.ldm}:/INT_ZWA_STG/Zaak/Hashdiff Zaak",Hashdiff Zaak,"VARCHAR(99)",True,,,,,,,
Accepted,"{/02 INT_ZWA_PO/BDV-STG.ldm}:/INT_ZWA_STG/Prestage Zaak/Datum overdracht centraal kantoor",Datum overdracht centraal kantoor,"TIMESTAMP",False,,,,,,"{/02 INT_ZWA_PO/BDV-STG.ldm}:/INT_ZWA_STG/Zaak/Hashdiff Zaak",Hashdiff Zaak,"VARCHAR(99)",True,,,,,,,
Accepted,"{/02 INT_ZWA_PO/BDV-STG.ldm}:/INT_ZWA_STG/Prestage Zaak/Datum Ziekmelding door verzekerde",Datum Ziekmelding door verzekerde,"TIMESTAMP",False,,,,,,"{/02 INT_ZWA_PO/BDV-STG.ldm}:/INT_ZWA_STG/Zaak/Hashdiff Zaak",Hashdiff Zaak,"VARCHAR(99)",True,,,,,,,
Accepted,"{/02 INT_ZWA_PO/BDV-STG.ldm}:/INT_ZWA_STG/Prestage Zaak/Datum eerste contact",Datum eerste contact,"TIMESTAMP",False,,,,,,"{/02 INT_ZWA_PO/BDV-STG.ldm}:/INT_ZWA_STG/Zaak/Hashdiff Zaak",Hashdiff Zaak,"VARCHAR(99)",True,,,,,,,
Accepted,"{/02 INT_ZWA_PO/BDV-STG.ldm}:/INT_ZWA_STG/Prestage Zaak/Datum plausibel",Datum plausibel,"TIMESTAMP",False,,,,,,"{/02 INT_ZWA_PO/BDV-STG.ldm}:/INT_ZWA_STG/Zaak/Hashdiff Zaak",Hashdiff Zaak,"VARCHAR(99)",True,,,,,,,
Accepted,"{/02 INT_ZWA_PO/BDV-STG.ldm}:/INT_ZWA_STG/Prestage Zaak/Indicatie Plausibel",Indicatie Plausibel,"VARCHAR(9)",False,,,,,,"{/02 INT_ZWA_PO/BDV-STG.ldm}:/INT_ZWA_STG/Zaak/Hashdiff Zaak",Hashdiff Zaak,"VARCHAR(99)",True,,,,,,,
Accepted,"{/02 INT_ZWA_PO/BDV-STG.ldm}:/INT_ZWA_STG/Prestage Zaak/Maximum datum ziektewet",Maximum datum ziektewet,"TIMESTAMP",False,,,,,,"{/02 INT_ZWA_PO/BDV-STG.ldm}:/INT_ZWA_STG/Zaak/Hashdiff Zaak",Hashdiff Zaak,"VARCHAR(99)",True,,,,,,,
Accepted,"{/02 INT_ZWA_PO/BDV-STG.ldm}:/INT_ZWA_STG/Prestage Zaak/Uiterste datum afhandeling EZWB",Uiterste datum afhandeling EZWB,"TIMESTAMP",False,,,,,,"{/02 INT_ZWA_PO/BDV-STG.ldm}:/INT_ZWA_STG/Zaak/Hashdiff Zaak",Hashdiff Zaak,"VARCHAR(99)",True,,,,,,,
Accepted,"{/02 INT_ZWA_PO/BDV-STG.ldm}:/INT_ZWA_STG/Prestage Zaak/Nieuwe uiterste datum afhandeling EZWB",Nieuwe uiterste datum afhandeling EZWB,"TIMESTAMP",False,,,,,,"{/02 INT_ZWA_PO/BDV-STG.ldm}:/INT_ZWA_STG/Zaak/Hashdiff Zaak",Hashdiff Zaak,"VARCHAR(99)",True,,,,,,,
Accepted,"{/02 INT_ZWA_PO/BDV-STG.ldm}:/INT_ZWA_STG/Prestage Zaak/Datum ontvangst hersteldmelding",Datum ontvangst hersteldmelding,"TIMESTAMP",False,,,,,,"{/02 INT_ZWA_PO/BDV-STG.ldm}:/INT_ZWA_STG/Zaak/Hashdiff Zaak",Hashdiff Zaak,"VARCHAR(99)",True,,,,,,,
Accepted,"{/02 INT_ZWA_PO/BDV-STG.ldm}:/INT_ZWA_STG/Prestage Zaak/Datum boeking hersteldmelding",Datum boeking hersteldmelding,"TIMESTAMP",False,"Dat Boek Hm + Tijd Boeking Hm

Let op: Tijd Boeking Hm is een getal
floor(Tijd Boeking Hm / 100) = uren
mod(Tijd Boeking Hm, 100) = minuten",,,,,"{/02 INT_ZWA_PO/BDV-STG.ldm}:/INT_ZWA_STG/Zaak/Hashdiff Zaak",Hashdiff Zaak,"VARCHAR(99)",True,,,,,,,
Accepted,"{/02 INT_ZWA_PO/BDV-STG.ldm}:/INT_ZWA_STG/Prestage Zaak/Einddatum AO",Einddatum AO,"TIMESTAMP",False,,,,,,"{/02 INT_ZWA_PO/BDV-STG.ldm}:/INT_ZWA_STG/Zaak/Hashdiff Zaak",Hashdiff Zaak,"VARCHAR(99)",True,,,,,,,
Accepted,"{/02 INT_ZWA_PO/BDV-STG.ldm}:/INT_ZWA_STG/Prestage Zaak/Code Vangnetcategorie IMF",Code Vangnetcategorie IMF,"VARCHAR(99)",False,,,,,,"{/02 INT_ZWA_PO/BDV-STG.ldm}:/INT_ZWA_STG/Zaak/Hashdiff Zaak",Hashdiff Zaak,"VARCHAR(99)",True,,,,,,,
Accepted,"{/02 INT_ZWA_PO/BDV-STG.ldm}:/INT_ZWA_STG/Prestage Zaak/Vangnetcategorie IMF",Vangnetcategorie IMF,"VARCHAR(99)",False,,,,,,"{/02 INT_ZWA_PO/BDV-STG.ldm}:/INT_ZWA_STG/Zaak/Hashdiff Zaak",Hashdiff Zaak,"VARCHAR(99)",True,,,,,,,
Accepted,"{/02 INT_ZWA_PO/BDV-STG.ldm}:/INT_ZWA_STG/Prestage Zaak/Code Vangnetcategorie BB",Code Vangnetcategorie BB,"VARCHAR(99)",False,,,,,,"{/02 INT_ZWA_PO/BDV-STG.ldm}:/INT_ZWA_STG/Zaak/Hashdiff Zaak",Hashdiff Zaak,"VARCHAR(99)",True,,,,,,,
Accepted,"{/02 INT_ZWA_PO/BDV-STG.ldm}:/INT_ZWA_STG/Prestage Zaak/Vangnetcategorie BB",Vangnetcategorie BB,"VARCHAR(99)",False,,,,,,"{/02 INT_ZWA_PO/BDV-STG.ldm}:/INT_ZWA_STG/Zaak/Hashdiff Zaak",Hashdiff Zaak,"VARCHAR(99)",True,,,,,,,
Accepted,"{/02 INT_ZWA_PO/BDV-STG.ldm}:/INT_ZWA_STG/Prestage Zaak/Code Vangnetcategorie SZW",Code Vangnetcategorie SZW,"VARCHAR(99)",False,,,,,,"{/02 INT_ZWA_PO/BDV-STG.ldm}:/INT_ZWA_STG/Zaak/Hashdiff Zaak",Hashdiff Zaak,"VARCHAR(99)",True,,,,,,,
Accepted,"{/02 INT_ZWA_PO/BDV-STG.ldm}:/INT_ZWA_STG/Prestage Zaak/Vangnetcategorie SZW",Vangnetcategorie SZW,"VARCHAR(99)",False,,,,,,"{/02 INT_ZWA_PO/BDV-STG.ldm}:/INT_ZWA_STG/Zaak/Hashdiff Zaak",Hashdiff Zaak,"VARCHAR(99)",True,,,,,,,
Accepted,"{/02 INT_ZWA_PO/BDV-STG.ldm}:/INT_ZWA_STG/Prestage Zaak/Code AG Traject",Code AG Traject,"VARCHAR(99)",False,,,,,,"{/02 INT_ZWA_PO/BDV-STG.ldm}:/INT_ZWA_STG/Zaak/Hashdiff Zaak",Hashdiff Zaak,"VARCHAR(99)",True,,,,,,,
Accepted,"{/02 INT_ZWA_PO/BDV-STG.ldm}:/INT_ZWA_STG/Prestage Zaak/AG Traject",AG Traject,"VARCHAR(99)",False,,,,,,"{/02 INT_ZWA_PO/BDV-STG.ldm}:/INT_ZWA_STG/Zaak/Hashdiff Zaak",Hashdiff Zaak,"VARCHAR(99)",True,,,,,,,
Accepted,"{/02 INT_ZWA_PO/BDV-STG.ldm}:/INT_ZWA_STG/Prestage Zaak/Code bron hersteldmelding",Code bron hersteldmelding,"VARCHAR(99)",False,,,,,,"{/02 INT_ZWA_PO/BDV-STG.ldm}:/INT_ZWA_STG/Zaak/Hashdiff Zaak",Hashdiff Zaak,"VARCHAR(99)",True,,,,,,,
Accepted,"{/02 INT_ZWA_PO/BDV-STG.ldm}:/INT_ZWA_STG/Prestage Zaak/Bron hersteldmelding",Bron hersteldmelding,"VARCHAR(99)",False,,,,,,"{/02 INT_ZWA_PO/BDV-STG.ldm}:/INT_ZWA_STG/Zaak/Hashdiff Zaak",Hashdiff Zaak,"VARCHAR(99)",True,,,,,,,
Accepted,"{/02 INT_ZWA_PO/BDV-STG.ldm}:/INT_ZWA_STG/Prestage Zaak/Code uitstroomoorzaak",Code uitstroomoorzaak,"VARCHAR(99)",False,,,,,,"{/02 INT_ZWA_PO/BDV-STG.ldm}:/INT_ZWA_STG/Zaak/Hashdiff Zaak",Hashdiff Zaak,"VARCHAR(99)",True,,,,,,,
Accepted,"{/02 INT_ZWA_PO/BDV-STG.ldm}:/INT_ZWA_STG/Prestage Zaak/Uitstroomoorzaak",Uitstroomoorzaak,"VARCHAR(99)",False,,,,,,"{/02 INT_ZWA_PO/BDV-STG.ldm}:/INT_ZWA_STG/Zaak/Hashdiff Zaak",Hashdiff Zaak,"VARCHAR(99)",True,,,,,,,
Accepted,"{/02 INT_ZWA_PO/BDV-STG.ldm}:/INT_ZWA_STG/Prestage Zaak/Code Reden Einde Recht",Code Reden Einde Recht,"CHAR(5)",False,,,,,,"{/02 INT_ZWA_PO/BDV-STG.ldm}:/INT_ZWA_STG/Zaak/Hashdiff Zaak",Hashdiff Zaak,"VARCHAR(99)",True,,,,,,,
Accepted,"{/02 INT_ZWA_PO/BDV-STG.ldm}:/INT_ZWA_STG/Prestage Zaak/Reden Einde Recht",Reden Einde Recht,"CHAR(5)",False,,,,,,"{/02 INT_ZWA_PO/BDV-STG.ldm}:/INT_ZWA_STG/Zaak/Hashdiff Zaak",Hashdiff Zaak,"VARCHAR(99)",True,,,,,,,
Accepted,"{/02 INT_ZWA_PO/BDV-STG.ldm}:/INT_ZWA_STG/Prestage Zaak/Indicatie eigen risico drager",Indicatie eigen risico drager,"VARCHAR(9)",False,,,,,,"{/02 INT_ZWA_PO/BDV-STG.ldm}:/INT_ZWA_STG/Zaak/Hashdiff Zaak",Hashdiff Zaak,"VARCHAR(99)",True,,,,,,,
Accepted,"{/02 INT_ZWA_PO/BDV-STG.ldm}:/INT_ZWA_STG/Prestage Zaak/Indicatie slapend",Indicatie slapend,"VARCHAR(9)",False,,,,,,"{/02 INT_ZWA_PO/BDV-STG.ldm}:/INT_ZWA_STG/Zaak/Hashdiff Zaak",Hashdiff Zaak,"VARCHAR(99)",True,,,,,,,
Accepted,"{/02 INT_ZWA_PO/BDV-STG.ldm}:/INT_ZWA_STG/Prestage Zaak/Indicatie GDBM",Indicatie GDBM,"VARCHAR(9)",False,"Geen Duurzaam Benutbare Mogelijkheden",,,,,"{/02 INT_ZWA_PO/BDV-STG.ldm}:/INT_ZWA_STG/Zaak/Hashdiff Zaak",Hashdiff Zaak,"VARCHAR(99)",True,,,,,,,
Accepted,"{/02 INT_ZWA_PO/BDV-STG.ldm}:/INT_ZWA_STG/Prestage Zaak/Ingangsdatum bwt Zaak",Ingangsdatum bwt Zaak,"TIMESTAMP",False,,,,,,"{/02 INT_ZWA_PO/BDV-STG.ldm}:/INT_ZWA_STG/Zaak/Hashdiff Zaak bwt",Hashdiff Zaak bwt,"VARCHAR(99)",True,,,,,,,
Accepted,"{/02 INT_ZWA_PO/BDV-STG.ldm}:/INT_ZWA_STG/Prestage Zaak/Teamnummer",Teamnummer,"VARCHAR(9)",False,,,,,,"{/02 INT_ZWA_PO/BDV-STG.ldm}:/INT_ZWA_STG/Zaak/Team Hashkey",Team Hashkey,"VARCHAR(99)",True,,,,,,,
Accepted,"{/02 INT_ZWA_PO/BDV-STG.ldm}:/INT_ZWA_STG/Prestage Zaak/Districtskantoor Nr",Districtskantoor Nr,"NUMERIC(38,10)",False,,,,,,"{/02 INT_ZWA_PO/BDV-STG.ldm}:/INT_ZWA_STG/Zaak/Team Hashkey",Team Hashkey,"VARCHAR(99)",True,,,,,,,
Accepted,"{/02 INT_ZWA_PO/BDV-STG.ldm}:/INT_ZWA_STG/Prestage Zaak/Dummy",Dummy,"VARCHAR(9)",False,,,,,,"{/02 INT_ZWA_PO/BDV-STG.ldm}:/INT_ZWA_STG/Zaak/Hashdiff Team bij Zaak",Hashdiff Team bij Zaak,"VARCHAR(99)",True,,,,,,,
Accepted,"{/02 INT_ZWA_PO/BDV-STG.ldm}:/INT_ZWA_STG/Prestage Zaak/Dummy",Dummy,"VARCHAR(9)",False,,,,,,"{/02 INT_ZWA_PO/BDV-STG.ldm}:/INT_ZWA_STG/Zaak/Hashdiff Zaak bij Natuurlijke Persoon",Hashdiff Zaak bij Natuurlijke Persoon,"VARCHAR(99)",True,,,,,,,
Accepted,"{/02 INT_ZWA_PO/BDV-STG.ldm}:/INT_ZWA_STG/Prestage Zaak/BSN",BSN,"VARCHAR(99)",False,,,,,,"{/02 INT_ZWA_PO/BDV-STG.ldm}:/INT_ZWA_STG/Zaak/Team bij Zaak Hashkey",Team bij Zaak Hashkey,"VARCHAR(99)",True,,,,,,,
Accepted,"{/02 INT_ZWA_PO/BDV-STG.ldm}:/INT_ZWA_STG/Prestage Zaak/Aansluitingsnr",Aansluitingsnr,"VARCHAR(99)",False,,,,,,"{/02 INT_ZWA_PO/BDV-STG.ldm}:/INT_ZWA_STG/Zaak/Team bij Zaak Hashkey",Team bij Zaak Hashkey,"VARCHAR(99)",True,,,,,,,
Accepted,"{/02 INT_ZWA_PO/BDV-STG.ldm}:/INT_ZWA_STG/Prestage Zaak/Contractcode",Contractcode,"VARCHAR(9)",False,"00 kenmerk wordt niet toegepast.  
10 Vrijwillig verzekerden                          
15 oud verplicht verzekerden                            
20 Zieke werklozen                                  
40 Krankenkasse                   
41 Belgische zaken                
42 EEG                            
43 Verdragslanden                 
60 Consult SMZ 
NB  Bij 00 is de relatie tussen persoon en ao-geval een 
                         dienstverband, bij de overige is een standaard
                         contract van toepassing.",,,,,"{/02 INT_ZWA_PO/BDV-STG.ldm}:/INT_ZWA_STG/Zaak/Team bij Zaak Hashkey",Team bij Zaak Hashkey,"VARCHAR(99)",True,,,,,,,
Accepted,"{/02 INT_ZWA_PO/BDV-STG.ldm}:/INT_ZWA_STG/Prestage Zaak/Buitenlandse instellingsnr",Buitenlandse instellingsnr,"VARCHAR(9)",False,,,,,,"{/02 INT_ZWA_PO/BDV-STG.ldm}:/INT_ZWA_STG/Zaak/Team bij Zaak Hashkey",Team bij Zaak Hashkey,"VARCHAR(99)",True,,,,,,,
Accepted,"{/02 INT_ZWA_PO/BDV-STG.ldm}:/INT_ZWA_STG/Prestage Zaak/Datum Boeking Dienstverband",Datum Boeking Dienstverband,"TIMESTAMP",False,"Blijft nu even bewust leeg",,,,,"{/02 INT_ZWA_PO/BDV-STG.ldm}:/INT_ZWA_STG/Zaak/Team bij Zaak Hashkey",Team bij Zaak Hashkey,"VARCHAR(99)",True,,,,,,,
Accepted,"{/02 INT_ZWA_PO/BDV-STG.ldm}:/INT_ZWA_STG/Prestage Zaak/Begindatum AO",Begindatum AO,"TIMESTAMP",False,,,,,,"{/02 INT_ZWA_PO/BDV-STG.ldm}:/INT_ZWA_STG/Zaak/Team bij Zaak Hashkey",Team bij Zaak Hashkey,"VARCHAR(99)",True,,,,,,,
Accepted,"{/02 INT_ZWA_PO/BDV-STG.ldm}:/INT_ZWA_STG/Prestage Zaak/Teamnummer",Teamnummer,"VARCHAR(9)",False,,,,,,"{/02 INT_ZWA_PO/BDV-STG.ldm}:/INT_ZWA_STG/Zaak/Team bij Zaak Hashkey",Team bij Zaak Hashkey,"VARCHAR(99)",True,,,,,,,
Accepted,"{/02 INT_ZWA_PO/BDV-STG.ldm}:/INT_ZWA_STG/Prestage Zaak/Districtskantoor Nr",Districtskantoor Nr,"NUMERIC(38,10)",False,,,,,,"{/02 INT_ZWA_PO/BDV-STG.ldm}:/INT_ZWA_STG/Zaak/Team bij Zaak Hashkey",Team bij Zaak Hashkey,"VARCHAR(99)",True,,,,,,,
Accepted,"{/02 INT_ZWA_PO/BDV-STG.ldm}:/INT_ZWA_STG/Prestage Zaak/BSN",BSN,"VARCHAR(99)",False,,,,,,"{/02 INT_ZWA_PO/BDV-STG.ldm}:/INT_ZWA_STG/Zaak/Natuurlijkepersoon H Hk",Natuurlijkepersoon H Hk,"VARCHAR(99)",True,,,,,,,
Accepted,"{/02 INT_ZWA_PO/BDV-STG.ldm}:/INT_ZWA_STG/Prestage Zaak/BSN",BSN,"VARCHAR(99)",False,,,,,,"{/02 INT_ZWA_PO/BDV-STG.ldm}:/INT_ZWA_STG/Zaak/ZaakBijNatuurlijkePersoon L HK",ZaakBijNatuurlijkePersoon L HK,"VARCHAR(99)",True,,,,,,,
Accepted,"{/02 INT_ZWA_PO/BDV-STG.ldm}:/INT_ZWA_STG/Prestage Zaak/Aansluitingsnr",Aansluitingsnr,"VARCHAR(99)",False,,,,,,"{/02 INT_ZWA_PO/BDV-STG.ldm}:/INT_ZWA_STG/Zaak/ZaakBijNatuurlijkePersoon L HK",ZaakBijNatuurlijkePersoon L HK,"VARCHAR(99)",True,,,,,,,
Accepted,"{/02 INT_ZWA_PO/BDV-STG.ldm}:/INT_ZWA_STG/Prestage Zaak/Contractcode",Contractcode,"VARCHAR(9)",False,"00 kenmerk wordt niet toegepast.  
10 Vrijwillig verzekerden                          
15 oud verplicht verzekerden                            
20 Zieke werklozen                                  
40 Krankenkasse                   
41 Belgische zaken                
42 EEG                            
43 Verdragslanden                 
60 Consult SMZ 
NB  Bij 00 is de relatie tussen persoon en ao-geval een 
                         dienstverband, bij de overige is een standaard
                         contract van toepassing.",,,,,"{/02 INT_ZWA_PO/BDV-STG.ldm}:/INT_ZWA_STG/Zaak/ZaakBijNatuurlijkePersoon L HK",ZaakBijNatuurlijkePersoon L HK,"VARCHAR(99)",True,,,,,,,
Accepted,"{/02 INT_ZWA_PO/BDV-STG.ldm}:/INT_ZWA_STG/Prestage Zaak/Buitenlandse instellingsnr",Buitenlandse instellingsnr,"VARCHAR(9)",False,,,,,,"{/02 INT_ZWA_PO/BDV-STG.ldm}:/INT_ZWA_STG/Zaak/ZaakBijNatuurlijkePersoon L HK",ZaakBijNatuurlijkePersoon L HK,"VARCHAR(99)",True,,,,,,,
Accepted,"{/02 INT_ZWA_PO/BDV-STG.ldm}:/INT_ZWA_STG/Prestage Zaak/Datum Boeking Dienstverband",Datum Boeking Dienstverband,"TIMESTAMP",False,"Blijft nu even bewust leeg",,,,,"{/02 INT_ZWA_PO/BDV-STG.ldm}:/INT_ZWA_STG/Zaak/ZaakBijNatuurlijkePersoon L HK",ZaakBijNatuurlijkePersoon L HK,"VARCHAR(99)",True,,,,,,,
Accepted,"{/02 INT_ZWA_PO/BDV-STG.ldm}:/INT_ZWA_STG/Prestage Zaak/Begindatum AO",Begindatum AO,"TIMESTAMP",False,,,,,,"{/02 INT_ZWA_PO/BDV-STG.ldm}:/INT_ZWA_STG/Zaak/ZaakBijNatuurlijkePersoon L HK",ZaakBijNatuurlijkePersoon L HK,"VARCHAR(99)",True,,,,,,,
