Mapping Status,Source Location,Source Name,Source Data Type,Source Required,Source Documentation,Source Table Name,Source Schema,Source Primary Key,Source Annotations,Target Location,Target Name,Target Data Type,Target Required,Target Documentation,Target Table Name,Target Schema,Target Primary Key,Target Annotations,Mapping Annotation,Transformation Expression
Accepted,"{/02 INT_ZWA_PO/BDV-STG.ldm}:/INT_ZWA_STG/Zaak/BSN",BSN,"VARCHAR(99)",False,,,,,,"{/02 INT_ZWA_PO/Business DataVault.ldm}:/INT_ZWA/Zaak H/BSN",BSN,"VARCHAR(99)",True,,,,,,,
Accepted,"{/02 INT_ZWA_PO/BDV-STG.ldm}:/INT_ZWA_STG/Zaak/Aansluitingsnr",Aansluitingsnr,"VARCHAR(99)",False,,,,,,"{/02 INT_ZWA_PO/Business DataVault.ldm}:/INT_ZWA/Zaak H/Aansluitingsnr",Aansluitingsnr,"VARCHAR(99)",False,,,,,,,
Accepted,"{/02 INT_ZWA_PO/BDV-STG.ldm}:/INT_ZWA_STG/Zaak/Contractcode",Contractcode,"VARCHAR(9)",False,,,,,,"{/02 INT_ZWA_PO/Business DataVault.ldm}:/INT_ZWA/Zaak H/Contractcode",Contractcode,"VARCHAR(9)",True,,,,,,,
Accepted,"{/02 INT_ZWA_PO/BDV-STG.ldm}:/INT_ZWA_STG/Zaak/Buitenlandse instellingsnr",Buitenlandse instellingsnr,"VARCHAR(9)",False,,,,,,"{/02 INT_ZWA_PO/Business DataVault.ldm}:/INT_ZWA/Zaak H/Buitenlandse Instellingsnr",Buitenlandse Instellingsnr,"VARCHAR(9)",False,,,,,,,
Accepted,"{/02 INT_ZWA_PO/BDV-STG.ldm}:/INT_ZWA_STG/Zaak/Datum Boeking Dienstverband",Datum Boeking Dienstverband,"TIMESTAMP",False,,,,,,"{/02 INT_ZWA_PO/Business DataVault.ldm}:/INT_ZWA/Zaak H/Datum Boeking Dienstverband",Datum Boeking Dienstverband,"TIMESTAMP",False,,,,,,,
Accepted,"{/02 INT_ZWA_PO/BDV-STG.ldm}:/INT_ZWA_STG/Zaak/Begindatum AO",Begindatum AO,"TIMESTAMP",False,,,,,,"{/02 INT_ZWA_PO/Business DataVault.ldm}:/INT_ZWA/Zaak H/Begindatum AO",Begindatum AO,"TIMESTAMP",True,,,,,,,
Accepted,"{/02 INT_ZWA_PO/BDV-STG.ldm}:/INT_ZWA_STG/Zaak/Zaak Hashkey",Zaak Hashkey,"VARCHAR(99)",True,,,,,,"{/02 INT_ZWA_PO/Business DataVault.ldm}:/INT_ZWA/Zaak H/Zaak H Hk",Zaak H Hk,"VARCHAR(99)",True,,,,,,,
Accepted,"{/02 INT_ZWA_PO/BDV-STG.ldm}:/INT_ZWA_STG/Zaak/UZS Aanvraagid",UZS Aanvraagid,"NUMERIC(38,10)",False,,,,,,"{/02 INT_ZWA_PO/Business DataVault.ldm}:/INT_ZWA/Zaak S/UZS Aanvraagid",UZS Aanvraagid,"NUMERIC(38,10)",False,,,,,,,
Accepted,"{/02 INT_ZWA_PO/BDV-STG.ldm}:/INT_ZWA_STG/Zaak/UZS Gevalsvolgnr",UZS Gevalsvolgnr,"NUMERIC(38,10)",False,,,,,,"{/02 INT_ZWA_PO/Business DataVault.ldm}:/INT_ZWA/Zaak S/UZS Gevalsvolgnr",UZS Gevalsvolgnr,"NUMERIC(38,10)",False,,,,,,,
Accepted,"{/02 INT_ZWA_PO/BDV-STG.ldm}:/INT_ZWA_STG/Zaak/Datum ontvangst AO Melding",Datum ontvangst AO Melding,"TIMESTAMP",False,,,,,,"{/02 INT_ZWA_PO/Business DataVault.ldm}:/INT_ZWA/Zaak S/Datum Ontvangst AO Melding",Datum Ontvangst AO Melding,"TIMESTAMP",False,,,,,,,
Accepted,"{/02 INT_ZWA_PO/BDV-STG.ldm}:/INT_ZWA_STG/Zaak/Datum Boeking AO",Datum Boeking AO,"TIMESTAMP",False,,,,,,"{/02 INT_ZWA_PO/Business DataVault.ldm}:/INT_ZWA/Zaak S/Datum Boeking AO",Datum Boeking AO,"TIMESTAMP",False,,,,,,,
Accepted,"{/02 INT_ZWA_PO/BDV-STG.ldm}:/INT_ZWA_STG/Zaak/Einddatum AO",Einddatum AO,"TIMESTAMP",False,,,,,,"{/02 INT_ZWA_PO/Business DataVault.ldm}:/INT_ZWA/Zaak S/Einddatum AO",Einddatum AO,"TIMESTAMP",False,,,,,,,
Accepted,"{/02 INT_ZWA_PO/BDV-STG.ldm}:/INT_ZWA_STG/Zaak/Datum Ziekmelding door verzekerde",Datum Ziekmelding door verzekerde,"TIMESTAMP",False,,,,,,"{/02 INT_ZWA_PO/Business DataVault.ldm}:/INT_ZWA/Zaak S/Datum ziekmelding door verzekerde",Datum ziekmelding door verzekerde,"TIMESTAMP",False,,,,,,,
Accepted,"{/02 INT_ZWA_PO/BDV-STG.ldm}:/INT_ZWA_STG/Zaak/Datum ontvangst hersteldmelding",Datum ontvangst hersteldmelding,"TIMESTAMP",False,,,,,,"{/02 INT_ZWA_PO/Business DataVault.ldm}:/INT_ZWA/Zaak S/Datum Ontvangst Hersteldmelding",Datum Ontvangst Hersteldmelding,"TIMESTAMP",False,,,,,,,
Accepted,"{/02 INT_ZWA_PO/BDV-STG.ldm}:/INT_ZWA_STG/Zaak/Datum boeking hersteldmelding",Datum boeking hersteldmelding,"TIMESTAMP",False,,,,,,"{/02 INT_ZWA_PO/Business DataVault.ldm}:/INT_ZWA/Zaak S/Datum Boeking Hersteldmelding",Datum Boeking Hersteldmelding,"TIMESTAMP",False,,,,,,,
Accepted,"{/02 INT_ZWA_PO/BDV-STG.ldm}:/INT_ZWA_STG/Zaak/Zaak Hashkey",Zaak Hashkey,"VARCHAR(99)",True,,,,,,"{/02 INT_ZWA_PO/Business DataVault.ldm}:/INT_ZWA/Zaak S/Zaak H Hk",Zaak H Hk,"VARCHAR(99)",True,,,,,,,
Accepted,"{/02 INT_ZWA_PO/BDV-STG.ldm}:/INT_ZWA_STG/Zaak/Hashdiff Zaak",Hashdiff Zaak,"VARCHAR(99)",True,,,,,,"{/02 INT_ZWA_PO/Business DataVault.ldm}:/INT_ZWA/Zaak S/Hashdiff",Hashdiff,"VARCHAR(99)",True,,,,,,,
Accepted,"{/02 INT_ZWA_PO/BDV-STG.ldm}:/INT_ZWA_STG/Zaak/Code uitstroomoorzaak",Code uitstroomoorzaak,"VARCHAR(99)",False,,,,,,"{/02 INT_ZWA_PO/Business DataVault.ldm}:/INT_ZWA/Zaak S/Code uitstroomoorzaak",Code uitstroomoorzaak,"VARCHAR(99)",False,,,,,,,
Accepted,"{/02 INT_ZWA_PO/BDV-STG.ldm}:/INT_ZWA_STG/Zaak/Uitstroomoorzaak",Uitstroomoorzaak,"VARCHAR(99)",False,,,,,,"{/02 INT_ZWA_PO/Business DataVault.ldm}:/INT_ZWA/Zaak S/Uitstroomoorzaak",Uitstroomoorzaak,"VARCHAR(99)",False,,,,,,,
Accepted,"{/02 INT_ZWA_PO/BDV-STG.ldm}:/INT_ZWA_STG/Zaak/Indicatie slapend",Indicatie slapend,"VARCHAR(9)",False,,,,,,"{/02 INT_ZWA_PO/Business DataVault.ldm}:/INT_ZWA/Zaak S/Indicatie slapend",Indicatie slapend,"VARCHAR(9)",False,,,,,,,
Accepted,"{/02 INT_ZWA_PO/BDV-STG.ldm}:/INT_ZWA_STG/Zaak/Indicatie eigen risico drager",Indicatie eigen risico drager,"VARCHAR(9)",False,,,,,,"{/02 INT_ZWA_PO/Business DataVault.ldm}:/INT_ZWA/Zaak S/Indicatie eigen risico drager",Indicatie eigen risico drager,"VARCHAR(9)",False,,,,,,,
Accepted,"{/02 INT_ZWA_PO/BDV-STG.ldm}:/INT_ZWA_STG/Zaak/Datum eerste contact",Datum eerste contact,"TIMESTAMP",False,,,,,,"{/02 INT_ZWA_PO/Business DataVault.ldm}:/INT_ZWA/Zaak S/Datum eerste contact",Datum eerste contact,"TIMESTAMP",False,,,,,,,
Accepted,"{/02 INT_ZWA_PO/BDV-STG.ldm}:/INT_ZWA_STG/Zaak/Datum overdracht centraal kantoor",Datum overdracht centraal kantoor,"TIMESTAMP",False,,,,,,"{/02 INT_ZWA_PO/Business DataVault.ldm}:/INT_ZWA/Zaak S/Datum overdracht centraal kantoor",Datum overdracht centraal kantoor,"TIMESTAMP",False,,,,,,,
Accepted,"{/02 INT_ZWA_PO/BDV-STG.ldm}:/INT_ZWA_STG/Zaak/Datum plausibel",Datum plausibel,"TIMESTAMP",False,,,,,,"{/02 INT_ZWA_PO/Business DataVault.ldm}:/INT_ZWA/Zaak S/Datum plausibel",Datum plausibel,"TIMESTAMP",False,,,,,,,
Accepted,"{/02 INT_ZWA_PO/BDV-STG.ldm}:/INT_ZWA_STG/Zaak/Code bron hersteldmelding",Code bron hersteldmelding,"VARCHAR(99)",False,,,,,,"{/02 INT_ZWA_PO/Business DataVault.ldm}:/INT_ZWA/Zaak S/Code bron hersteldmelding",Code bron hersteldmelding,"VARCHAR(99)",False,,,,,,,
Accepted,"{/02 INT_ZWA_PO/BDV-STG.ldm}:/INT_ZWA_STG/Zaak/Bron hersteldmelding",Bron hersteldmelding,"VARCHAR(99)",False,,,,,,"{/02 INT_ZWA_PO/Business DataVault.ldm}:/INT_ZWA/Zaak S/Bron hersteldmelding",Bron hersteldmelding,"VARCHAR(99)",False,,,,,,,
Accepted,"{/02 INT_ZWA_PO/BDV-STG.ldm}:/INT_ZWA_STG/Zaak/Uiterste datum afhandeling EZWB",Uiterste datum afhandeling EZWB,"TIMESTAMP",False,,,,,,"{/02 INT_ZWA_PO/Business DataVault.ldm}:/INT_ZWA/Zaak S/Uiterste datum afhandeling EZWB",Uiterste datum afhandeling EZWB,"TIMESTAMP",False,,,,,,,
Accepted,"{/02 INT_ZWA_PO/BDV-STG.ldm}:/INT_ZWA_STG/Zaak/Nieuwe uiterste datum afhandeling EZWB",Nieuwe uiterste datum afhandeling EZWB,"TIMESTAMP",False,,,,,,"{/02 INT_ZWA_PO/Business DataVault.ldm}:/INT_ZWA/Zaak S/Nieuwe uiterste datum afhandeling EZWB",Nieuwe uiterste datum afhandeling EZWB,"TIMESTAMP",False,,,,,,,
Accepted,"{/02 INT_ZWA_PO/BDV-STG.ldm}:/INT_ZWA_STG/Zaak/Maximum datum ziektewet",Maximum datum ziektewet,"TIMESTAMP",False,,,,,,"{/02 INT_ZWA_PO/Business DataVault.ldm}:/INT_ZWA/Zaak S/Maximum datum ziektewet",Maximum datum ziektewet,"TIMESTAMP",False,,,,,,,
Accepted,"{/02 INT_ZWA_PO/BDV-STG.ldm}:/INT_ZWA_STG/Zaak/Indicatie Plausibel",Indicatie Plausibel,"VARCHAR(9)",False,,,,,,"{/02 INT_ZWA_PO/Business DataVault.ldm}:/INT_ZWA/Zaak S/Indicatie Plausibel",Indicatie Plausibel,"VARCHAR(9)",False,,,,,,"msl_mapping_documentation - 30-06-2023 NIEUW: attribuut 'Indicatie plausibel' toegevoegd",
Accepted,"{/02 INT_ZWA_PO/BDV-STG.ldm}:/INT_ZWA_STG/Zaak/Code AG Traject",Code AG Traject,"VARCHAR(99)",False,,,,,,"{/02 INT_ZWA_PO/Business DataVault.ldm}:/INT_ZWA/Zaak S/Code AG Traject",Code AG Traject,"VARCHAR(99)",False,,,,,,,
Accepted,"{/02 INT_ZWA_PO/BDV-STG.ldm}:/INT_ZWA_STG/Zaak/AG Traject",AG Traject,"VARCHAR(99)",False,,,,,,"{/02 INT_ZWA_PO/Business DataVault.ldm}:/INT_ZWA/Zaak S/AG Traject",AG Traject,"VARCHAR(99)",False,,,,,,,
Accepted,"{/02 INT_ZWA_PO/BDV-STG.ldm}:/INT_ZWA_STG/Zaak/Indicatie GDBM",Indicatie GDBM,"VARCHAR(9)",False,"Geen Duurzaam Benutbare Mogelijkheden",,,,,"{/02 INT_ZWA_PO/Business DataVault.ldm}:/INT_ZWA/Zaak S/Indicatie GDBM",Indicatie GDBM,"VARCHAR(9)",False,"Geen Duurzaam Benutbare Mogelijkheden",,,,,,
Accepted,"{/02 INT_ZWA_PO/BDV-STG.ldm}:/INT_ZWA_STG/Zaak/1e of 2e lijn",1e of 2e lijn,"VARCHAR(99)",True,,,,,,"{/02 INT_ZWA_PO/Business DataVault.ldm}:/INT_ZWA/Zaak S/1e of 2e lijn",1e of 2e lijn,"VARCHAR(99)",True,,,,,,,
Accepted,"{/02 INT_ZWA_PO/BDV-STG.ldm}:/INT_ZWA_STG/Zaak/Code Vangnetcategorie IMF",Code Vangnetcategorie IMF,"VARCHAR(99)",False,,,,,,"{/02 INT_ZWA_PO/Business DataVault.ldm}:/INT_ZWA/Zaak S/Code vangnetcategorie IMF",Code vangnetcategorie IMF,"VARCHAR(99)",False,,,,,,,
Accepted,"{/02 INT_ZWA_PO/BDV-STG.ldm}:/INT_ZWA_STG/Zaak/Vangnetcategorie IMF",Vangnetcategorie IMF,"VARCHAR(99)",False,,,,,,"{/02 INT_ZWA_PO/Business DataVault.ldm}:/INT_ZWA/Zaak S/Vangnetcategorie IMF",Vangnetcategorie IMF,"VARCHAR(99)",False,,,,,,,
Accepted,"{/02 INT_ZWA_PO/BDV-STG.ldm}:/INT_ZWA_STG/Zaak/Code Vangnetcategorie BB",Code Vangnetcategorie BB,"VARCHAR(99)",False,,,,,,"{/02 INT_ZWA_PO/Business DataVault.ldm}:/INT_ZWA/Zaak S/Code Vangnetcategorie BB",Code Vangnetcategorie BB,"VARCHAR(99)",False,,,,,,,
Accepted,"{/02 INT_ZWA_PO/BDV-STG.ldm}:/INT_ZWA_STG/Zaak/Vangnetcategorie BB",Vangnetcategorie BB,"VARCHAR(99)",False,,,,,,"{/02 INT_ZWA_PO/Business DataVault.ldm}:/INT_ZWA/Zaak S/Vangnetcategorie BB",Vangnetcategorie BB,"VARCHAR(99)",False,,,,,,,
Accepted,"{/02 INT_ZWA_PO/BDV-STG.ldm}:/INT_ZWA_STG/Zaak/Code Vangnetcategorie SZW",Code Vangnetcategorie SZW,"VARCHAR(99)",False,,,,,,"{/02 INT_ZWA_PO/Business DataVault.ldm}:/INT_ZWA/Zaak S/Code vangnetcategorie SZW",Code vangnetcategorie SZW,"VARCHAR(99)",False,,,,,,,
Accepted,"{/02 INT_ZWA_PO/BDV-STG.ldm}:/INT_ZWA_STG/Zaak/Vangnetcategorie SZW",Vangnetcategorie SZW,"VARCHAR(99)",False,,,,,,"{/02 INT_ZWA_PO/Business DataVault.ldm}:/INT_ZWA/Zaak S/Vangnetcategorie SZW",Vangnetcategorie SZW,"VARCHAR(99)",False,,,,,,,
Accepted,"{/02 INT_ZWA_PO/BDV-STG.ldm}:/INT_ZWA_STG/Zaak/Code Reden Einde Recht",Code Reden Einde Recht,"CHAR(5)",False,,,,,,"{/02 INT_ZWA_PO/Business DataVault.ldm}:/INT_ZWA/Zaak S/Code Reden Einde Recht",Code Reden Einde Recht,"CHAR(5)",False,,,,,,,
Accepted,"{/02 INT_ZWA_PO/BDV-STG.ldm}:/INT_ZWA_STG/Zaak/Reden Einde Recht",Reden Einde Recht,"CHAR(5)",False,,,,,,"{/02 INT_ZWA_PO/Business DataVault.ldm}:/INT_ZWA/Zaak S/Reden Einde Recht",Reden Einde Recht,"CHAR(5)",False,,,,,,,
Accepted,"{/02 INT_ZWA_PO/BDV-STG.ldm}:/INT_ZWA_STG/Team/Teamnaam",Teamnaam,"VARCHAR(99)",False,"Blijft nu bewust even leeg",,,,,"{/02 INT_ZWA_PO/Business DataVault.ldm}:/INT_ZWA/Team S/Teamnaam",Teamnaam,"VARCHAR(99)",False,,,,,,,
Accepted,"{/02 INT_ZWA_PO/BDV-STG.ldm}:/INT_ZWA_STG/Team/Team Hashkey",Team Hashkey,"VARCHAR(99)",True,,,,,,"{/02 INT_ZWA_PO/Business DataVault.ldm}:/INT_ZWA/Team S/Team H HK",Team H HK,"VARCHAR(99)",True,,,,,,,
Accepted,"{/02 INT_ZWA_PO/BDV-STG.ldm}:/INT_ZWA_STG/Team/Hashdiff Team",Hashdiff Team,"VARCHAR(99)",True,,,,,,"{/02 INT_ZWA_PO/Business DataVault.ldm}:/INT_ZWA/Team S/Hashdiff",Hashdiff,"VARCHAR(99)",True,,,,,,,
Accepted,"{/02 INT_ZWA_PO/BDV-STG.ldm}:/INT_ZWA_STG/Team/Districtskantoor Naam",Districtskantoor Naam,"VARCHAR(99)",False,,,,,,"{/02 INT_ZWA_PO/Business DataVault.ldm}:/INT_ZWA/Team S/Districtskantoor Naam",Districtskantoor Naam,"VARCHAR(99)",False,,,,,,,
Accepted,"{/02 INT_ZWA_PO/BDV-STG.ldm}:/INT_ZWA_STG/Team/Regio Naam",Regio Naam,"VARCHAR(99)",False,,,,,,"{/02 INT_ZWA_PO/Business DataVault.ldm}:/INT_ZWA/Team S/Regio Naam",Regio Naam,"VARCHAR(99)",False,,,,,,,
Accepted,"{/02 INT_ZWA_PO/BDV-STG.ldm}:/INT_ZWA_STG/Team/Regio Nr",Regio Nr,"NUMERIC(38,10)",False,,,,,,"{/02 INT_ZWA_PO/Business DataVault.ldm}:/INT_ZWA/Team S/Regio Nr",Regio Nr,"NUMERIC(38,10)",False,,,,,,,
Accepted,"{/02 INT_ZWA_PO/BDV-STG.ldm}:/INT_ZWA_STG/Team/Regio Sorteervolgnr",Regio Sorteervolgnr,"NUMERIC(38,10)",False,,,,,,"{/02 INT_ZWA_PO/Business DataVault.ldm}:/INT_ZWA/Team S/Regio Sorteervolgnr",Regio Sorteervolgnr,"NUMERIC(38,10)",False,,,,,,,
Accepted,"{/02 INT_ZWA_PO/BDV-STG.ldm}:/INT_ZWA_STG/Team/Districtskantoor Sorteervolgnr",Districtskantoor Sorteervolgnr,"NUMERIC(38,10)",False,,,,,,"{/02 INT_ZWA_PO/Business DataVault.ldm}:/INT_ZWA/Team S/Districtskantoor Sorteervolgnr",Districtskantoor Sorteervolgnr,"NUMERIC(38,10)",False,,,,,,,
Accepted,"{/02 INT_ZWA_PO/BDV-STG.ldm}:/INT_ZWA_STG/Team/Ingangsdatum bwt Team",Ingangsdatum bwt Team,"TIMESTAMP",False,,,,,,"{/02 INT_ZWA_PO/Business DataVault.ldm}:/INT_ZWA/Team S Bwt/Ingangsdatum Bwt",Ingangsdatum Bwt,"TIMESTAMP",False,,,,,,,
Accepted,"{/02 INT_ZWA_PO/BDV-STG.ldm}:/INT_ZWA_STG/Team/Hashdiff Team bwt",Hashdiff Team bwt,"VARCHAR(99)",True,,,,,,"{/02 INT_ZWA_PO/Business DataVault.ldm}:/INT_ZWA/Team S Bwt/Hashdiff",Hashdiff,"VARCHAR(99)",True,,,,,,,
Accepted,"{/02 INT_ZWA_PO/BDV-STG.ldm}:/INT_ZWA_STG/Team/Team Hashkey",Team Hashkey,"VARCHAR(99)",True,,,,,,"{/02 INT_ZWA_PO/Business DataVault.ldm}:/INT_ZWA/Team S Bwt/Team H HK",Team H HK,"VARCHAR(99)",True,,,,,,,
Accepted,"{/02 INT_ZWA_PO/BDV-STG.ldm}:/INT_ZWA_STG/Zaak/Ingangsdatum bwt Zaak",Ingangsdatum bwt Zaak,"TIMESTAMP",False,,,,,,"{/02 INT_ZWA_PO/Business DataVault.ldm}:/INT_ZWA/Zaak S Bwt/Ingangsdatum Bwt",Ingangsdatum Bwt,"TIMESTAMP",False,,,,,,,
Accepted,"{/02 INT_ZWA_PO/BDV-STG.ldm}:/INT_ZWA_STG/Zaak/Hashdiff Zaak bwt",Hashdiff Zaak bwt,"VARCHAR(99)",True,,,,,,"{/02 INT_ZWA_PO/Business DataVault.ldm}:/INT_ZWA/Zaak S Bwt/Hashdiff",Hashdiff,"VARCHAR(99)",True,,,,,,,
Accepted,"{/02 INT_ZWA_PO/BDV-STG.ldm}:/INT_ZWA_STG/Zaak/Zaak Hashkey",Zaak Hashkey,"VARCHAR(99)",True,,,,,,"{/02 INT_ZWA_PO/Business DataVault.ldm}:/INT_ZWA/Zaak S Bwt/Zaak H Hk",Zaak H Hk,"VARCHAR(99)",True,,,,,,,
Accepted,"{/02 INT_ZWA_PO/BDV-STG.ldm}:/INT_ZWA_STG/Zaak/Team bij Zaak Hashkey",Team bij Zaak Hashkey,"VARCHAR(99)",True,,,,,,"{/02 INT_ZWA_PO/Business DataVault.ldm}:/INT_ZWA/Verantwoordelijk Team bij Zaak L/Verantwoordelijk Team bij Zaak L HK",Verantwoordelijk Team bij Zaak L HK,"VARCHAR(99)",True,,,,,,,
Accepted,"{/02 INT_ZWA_PO/BDV-STG.ldm}:/INT_ZWA_STG/Zaak/Zaak Hashkey",Zaak Hashkey,"VARCHAR(99)",True,,,,,,"{/02 INT_ZWA_PO/Business DataVault.ldm}:/INT_ZWA/Verantwoordelijk Team bij Zaak L/Zaak H Hk",Zaak H Hk,"VARCHAR(99)",True,,,,,,,
Accepted,"{/02 INT_ZWA_PO/BDV-STG.ldm}:/INT_ZWA_STG/Zaak/Team Hashkey",Team Hashkey,"VARCHAR(99)",True,,,,,,"{/02 INT_ZWA_PO/Business DataVault.ldm}:/INT_ZWA/Verantwoordelijk Team bij Zaak L/Team H HK",Team H HK,"VARCHAR(99)",True,,,,,,,
Accepted,"{/02 INT_ZWA_PO/BDV-STG.ldm}:/INT_ZWA_STG/Zaak/Team bij Zaak Hashkey",Team bij Zaak Hashkey,"VARCHAR(99)",True,,,,,,"{/02 INT_ZWA_PO/Business DataVault.ldm}:/INT_ZWA/Verantwoordelijk Team bij Zaak S/Verantwoordelijk Team bij Zaak L HK",Verantwoordelijk Team bij Zaak L HK,"VARCHAR(99)",True,,,,,,,
Accepted,"{/02 INT_ZWA_PO/BDV-STG.ldm}:/INT_ZWA_STG/Zaak/Hashdiff Team bij Zaak",Hashdiff Team bij Zaak,"VARCHAR(99)",True,,,,,,"{/02 INT_ZWA_PO/Business DataVault.ldm}:/INT_ZWA/Verantwoordelijk Team bij Zaak S/Hashdiff",Hashdiff,"VARCHAR(99)",True,,,,,,,
Accepted,"{/02 INT_ZWA_PO/BDV-STG.ldm}:/INT_ZWA_STG/Zaak/Dummy",Dummy,"VARCHAR(9)",False,,,,,,"{/02 INT_ZWA_PO/Business DataVault.ldm}:/INT_ZWA/Verantwoordelijk Team bij Zaak S/Dummy",Dummy,"VARCHAR(9)",False,,,,,,,
Accepted,"{/02 INT_ZWA_PO/BDV-STG.ldm}:/INT_ZWA_STG/Taak in Zaak/Taak Hashkey",Taak Hashkey,"VARCHAR(99)",True,,,,,,"{/02 INT_ZWA_PO/Business DataVault.ldm}:/INT_ZWA/Taak H/Taak H Hk",Taak H Hk,"VARCHAR(99)",True,,,,,,,
Accepted,"{/02 INT_ZWA_PO/BDV-STG.ldm}:/INT_ZWA_STG/Taak in Zaak/Activiteitcode",Activiteitcode,"VARCHAR(9)",False,,,,,,"{/02 INT_ZWA_PO/Business DataVault.ldm}:/INT_ZWA/Taak H/Activiteitcode",Activiteitcode,"VARCHAR(99)",True,,,,,,,
Accepted,"{/02 INT_ZWA_PO/BDV-STG.ldm}:/INT_ZWA_STG/Taak in Zaak/Taak Hashkey",Taak Hashkey,"VARCHAR(99)",True,,,,,,"{/02 INT_ZWA_PO/Business DataVault.ldm}:/INT_ZWA/Taak S/Taak H Hk",Taak H Hk,"VARCHAR(99)",True,,,,,,,
Accepted,"{/02 INT_ZWA_PO/BDV-STG.ldm}:/INT_ZWA_STG/Taak in Zaak/Hashdiff Taak",Hashdiff Taak,"VARCHAR(99)",True,,,,,,"{/02 INT_ZWA_PO/Business DataVault.ldm}:/INT_ZWA/Taak S/Hashdiff",Hashdiff,"VARCHAR(99)",True,,,,,,,
Accepted,"{/02 INT_ZWA_PO/BDV-STG.ldm}:/INT_ZWA_STG/Taak in Zaak/Activiteit Omschrijving",Activiteit Omschrijving,"VARCHAR(999)",False,,,,,,"{/02 INT_ZWA_PO/Business DataVault.ldm}:/INT_ZWA/Taak S/Activiteit Omschrijving",Activiteit Omschrijving,"VARCHAR(999)",False,,,,,,,
Accepted,"{/02 INT_ZWA_PO/BDV-STG.ldm}:/INT_ZWA_STG/Taak in Zaak/Taak Hashkey",Taak Hashkey,"VARCHAR(99)",True,,,,,,"{/02 INT_ZWA_PO/Business DataVault.ldm}:/INT_ZWA/TaakInZaak L/Taak H Hk",Taak H Hk,"VARCHAR(99)",True,,,,,,,
Accepted,"{/02 INT_ZWA_PO/BDV-STG.ldm}:/INT_ZWA_STG/Taak in Zaak/Zaak Hashkey",Zaak Hashkey,"VARCHAR(99)",True,,,,,,"{/02 INT_ZWA_PO/Business DataVault.ldm}:/INT_ZWA/TaakInZaak L/Zaak H Hk",Zaak H Hk,"VARCHAR(99)",True,,,,,,,
Accepted,"{/02 INT_ZWA_PO/BDV-STG.ldm}:/INT_ZWA_STG/Taak in Zaak/Datum initiele boeking activiteit",Datum initiele boeking activiteit,"TIMESTAMP",True,,,,,,"{/02 INT_ZWA_PO/Business DataVault.ldm}:/INT_ZWA/TaakInZaak L/Datum Initiele Boeking Activiteit",Datum Initiele Boeking Activiteit,"TIMESTAMP",False,,,,,,,
Accepted,"{/02 INT_ZWA_PO/BDV-STG.ldm}:/INT_ZWA_STG/Taak in Zaak/Taak In Zaak L Hashkey",Taak In Zaak L Hashkey,"VARCHAR(99)",True,,,,,,"{/02 INT_ZWA_PO/Business DataVault.ldm}:/INT_ZWA/TaakInZaak L/TaakInZaak L HK",TaakInZaak L HK,"VARCHAR(99)",True,,,,,,,
Accepted,"{/02 INT_ZWA_PO/BDV-STG.ldm}:/INT_ZWA_STG/Taak in Zaak/Team Hashkey",Team Hashkey,"VARCHAR(99)",True,,,,,,"{/02 INT_ZWA_PO/Business DataVault.ldm}:/INT_ZWA/TaakInZaak L/Team H HK",Team H HK,"VARCHAR(99)",True,,,,,,,
Accepted,"{/02 INT_ZWA_PO/BDV-STG.ldm}:/INT_ZWA_STG/Taak in Zaak/Datum oproep",Datum oproep,"TIMESTAMP",False,,,,,,"{/02 INT_ZWA_PO/Business DataVault.ldm}:/INT_ZWA/TaakInZaak S/Datum Oproep",Datum Oproep,"TIMESTAMP",False,,,,,,,
Accepted,"{/02 INT_ZWA_PO/BDV-STG.ldm}:/INT_ZWA_STG/Taak in Zaak/Code aanwezigheid persoon",Code aanwezigheid persoon,"VARCHAR(99)",False,,,,,,"{/02 INT_ZWA_PO/Business DataVault.ldm}:/INT_ZWA/TaakInZaak S/Code aanwezigheid persoon",Code aanwezigheid persoon,"VARCHAR(99)",False,,,,,,,
Accepted,"{/02 INT_ZWA_PO/BDV-STG.ldm}:/INT_ZWA_STG/Taak in Zaak/Aanwezigheid persoon",Aanwezigheid persoon,"VARCHAR(99)",False,,,,,,"{/02 INT_ZWA_PO/Business DataVault.ldm}:/INT_ZWA/TaakInZaak S/Aanwezigheid persoon",Aanwezigheid persoon,"VARCHAR(99)",False,,,,,,,
Accepted,"{/02 INT_ZWA_PO/BDV-STG.ldm}:/INT_ZWA_STG/Taak in Zaak/Code functie medewerker",Code functie medewerker,"VARCHAR(99)",False,,,,,,"{/02 INT_ZWA_PO/Business DataVault.ldm}:/INT_ZWA/TaakInZaak S/Code Functie Medewerker",Code Functie Medewerker,"VARCHAR(99)",False,,,,,,,
Accepted,"{/02 INT_ZWA_PO/BDV-STG.ldm}:/INT_ZWA_STG/Taak in Zaak/Functie medewerker",Functie medewerker,"VARCHAR(99)",False,,,,,,"{/02 INT_ZWA_PO/Business DataVault.ldm}:/INT_ZWA/TaakInZaak S/Functie Medewerker",Functie Medewerker,"VARCHAR(99)",False,,,,,,,
Accepted,"{/02 INT_ZWA_PO/BDV-STG.ldm}:/INT_ZWA_STG/Taak in Zaak/Hashdiff TaakInZaak",Hashdiff TaakInZaak,"VARCHAR(99)",True,,,,,,"{/02 INT_ZWA_PO/Business DataVault.ldm}:/INT_ZWA/TaakInZaak S/Hashdiff",Hashdiff,"VARCHAR(99)",True,,,,,,,
Accepted,"{/02 INT_ZWA_PO/BDV-STG.ldm}:/INT_ZWA_STG/Taak in Zaak/Datum boeking activiteit",Datum boeking activiteit,"TIMESTAMP",False,,,,,,"{/02 INT_ZWA_PO/Business DataVault.ldm}:/INT_ZWA/TaakInZaak S/Datum Boeking Activiteit",Datum Boeking Activiteit,"TIMESTAMP",False,,,,,,,
Accepted,"{/02 INT_ZWA_PO/BDV-STG.ldm}:/INT_ZWA_STG/Taak in Zaak/Code aanleiding activiteit",Code aanleiding activiteit,"VARCHAR(99)",False,,,,,,"{/02 INT_ZWA_PO/Business DataVault.ldm}:/INT_ZWA/TaakInZaak S/Code Aanleiding Activiteit",Code Aanleiding Activiteit,"VARCHAR(99)",False,,,,,,,
Accepted,"{/02 INT_ZWA_PO/BDV-STG.ldm}:/INT_ZWA_STG/Taak in Zaak/Aanleiding activiteit",Aanleiding activiteit,"VARCHAR(99)",False,,,,,,"{/02 INT_ZWA_PO/Business DataVault.ldm}:/INT_ZWA/TaakInZaak S/Aanleiding Activiteit",Aanleiding Activiteit,"VARCHAR(99)",False,,,,,,,
Accepted,"{/02 INT_ZWA_PO/BDV-STG.ldm}:/INT_ZWA_STG/Taak in Zaak/Datum activiteit Plan",Datum activiteit Plan,"TIMESTAMP",False,,,,,,"{/02 INT_ZWA_PO/Business DataVault.ldm}:/INT_ZWA/TaakInZaak S/Datum Activiteit Plan",Datum Activiteit Plan,"TIMESTAMP",False,,,,,,,
Accepted,"{/02 INT_ZWA_PO/BDV-STG.ldm}:/INT_ZWA_STG/Taak in Zaak/Datum activiteit Realisatie",Datum activiteit Realisatie,"TIMESTAMP",False,,,,,,"{/02 INT_ZWA_PO/Business DataVault.ldm}:/INT_ZWA/TaakInZaak S/Datum Activiteit Realisatie",Datum Activiteit Realisatie,"TIMESTAMP",False,,,,,,,
Accepted,"{/02 INT_ZWA_PO/BDV-STG.ldm}:/INT_ZWA_STG/Taak in Zaak/Code status activiteit",Code status activiteit,"VARCHAR(99)",False,,,,,,"{/02 INT_ZWA_PO/Business DataVault.ldm}:/INT_ZWA/TaakInZaak S/Code Status Activiteit",Code Status Activiteit,"VARCHAR(99)",False,,,,,,,
Accepted,"{/02 INT_ZWA_PO/BDV-STG.ldm}:/INT_ZWA_STG/Taak in Zaak/Status activiteit",Status activiteit,"VARCHAR(99)",False,,,,,,"{/02 INT_ZWA_PO/Business DataVault.ldm}:/INT_ZWA/TaakInZaak S/Status Activiteit",Status Activiteit,"VARCHAR(99)",False,,,,,,,
Accepted,"{/02 INT_ZWA_PO/BDV-STG.ldm}:/INT_ZWA_STG/Taak in Zaak/Code conclusie activiteit",Code conclusie activiteit,"VARCHAR(99)",False,,,,,,"{/02 INT_ZWA_PO/Business DataVault.ldm}:/INT_ZWA/TaakInZaak S/Code Conclusie Activiteit",Code Conclusie Activiteit,"VARCHAR(99)",False,,,,,,,
Accepted,"{/02 INT_ZWA_PO/BDV-STG.ldm}:/INT_ZWA_STG/Taak in Zaak/Conclusie activiteit",Conclusie activiteit,"VARCHAR(999)",False,,,,,,"{/02 INT_ZWA_PO/Business DataVault.ldm}:/INT_ZWA/TaakInZaak S/Conclusie Activiteit",Conclusie Activiteit,"VARCHAR(99)",False,,,,,,,
Accepted,"{/02 INT_ZWA_PO/BDV-STG.ldm}:/INT_ZWA_STG/Taak in Zaak/Taak In Zaak L Hashkey",Taak In Zaak L Hashkey,"VARCHAR(99)",True,,,,,,"{/02 INT_ZWA_PO/Business DataVault.ldm}:/INT_ZWA/TaakInZaak S/TaakInZaak L HK",TaakInZaak L HK,"VARCHAR(99)",True,,,,,,,
Accepted,"{/02 INT_ZWA_PO/BDV-STG.ldm}:/INT_ZWA_STG/Taak in Zaak/Naam medewerker",Naam medewerker,"VARCHAR(99)",False,,,,,,"{/02 INT_ZWA_PO/Business DataVault.ldm}:/INT_ZWA/TaakInZaak S/Naam medewerker",Naam medewerker,"VARCHAR(99)",False,,,,,,,
Accepted,"{/02 INT_ZWA_PO/BDV-STG.ldm}:/INT_ZWA_STG/Taak in Zaak/Hashdiff TaakInZaak",Hashdiff TaakInZaak,"VARCHAR(99)",True,,,,,,"{/02 INT_ZWA_PO/Business DataVault.ldm}:/INT_ZWA/TaakInZaak S bwt/Hashdiff",Hashdiff,"VARCHAR(99)",True,,,,,,,
Accepted,"{/02 INT_ZWA_PO/BDV-STG.ldm}:/INT_ZWA_STG/Taak in Zaak/Ingangsdatum Bwt",Ingangsdatum Bwt,"TIMESTAMP",False,,,,,,"{/02 INT_ZWA_PO/Business DataVault.ldm}:/INT_ZWA/TaakInZaak S bwt/Ingangsdatum Bwt",Ingangsdatum Bwt,"TIMESTAMP",False,,,,,,,
Accepted,"{/02 INT_ZWA_PO/BDV-STG.ldm}:/INT_ZWA_STG/Taak in Zaak/Taak In Zaak L Hashkey",Taak In Zaak L Hashkey,"VARCHAR(99)",True,,,,,,"{/02 INT_ZWA_PO/Business DataVault.ldm}:/INT_ZWA/TaakInZaak S bwt/TaakInZaak L HK",TaakInZaak L HK,"VARCHAR(99)",True,,,,,,,
Accepted,"{/02 INT_ZWA_PO/BDV-STG.ldm}:/INT_ZWA_STG/Zaak/Team Hashkey",Team Hashkey,"VARCHAR(99)",True,,,,,,"{/02 INT_ZWA_PO/Business DataVault.ldm}:/INT_ZWA/Team H/Team H HK",Team H HK,"VARCHAR(99)",True,,,,,,,
Accepted,"{/02 INT_ZWA_PO/BDV-STG.ldm}:/INT_ZWA_STG/Zaak/Districtskantoor Nr",Districtskantoor Nr,"NUMERIC(38,10)",False,,,,,,"{/02 INT_ZWA_PO/Business DataVault.ldm}:/INT_ZWA/Team H/Districtskantoor Nr",Districtskantoor Nr,"VARCHAR(9)",True,,,,,,,
Accepted,"{/02 INT_ZWA_PO/BDV-STG.ldm}:/INT_ZWA_STG/Zaak/Teamnummer",Teamnummer,"VARCHAR(9)",False,,,,,,"{/02 INT_ZWA_PO/Business DataVault.ldm}:/INT_ZWA/Team H/Teamnummer",Teamnummer,"VARCHAR(9)",True,,,,,,,
Accepted,"{/02 INT_ZWA_PO/BDV-STG.ldm}:/INT_ZWA_STG/Team/Team Hashkey",Team Hashkey,"VARCHAR(99)",True,,,,,,"{/02 INT_ZWA_PO/Business DataVault.ldm}:/INT_ZWA/Team H/Team H HK",Team H HK,"VARCHAR(99)",True,,,,,,,
Accepted,"{/02 INT_ZWA_PO/BDV-STG.ldm}:/INT_ZWA_STG/Taak in Zaak/Team Hashkey",Team Hashkey,"VARCHAR(99)",True,,,,,,"{/02 INT_ZWA_PO/Business DataVault.ldm}:/INT_ZWA/Team H/Team H HK",Team H HK,"VARCHAR(99)",True,,,,,,,
Accepted,"{/02 INT_ZWA_PO/BDV-STG.ldm}:/INT_ZWA_STG/Taak in Zaak/Districtskantoor Nr",Districtskantoor Nr,"NUMERIC(38,10)",False,,,,,,"{/02 INT_ZWA_PO/Business DataVault.ldm}:/INT_ZWA/Team H/Districtskantoor Nr",Districtskantoor Nr,"VARCHAR(9)",True,,,,,,,
Accepted,"{/02 INT_ZWA_PO/BDV-STG.ldm}:/INT_ZWA_STG/Taak in Zaak/Teamnummer",Teamnummer,"VARCHAR(9)",False,,,,,,"{/02 INT_ZWA_PO/Business DataVault.ldm}:/INT_ZWA/Team H/Teamnummer",Teamnummer,"VARCHAR(9)",True,,,,,,,
Accepted,"{/02 INT_ZWA_PO/BDV-STG.ldm}:/INT_ZWA_STG/Natuurlijke Persoon/Natuurlijkepersoon H Hk",Natuurlijkepersoon H Hk,"VARCHAR(99)",True,,,,,,"{/02 INT_ZWA_PO/Business DataVault.ldm}:/INT_ZWA/NatuurlijkePersoon H/Natuurlijkepersoon H Hk",Natuurlijkepersoon H Hk,"VARCHAR(99)",True,,,,,,,
Accepted,"{/02 INT_ZWA_PO/BDV-STG.ldm}:/INT_ZWA_STG/Natuurlijke Persoon/BSN",BSN,"VARCHAR(99)",True,,,,,,"{/02 INT_ZWA_PO/Business DataVault.ldm}:/INT_ZWA/NatuurlijkePersoon H/BSN",BSN,"VARCHAR(99)",True,,,,,,,
Accepted,"{/02 INT_ZWA_PO/BDV-STG.ldm}:/INT_ZWA_STG/Natuurlijke Persoon/Natuurlijkepersoon H Hk",Natuurlijkepersoon H Hk,"VARCHAR(99)",True,,,,,,"{/02 INT_ZWA_PO/Business DataVault.ldm}:/INT_ZWA/NatuurlijkePersoon S/Natuurlijkepersoon H Hk",Natuurlijkepersoon H Hk,"VARCHAR(99)",True,,,,,,,
Accepted,"{/02 INT_ZWA_PO/BDV-STG.ldm}:/INT_ZWA_STG/Natuurlijke Persoon/Hashdiff Natuurlijke Persoon",Hashdiff Natuurlijke Persoon,"VARCHAR(99)",True,,,,,,"{/02 INT_ZWA_PO/Business DataVault.ldm}:/INT_ZWA/NatuurlijkePersoon S/Hashdiff",Hashdiff,"VARCHAR(99)",True,,,,,,,
Accepted,"{/02 INT_ZWA_PO/BDV-STG.ldm}:/INT_ZWA_STG/Natuurlijke Persoon/Status Persoon",Status Persoon,"VARCHAR(9)",False,,,,,,"{/02 INT_ZWA_PO/Business DataVault.ldm}:/INT_ZWA/NatuurlijkePersoon S/Status Persoon",Status Persoon,"VARCHAR(9)",False,,,,,,,
Accepted,"{/02 INT_ZWA_PO/BDV-STG.ldm}:/INT_ZWA_STG/Natuurlijke Persoon/Geboortedatum",Geboortedatum,"TIMESTAMP",False,,,,,,"{/02 INT_ZWA_PO/Business DataVault.ldm}:/INT_ZWA/NatuurlijkePersoon S/Geboortedatum",Geboortedatum,"TIMESTAMP",False,,,,,,,
Accepted,"{/02 INT_ZWA_PO/BDV-STG.ldm}:/INT_ZWA_STG/Natuurlijke Persoon/Domicilie Postcode Gebied",Domicilie Postcode Gebied,"VARCHAR(9)",False,,,,,,"{/02 INT_ZWA_PO/Business DataVault.ldm}:/INT_ZWA/NatuurlijkePersoon S/Domicilie Postcode Gebied",Domicilie Postcode Gebied,"VARCHAR(9)",False,,,,,,,
Accepted,"{/02 INT_ZWA_PO/BDV-STG.ldm}:/INT_ZWA_STG/Natuurlijke Persoon/Domicilie Postcode",Domicilie Postcode,"VARCHAR(9)",False,,,,,,"{/02 INT_ZWA_PO/Business DataVault.ldm}:/INT_ZWA/NatuurlijkePersoon S/Domicilie Postcode",Domicilie Postcode,"VARCHAR(9)",False,,,,,,,
Accepted,"{/02 INT_ZWA_PO/BDV-STG.ldm}:/INT_ZWA_STG/Natuurlijke Persoon/Verpleeg Adres Postcode",Verpleeg Adres Postcode,"VARCHAR(9)",False,,,,,,"{/02 INT_ZWA_PO/Business DataVault.ldm}:/INT_ZWA/NatuurlijkePersoon S/Verpleeg Adres Postcode",Verpleeg Adres Postcode,"VARCHAR(9)",False,,,,,,,
Accepted,"{/02 INT_ZWA_PO/BDV-STG.ldm}:/INT_ZWA_STG/Natuurlijke Persoon/Verpleeg Adres Postcode Gebied",Verpleeg Adres Postcode Gebied,"VARCHAR(9)",False,,,,,,"{/02 INT_ZWA_PO/Business DataVault.ldm}:/INT_ZWA/NatuurlijkePersoon S/Verpleeg Adres Postcode Gebied",Verpleeg Adres Postcode Gebied,"VARCHAR(9)",False,,,,,,,
Accepted,"{/02 INT_ZWA_PO/BDV-STG.ldm}:/INT_ZWA_STG/Natuurlijke Persoon/Verpleeg Adres Land Nr",Verpleeg Adres Land Nr,"VARCHAR(9)",False,,,,,,"{/02 INT_ZWA_PO/Business DataVault.ldm}:/INT_ZWA/NatuurlijkePersoon S/Verpleeg Adres Land Nr",Verpleeg Adres Land Nr,"VARCHAR(9)",False,,,,,,,
Accepted,"{/02 INT_ZWA_PO/BDV-STG.ldm}:/INT_ZWA_STG/Natuurlijke Persoon/Verpleeg Adres Land",Verpleeg Adres Land,"VARCHAR(99)",False,,,,,,"{/02 INT_ZWA_PO/Business DataVault.ldm}:/INT_ZWA/NatuurlijkePersoon S/Verpleeg Adres Land",Verpleeg Adres Land,"VARCHAR(99)",False,,,,,,,
Accepted,"{/02 INT_ZWA_PO/BDV-STG.ldm}:/INT_ZWA_STG/Natuurlijke Persoon/Verpleeg Instelling Code",Verpleeg Instelling Code,"VARCHAR(9)",False,,,,,,"{/02 INT_ZWA_PO/Business DataVault.ldm}:/INT_ZWA/NatuurlijkePersoon S/Verpleeg Instelling Code",Verpleeg Instelling Code,"VARCHAR(9)",False,,,,,,,
Accepted,"{/02 INT_ZWA_PO/BDV-STG.ldm}:/INT_ZWA_STG/Natuurlijke Persoon/Verpleeg Instelling",Verpleeg Instelling,"VARCHAR(99)",False,,,,,,"{/02 INT_ZWA_PO/Business DataVault.ldm}:/INT_ZWA/NatuurlijkePersoon S/Verpleeg Instelling",Verpleeg Instelling,"VARCHAR(99)",False,,,,,,,
Accepted,"{/02 INT_ZWA_PO/BDV-STG.ldm}:/INT_ZWA_STG/Zaak/BSN",BSN,"VARCHAR(99)",False,,,,,,"{/02 INT_ZWA_PO/Business DataVault.ldm}:/INT_ZWA/NatuurlijkePersoon H/BSN",BSN,"VARCHAR(99)",True,,,,,,,
Accepted,"{/02 INT_ZWA_PO/BDV-STG.ldm}:/INT_ZWA_STG/Zaak/Natuurlijkepersoon H Hk",Natuurlijkepersoon H Hk,"VARCHAR(99)",True,,,,,,"{/02 INT_ZWA_PO/Business DataVault.ldm}:/INT_ZWA/NatuurlijkePersoon H/Natuurlijkepersoon H Hk",Natuurlijkepersoon H Hk,"VARCHAR(99)",True,,,,,,,
Accepted,"{/02 INT_ZWA_PO/BDV-STG.ldm}:/INT_ZWA_STG/Zaak/ZaakBijNatuurlijkePersoon L HK",ZaakBijNatuurlijkePersoon L HK,"VARCHAR(99)",True,,,,,,"{/02 INT_ZWA_PO/Business DataVault.ldm}:/INT_ZWA/ZaakBijNatuurlijkePersoon L/ZaakBijNatuurlijkePersoon L HK",ZaakBijNatuurlijkePersoon L HK,"VARCHAR(99)",True,,,,,,,
Accepted,"{/02 INT_ZWA_PO/BDV-STG.ldm}:/INT_ZWA_STG/Zaak/Zaak Hashkey",Zaak Hashkey,"VARCHAR(99)",True,,,,,,"{/02 INT_ZWA_PO/Business DataVault.ldm}:/INT_ZWA/ZaakBijNatuurlijkePersoon L/Zaak H Hk",Zaak H Hk,"VARCHAR(99)",True,,,,,,,
Accepted,"{/02 INT_ZWA_PO/BDV-STG.ldm}:/INT_ZWA_STG/Zaak/Natuurlijkepersoon H Hk",Natuurlijkepersoon H Hk,"VARCHAR(99)",True,,,,,,"{/02 INT_ZWA_PO/Business DataVault.ldm}:/INT_ZWA/ZaakBijNatuurlijkePersoon L/Natuurlijkepersoon H Hk",Natuurlijkepersoon H Hk,"VARCHAR(99)",True,,,,,,,
Accepted,"{/02 INT_ZWA_PO/BDV-STG.ldm}:/INT_ZWA_STG/Zaak/ZaakBijNatuurlijkePersoon L HK",ZaakBijNatuurlijkePersoon L HK,"VARCHAR(99)",True,,,,,,"{/02 INT_ZWA_PO/Business DataVault.ldm}:/INT_ZWA/ZaakBijNatuurlijkePersoon S/ZaakBijNatuurlijkePersoon L HK",ZaakBijNatuurlijkePersoon L HK,"VARCHAR(99)",True,,,,,,,
Accepted,"{/02 INT_ZWA_PO/BDV-STG.ldm}:/INT_ZWA_STG/Zaak/Hashdiff Zaak bij Natuurlijke Persoon",Hashdiff Zaak bij Natuurlijke Persoon,"VARCHAR(99)",True,,,,,,"{/02 INT_ZWA_PO/Business DataVault.ldm}:/INT_ZWA/ZaakBijNatuurlijkePersoon S/Hashdiff",Hashdiff,"VARCHAR(99)",True,,,,,,,
