Function,Name,Rule,Source Columns,Specification Description,Target Columns
,INT_ZWA_META.STG_META_MAPPING_TB.DIM_DBATTR_DBATTR_L_HK > INT_ZWA_META.DV_DBATTR_DBATTR_L.DIM_DBATTR_DBATTR_L_HK,linkkey,"""UWVM2VLPAPP0021\.P-DC\.BA\.UWV\.NL"".pdim.INT_ZWA_META.STG_META_MAPPING_TB.DIM_DBATTR_DBATTR_L_HK",,"""UWVM2VLPAPP0021\.P-DC\.BA\.UWV\.NL"".pdim.INT_ZWA_META.DV_DBATTR_DBATTR_L.DIM_DBATTR_DBATTR_L_HK"
,INT_ZWA_META.STG_META_MAPPING_TB.DIM_DBATTRIBUUT_H_HK_DOEL > INT_ZWA_META.DV_DBATTR_DBATTR_L.DIM_DBATTRIBUUT_H_HK_DOEL,hubkey,"""UWVM2VLPAPP0021\.P-DC\.BA\.UWV\.NL"".pdim.INT_ZWA_META.STG_META_MAPPING_TB.DIM_DBATTRIBUUT_H_HK_DOEL",,"""UWVM2VLPAPP0021\.P-DC\.BA\.UWV\.NL"".pdim.INT_ZWA_META.DV_DBATTR_DBATTR_L.DIM_DBATTRIBUUT_H_HK_DOEL"
,INT_ZWA_META.STG_META_MAPPING_TB.DIM_DBATTRIBUUT_H_HK_BRON > INT_ZWA_META.DV_DBATTR_DBATTR_L.DIM_DBATTRIBUUT_H_HK_BRON,hubkey,"""UWVM2VLPAPP0021\.P-DC\.BA\.UWV\.NL"".pdim.INT_ZWA_META.STG_META_MAPPING_TB.DIM_DBATTRIBUUT_H_HK_BRON",,"""UWVM2VLPAPP0021\.P-DC\.BA\.UWV\.NL"".pdim.INT_ZWA_META.DV_DBATTR_DBATTR_L.DIM_DBATTRIBUUT_H_HK_BRON"
,INT_ZWA_META.STG_META_MAPPING_TB.DIM_MAPPING_SPECIFICATIE_H_HK > INT_ZWA_META.DV_DBATTR_DBATTR_L.DIM_MAPPING_SPECIFICATIE_H_HK,hubkey,"""UWVM2VLPAPP0021\.P-DC\.BA\.UWV\.NL"".pdim.INT_ZWA_META.STG_META_MAPPING_TB.DIM_MAPPING_SPECIFICATIE_H_HK",,"""UWVM2VLPAPP0021\.P-DC\.BA\.UWV\.NL"".pdim.INT_ZWA_META.DV_DBATTR_DBATTR_L.DIM_MAPPING_SPECIFICATIE_H_HK"
,INT_ZWA_META.STG_META_MAPPING_TB.DIM_HASHDIFF_DBATTR_DBATTR > INT_ZWA_META.DV_DBATTR_DBATTR_S.DIM_HASHDIFF,dim_hashdiff,"""UWVM2VLPAPP0021\.P-DC\.BA\.UWV\.NL"".pdim.INT_ZWA_META.STG_META_MAPPING_TB.DIM_HASHDIFF_DBATTR_DBATTR",,"""UWVM2VLPAPP0021\.P-DC\.BA\.UWV\.NL"".pdim.INT_ZWA_META.DV_DBATTR_DBATTR_S.DIM_HASHDIFF"
,INT_ZWA_META.STG_META_MAPPING_TB.MAPPING_NAAM > INT_ZWA_META.DV_DBATTR_DBATTR_S.MAPPING_NAAM,,"""UWVM2VLPAPP0021\.P-DC\.BA\.UWV\.NL"".pdim.INT_ZWA_META.STG_META_MAPPING_TB.MAPPING_NAAM",,"""UWVM2VLPAPP0021\.P-DC\.BA\.UWV\.NL"".pdim.INT_ZWA_META.DV_DBATTR_DBATTR_S.MAPPING_NAAM"
,INT_ZWA_META.STG_META_MAPPING_TB.REGEL_NAAM > INT_ZWA_META.DV_DBATTR_DBATTR_S.REGEL_NAAM,,"""UWVM2VLPAPP0021\.P-DC\.BA\.UWV\.NL"".pdim.INT_ZWA_META.STG_META_MAPPING_TB.REGEL_NAAM",,"""UWVM2VLPAPP0021\.P-DC\.BA\.UWV\.NL"".pdim.INT_ZWA_META.DV_DBATTR_DBATTR_S.REGEL_NAAM"
,INT_ZWA_META.STG_META_MAPPING_TB.MAPPING_OMSCHRIJVING > INT_ZWA_META.DV_DBATTR_DBATTR_S.MAPPING_OMSCHRIJVING,,"""UWVM2VLPAPP0021\.P-DC\.BA\.UWV\.NL"".pdim.INT_ZWA_META.STG_META_MAPPING_TB.MAPPING_OMSCHRIJVING",,"""UWVM2VLPAPP0021\.P-DC\.BA\.UWV\.NL"".pdim.INT_ZWA_META.DV_DBATTR_DBATTR_S.MAPPING_OMSCHRIJVING"
,INT_ZWA_META.STG_META_MAPPING_TB.DIM_DBATTR_DBATTR_L_HK > INT_ZWA_META.DV_DBATTR_DBATTR_S.DIM_DBATTR_DBATTR_L_HK,linkkey,"""UWVM2VLPAPP0021\.P-DC\.BA\.UWV\.NL"".pdim.INT_ZWA_META.STG_META_MAPPING_TB.DIM_DBATTR_DBATTR_L_HK",,"""UWVM2VLPAPP0021\.P-DC\.BA\.UWV\.NL"".pdim.INT_ZWA_META.DV_DBATTR_DBATTR_S.DIM_DBATTR_DBATTR_L_HK"
,INT_ZWA_META.STG_META_DBATTRIBUUT_TB.DIM_DBATTRIBUUT_H_HK > INT_ZWA_META.DV_DBATTRIBUUT_H.DIM_DBATTRIBUUT_H_HK,hubkey,"""UWVM2VLPAPP0021\.P-DC\.BA\.UWV\.NL"".pdim.INT_ZWA_META.STG_META_DBATTRIBUUT_TB.DIM_DBATTRIBUUT_H_HK",,"""UWVM2VLPAPP0021\.P-DC\.BA\.UWV\.NL"".pdim.INT_ZWA_META.DV_DBATTRIBUUT_H.DIM_DBATTRIBUUT_H_HK"
,INT_ZWA_META.STG_META_DBATTRIBUUT_TB.HOST_NAAM > INT_ZWA_META.DV_DBATTRIBUUT_H.HOST_NAAM,,"""UWVM2VLPAPP0021\.P-DC\.BA\.UWV\.NL"".pdim.INT_ZWA_META.STG_META_DBATTRIBUUT_TB.HOST_NAAM",,"""UWVM2VLPAPP0021\.P-DC\.BA\.UWV\.NL"".pdim.INT_ZWA_META.DV_DBATTRIBUUT_H.HOST_NAAM"
,INT_ZWA_META.STG_META_DBATTRIBUUT_TB.DATABASE_NAAM > INT_ZWA_META.DV_DBATTRIBUUT_H.DATABASE_NAAM,,"""UWVM2VLPAPP0021\.P-DC\.BA\.UWV\.NL"".pdim.INT_ZWA_META.STG_META_DBATTRIBUUT_TB.DATABASE_NAAM",,"""UWVM2VLPAPP0021\.P-DC\.BA\.UWV\.NL"".pdim.INT_ZWA_META.DV_DBATTRIBUUT_H.DATABASE_NAAM"
,INT_ZWA_META.STG_META_DBATTRIBUUT_TB.SCHEMA_NAAM > INT_ZWA_META.DV_DBATTRIBUUT_H.SCHEMA_NAAM,,"""UWVM2VLPAPP0021\.P-DC\.BA\.UWV\.NL"".pdim.INT_ZWA_META.STG_META_DBATTRIBUUT_TB.SCHEMA_NAAM",,"""UWVM2VLPAPP0021\.P-DC\.BA\.UWV\.NL"".pdim.INT_ZWA_META.DV_DBATTRIBUUT_H.SCHEMA_NAAM"
,INT_ZWA_META.STG_META_DBATTRIBUUT_TB.TABEL_NAAM > INT_ZWA_META.DV_DBATTRIBUUT_H.TABEL_NAAM,,"""UWVM2VLPAPP0021\.P-DC\.BA\.UWV\.NL"".pdim.INT_ZWA_META.STG_META_DBATTRIBUUT_TB.TABEL_NAAM",,"""UWVM2VLPAPP0021\.P-DC\.BA\.UWV\.NL"".pdim.INT_ZWA_META.DV_DBATTRIBUUT_H.TABEL_NAAM"
,INT_ZWA_META.STG_META_DBATTRIBUUT_TB.KOLOM_NAAM > INT_ZWA_META.DV_DBATTRIBUUT_H.KOLOM_NAAM,,"""UWVM2VLPAPP0021\.P-DC\.BA\.UWV\.NL"".pdim.INT_ZWA_META.STG_META_DBATTRIBUUT_TB.KOLOM_NAAM",,"""UWVM2VLPAPP0021\.P-DC\.BA\.UWV\.NL"".pdim.INT_ZWA_META.DV_DBATTRIBUUT_H.KOLOM_NAAM"
,INT_ZWA_META.STG_META_DBATTRIBUUT_TB.DIM_DBATTRIBUUT_H_HK > INT_ZWA_META.DV_DBATTRIBUUT_S.DIM_DBATTRIBUUT_H_HK,hubkey,"""UWVM2VLPAPP0021\.P-DC\.BA\.UWV\.NL"".pdim.INT_ZWA_META.STG_META_DBATTRIBUUT_TB.DIM_DBATTRIBUUT_H_HK",,"""UWVM2VLPAPP0021\.P-DC\.BA\.UWV\.NL"".pdim.INT_ZWA_META.DV_DBATTRIBUUT_S.DIM_DBATTRIBUUT_H_HK"
,INT_ZWA_META.STG_META_DBATTRIBUUT_TB.DIM_HASHDIFF_DBATTRIBUUT > INT_ZWA_META.DV_DBATTRIBUUT_S.DIM_HASHDIFF,dim_hashdiff,"""UWVM2VLPAPP0021\.P-DC\.BA\.UWV\.NL"".pdim.INT_ZWA_META.STG_META_DBATTRIBUUT_TB.DIM_HASHDIFF_DBATTRIBUUT",,"""UWVM2VLPAPP0021\.P-DC\.BA\.UWV\.NL"".pdim.INT_ZWA_META.DV_DBATTRIBUUT_S.DIM_HASHDIFF"
,INT_ZWA_META.STG_META_DBATTRIBUUT_TB.DATA_TYPE > INT_ZWA_META.DV_DBATTRIBUUT_S.DATA_TYPE,,"""UWVM2VLPAPP0021\.P-DC\.BA\.UWV\.NL"".pdim.INT_ZWA_META.STG_META_DBATTRIBUUT_TB.DATA_TYPE",,"""UWVM2VLPAPP0021\.P-DC\.BA\.UWV\.NL"".pdim.INT_ZWA_META.DV_DBATTRIBUUT_S.DATA_TYPE"
,INT_ZWA_META.STG_META_DBATTRIBUUT_TB.MIN_LENGTE > INT_ZWA_META.DV_DBATTRIBUUT_S.MIN_LENGTE,,"""UWVM2VLPAPP0021\.P-DC\.BA\.UWV\.NL"".pdim.INT_ZWA_META.STG_META_DBATTRIBUUT_TB.MIN_LENGTE",,"""UWVM2VLPAPP0021\.P-DC\.BA\.UWV\.NL"".pdim.INT_ZWA_META.DV_DBATTRIBUUT_S.MIN_LENGTE"
,INT_ZWA_META.STG_META_DBATTRIBUUT_TB.MAX_LENGTE > INT_ZWA_META.DV_DBATTRIBUUT_S.MAX_LENGTE,,"""UWVM2VLPAPP0021\.P-DC\.BA\.UWV\.NL"".pdim.INT_ZWA_META.STG_META_DBATTRIBUUT_TB.MAX_LENGTE",,"""UWVM2VLPAPP0021\.P-DC\.BA\.UWV\.NL"".pdim.INT_ZWA_META.DV_DBATTRIBUUT_S.MAX_LENGTE"
,INT_ZWA_META.STG_META_DBATTRIBUUT_TB.NULL_TOEGESTAAN > INT_ZWA_META.DV_DBATTRIBUUT_S.NULL_TOEGESTAAN,,"""UWVM2VLPAPP0021\.P-DC\.BA\.UWV\.NL"".pdim.INT_ZWA_META.STG_META_DBATTRIBUUT_TB.NULL_TOEGESTAAN",,"""UWVM2VLPAPP0021\.P-DC\.BA\.UWV\.NL"".pdim.INT_ZWA_META.DV_DBATTRIBUUT_S.NULL_TOEGESTAAN"
,INT_ZWA_META.STG_META_DBATTRIBUUT_TB.DEFAULT_WAARDE > INT_ZWA_META.DV_DBATTRIBUUT_S.DEFAULT_WAARDE,,"""UWVM2VLPAPP0021\.P-DC\.BA\.UWV\.NL"".pdim.INT_ZWA_META.STG_META_DBATTRIBUUT_TB.DEFAULT_WAARDE",,"""UWVM2VLPAPP0021\.P-DC\.BA\.UWV\.NL"".pdim.INT_ZWA_META.DV_DBATTRIBUUT_S.DEFAULT_WAARDE"
,INT_ZWA_META.STG_META_DBATTRIBUUT_TB.PRIMARY_KEY > INT_ZWA_META.DV_DBATTRIBUUT_S.PRIMARY_KEY,,"""UWVM2VLPAPP0021\.P-DC\.BA\.UWV\.NL"".pdim.INT_ZWA_META.STG_META_DBATTRIBUUT_TB.PRIMARY_KEY",,"""UWVM2VLPAPP0021\.P-DC\.BA\.UWV\.NL"".pdim.INT_ZWA_META.DV_DBATTRIBUUT_S.PRIMARY_KEY"
,INT_ZWA_META.STG_META_DBATTRIBUUT_TB.DIM_DBOBJECT_DBATTRIBUUT_L_HK > INT_ZWA_META.DV_DBOBJECT_DBATTRIBUUT_L.DIM_DBOBJECT_DBATTRIBUUT_L_HK,linkkey,"""UWVM2VLPAPP0021\.P-DC\.BA\.UWV\.NL"".pdim.INT_ZWA_META.STG_META_DBATTRIBUUT_TB.DIM_DBOBJECT_DBATTRIBUUT_L_HK",,"""UWVM2VLPAPP0021\.P-DC\.BA\.UWV\.NL"".pdim.INT_ZWA_META.DV_DBOBJECT_DBATTRIBUUT_L.DIM_DBOBJECT_DBATTRIBUUT_L_HK"
,INT_ZWA_META.STG_META_DBATTRIBUUT_TB.DIM_DBATTRIBUUT_H_HK > INT_ZWA_META.DV_DBOBJECT_DBATTRIBUUT_L.DIM_DBATTRIBUUT_H_HK,hubkey,"""UWVM2VLPAPP0021\.P-DC\.BA\.UWV\.NL"".pdim.INT_ZWA_META.STG_META_DBATTRIBUUT_TB.DIM_DBATTRIBUUT_H_HK",,"""UWVM2VLPAPP0021\.P-DC\.BA\.UWV\.NL"".pdim.INT_ZWA_META.DV_DBOBJECT_DBATTRIBUUT_L.DIM_DBATTRIBUUT_H_HK"
,INT_ZWA_META.STG_META_DBATTRIBUUT_TB.DIM_DBOBJECT_H_HK > INT_ZWA_META.DV_DBOBJECT_DBATTRIBUUT_L.DIM_DBOBJECT_H_HK,hubkey,"""UWVM2VLPAPP0021\.P-DC\.BA\.UWV\.NL"".pdim.INT_ZWA_META.STG_META_DBATTRIBUUT_TB.DIM_DBOBJECT_H_HK",,"""UWVM2VLPAPP0021\.P-DC\.BA\.UWV\.NL"".pdim.INT_ZWA_META.DV_DBOBJECT_DBATTRIBUUT_L.DIM_DBOBJECT_H_HK"
,INT_ZWA_META.STG_META_DBRELATIES_TB.DIM_DBOBJECT_DBOBJECT_L_HK > INT_ZWA_META.DV_DBOBJECT_DBOBJECT_L.DIM_DBOBJECT_DBOBJECT_L_HK,linkkey,"""UWVM2VLPAPP0021\.P-DC\.BA\.UWV\.NL"".pdim.INT_ZWA_META.STG_META_DBRELATIES_TB.DIM_DBOBJECT_DBOBJECT_L_HK",,"""UWVM2VLPAPP0021\.P-DC\.BA\.UWV\.NL"".pdim.INT_ZWA_META.DV_DBOBJECT_DBOBJECT_L.DIM_DBOBJECT_DBOBJECT_L_HK"
,INT_ZWA_META.STG_META_DBRELATIES_TB.DIM_DBOBJECT_H_HK_BRON > INT_ZWA_META.DV_DBOBJECT_DBOBJECT_L.DIM_DBOBJECT_H_HK_BRON,hubkey,"""UWVM2VLPAPP0021\.P-DC\.BA\.UWV\.NL"".pdim.INT_ZWA_META.STG_META_DBRELATIES_TB.DIM_DBOBJECT_H_HK_BRON",,"""UWVM2VLPAPP0021\.P-DC\.BA\.UWV\.NL"".pdim.INT_ZWA_META.DV_DBOBJECT_DBOBJECT_L.DIM_DBOBJECT_H_HK_BRON"
,INT_ZWA_META.STG_META_DBRELATIES_TB.DIM_DBOBJECT_H_HK_DOEL > INT_ZWA_META.DV_DBOBJECT_DBOBJECT_L.DIM_DBOBJECT_H_HK_DOEL,hubkey,"""UWVM2VLPAPP0021\.P-DC\.BA\.UWV\.NL"".pdim.INT_ZWA_META.STG_META_DBRELATIES_TB.DIM_DBOBJECT_H_HK_DOEL",,"""UWVM2VLPAPP0021\.P-DC\.BA\.UWV\.NL"".pdim.INT_ZWA_META.DV_DBOBJECT_DBOBJECT_L.DIM_DBOBJECT_H_HK_DOEL"
,INT_ZWA_META.STG_META_DBRELATIES_TB.DIM_DBOBJECT_DBOBJECT_L_HK > INT_ZWA_META.DV_DBOBJECT_DBOBJECT_S.DIM_DBOBJECT_DBOBJECT_L_HK,linkkey,"""UWVM2VLPAPP0021\.P-DC\.BA\.UWV\.NL"".pdim.INT_ZWA_META.STG_META_DBRELATIES_TB.DIM_DBOBJECT_DBOBJECT_L_HK",,"""UWVM2VLPAPP0021\.P-DC\.BA\.UWV\.NL"".pdim.INT_ZWA_META.DV_DBOBJECT_DBOBJECT_S.DIM_DBOBJECT_DBOBJECT_L_HK"
,INT_ZWA_META.STG_META_DBRELATIES_TB.DIM_HASHDIFF_DBOBJECT_DBOBJECT > INT_ZWA_META.DV_DBOBJECT_DBOBJECT_S.DIM_HASHDIFF,dim_hashdiff,"""UWVM2VLPAPP0021\.P-DC\.BA\.UWV\.NL"".pdim.INT_ZWA_META.STG_META_DBRELATIES_TB.DIM_HASHDIFF_DBOBJECT_DBOBJECT",,"""UWVM2VLPAPP0021\.P-DC\.BA\.UWV\.NL"".pdim.INT_ZWA_META.DV_DBOBJECT_DBOBJECT_S.DIM_HASHDIFF"
,INT_ZWA_META.STG_META_DBRELATIES_TB.DIM_DUMMY > INT_ZWA_META.DV_DBOBJECT_DBOBJECT_S.DIM_DUMMY,,"""UWVM2VLPAPP0021\.P-DC\.BA\.UWV\.NL"".pdim.INT_ZWA_META.STG_META_DBRELATIES_TB.DIM_DUMMY",,"""UWVM2VLPAPP0021\.P-DC\.BA\.UWV\.NL"".pdim.INT_ZWA_META.DV_DBOBJECT_DBOBJECT_S.DIM_DUMMY"
,INT_ZWA_META.STG_META_DBATTRIBUUT_TB.DIM_DBOBJECT_H_HK > INT_ZWA_META.DV_DBOBJECT_H.DIM_DBOBJECT_H_HK,hubkey,"""UWVM2VLPAPP0021\.P-DC\.BA\.UWV\.NL"".pdim.INT_ZWA_META.STG_META_DBATTRIBUUT_TB.DIM_DBOBJECT_H_HK",,"""UWVM2VLPAPP0021\.P-DC\.BA\.UWV\.NL"".pdim.INT_ZWA_META.DV_DBOBJECT_H.DIM_DBOBJECT_H_HK"
,INT_ZWA_META.STG_META_DBATTRIBUUT_TB.HOST_NAAM > INT_ZWA_META.DV_DBOBJECT_H.HOST_NAAM,,"""UWVM2VLPAPP0021\.P-DC\.BA\.UWV\.NL"".pdim.INT_ZWA_META.STG_META_DBATTRIBUUT_TB.HOST_NAAM",,"""UWVM2VLPAPP0021\.P-DC\.BA\.UWV\.NL"".pdim.INT_ZWA_META.DV_DBOBJECT_H.HOST_NAAM"
,INT_ZWA_META.STG_META_DBATTRIBUUT_TB.DATABASE_NAAM > INT_ZWA_META.DV_DBOBJECT_H.DATABASE_NAAM,,"""UWVM2VLPAPP0021\.P-DC\.BA\.UWV\.NL"".pdim.INT_ZWA_META.STG_META_DBATTRIBUUT_TB.DATABASE_NAAM",,"""UWVM2VLPAPP0021\.P-DC\.BA\.UWV\.NL"".pdim.INT_ZWA_META.DV_DBOBJECT_H.DATABASE_NAAM"
,INT_ZWA_META.STG_META_DBATTRIBUUT_TB.SCHEMA_NAAM > INT_ZWA_META.DV_DBOBJECT_H.SCHEMA_NAAM,,"""UWVM2VLPAPP0021\.P-DC\.BA\.UWV\.NL"".pdim.INT_ZWA_META.STG_META_DBATTRIBUUT_TB.SCHEMA_NAAM",,"""UWVM2VLPAPP0021\.P-DC\.BA\.UWV\.NL"".pdim.INT_ZWA_META.DV_DBOBJECT_H.SCHEMA_NAAM"
,INT_ZWA_META.STG_META_DBATTRIBUUT_TB.TABEL_NAAM > INT_ZWA_META.DV_DBOBJECT_H.TABEL_NAAM,,"""UWVM2VLPAPP0021\.P-DC\.BA\.UWV\.NL"".pdim.INT_ZWA_META.STG_META_DBATTRIBUUT_TB.TABEL_NAAM",,"""UWVM2VLPAPP0021\.P-DC\.BA\.UWV\.NL"".pdim.INT_ZWA_META.DV_DBOBJECT_H.TABEL_NAAM"
,INT_ZWA_META.STG_META_OMOBJECTEN_BWT_TB.DIM_DBOBJECT_OMOBJECT_L_HK > INT_ZWA_META.DV_DBOBJECT_OMOBJECT_L.DIM_DBOBJECT_OMOBJECT_L_HK,linkkey,"""UWVM2VLPAPP0021\.P-DC\.BA\.UWV\.NL"".pdim.INT_ZWA_META.STG_META_OMOBJECTEN_BWT_TB.DIM_DBOBJECT_OMOBJECT_L_HK",,"""UWVM2VLPAPP0021\.P-DC\.BA\.UWV\.NL"".pdim.INT_ZWA_META.DV_DBOBJECT_OMOBJECT_L.DIM_DBOBJECT_OMOBJECT_L_HK"
,INT_ZWA_META.STG_META_OMOBJECTEN_BWT_TB.DIM_OMOBJECT_H_HK > INT_ZWA_META.DV_DBOBJECT_OMOBJECT_L.DIM_OMOBJECT_H_HK,hubkey,"""UWVM2VLPAPP0021\.P-DC\.BA\.UWV\.NL"".pdim.INT_ZWA_META.STG_META_OMOBJECTEN_BWT_TB.DIM_OMOBJECT_H_HK",,"""UWVM2VLPAPP0021\.P-DC\.BA\.UWV\.NL"".pdim.INT_ZWA_META.DV_DBOBJECT_OMOBJECT_L.DIM_OMOBJECT_H_HK"
,INT_ZWA_META.STG_META_OMOBJECTEN_BWT_TB.DIM_DBOBJECT_H_HK > INT_ZWA_META.DV_DBOBJECT_OMOBJECT_L.DIM_DBOBJECT_H_HK,hubkey,"""UWVM2VLPAPP0021\.P-DC\.BA\.UWV\.NL"".pdim.INT_ZWA_META.STG_META_OMOBJECTEN_BWT_TB.DIM_DBOBJECT_H_HK",,"""UWVM2VLPAPP0021\.P-DC\.BA\.UWV\.NL"".pdim.INT_ZWA_META.DV_DBOBJECT_OMOBJECT_L.DIM_DBOBJECT_H_HK"
,INT_ZWA_META.STG_META_OMOBJECTEN_BWT_TB.DIM_DBOBJECT_OMOBJECT_L_HK > INT_ZWA_META.DV_DBOBJECT_OMOBJECT_S.DIM_DBOBJECT_OMOBJECT_L_HK,linkkey,"""UWVM2VLPAPP0021\.P-DC\.BA\.UWV\.NL"".pdim.INT_ZWA_META.STG_META_OMOBJECTEN_BWT_TB.DIM_DBOBJECT_OMOBJECT_L_HK",,"""UWVM2VLPAPP0021\.P-DC\.BA\.UWV\.NL"".pdim.INT_ZWA_META.DV_DBOBJECT_OMOBJECT_S.DIM_DBOBJECT_OMOBJECT_L_HK"
,INT_ZWA_META.STG_META_OMOBJECTEN_BWT_TB.DIM_HASHDIFF_DBOBJECT_OMOBJECT > INT_ZWA_META.DV_DBOBJECT_OMOBJECT_S.DIM_HASHDIFF,dim_hashdiff,"""UWVM2VLPAPP0021\.P-DC\.BA\.UWV\.NL"".pdim.INT_ZWA_META.STG_META_OMOBJECTEN_BWT_TB.DIM_HASHDIFF_DBOBJECT_OMOBJECT",,"""UWVM2VLPAPP0021\.P-DC\.BA\.UWV\.NL"".pdim.INT_ZWA_META.DV_DBOBJECT_OMOBJECT_S.DIM_HASHDIFF"
,INT_ZWA_META.STG_META_OMOBJECTEN_BWT_TB.DIM_DUMMY > INT_ZWA_META.DV_DBOBJECT_OMOBJECT_S.DIM_DUMMY,,"""UWVM2VLPAPP0021\.P-DC\.BA\.UWV\.NL"".pdim.INT_ZWA_META.STG_META_OMOBJECTEN_BWT_TB.DIM_DUMMY",,"""UWVM2VLPAPP0021\.P-DC\.BA\.UWV\.NL"".pdim.INT_ZWA_META.DV_DBOBJECT_OMOBJECT_S.DIM_DUMMY"
,INT_ZWA_META.STG_META_MAPPING_TB.DIM_MAPPING_SPECIFICATIE_H_HK > INT_ZWA_META.DV_MAPPING_SPECIFICATIE_H.DIM_MAPPING_SPECIFICATIE_H_HK,hubkey,"""UWVM2VLPAPP0021\.P-DC\.BA\.UWV\.NL"".pdim.INT_ZWA_META.STG_META_MAPPING_TB.DIM_MAPPING_SPECIFICATIE_H_HK",,"""UWVM2VLPAPP0021\.P-DC\.BA\.UWV\.NL"".pdim.INT_ZWA_META.DV_MAPPING_SPECIFICATIE_H.DIM_MAPPING_SPECIFICATIE_H_HK"
,INT_ZWA_META.STG_META_MAPPING_TB.MAPPING_SPECIFICATIE_NAAM > INT_ZWA_META.DV_MAPPING_SPECIFICATIE_H.MAPPING_SPECIFICATIE_NAAM,,"""UWVM2VLPAPP0021\.P-DC\.BA\.UWV\.NL"".pdim.INT_ZWA_META.STG_META_MAPPING_TB.MAPPING_SPECIFICATIE_NAAM",,"""UWVM2VLPAPP0021\.P-DC\.BA\.UWV\.NL"".pdim.INT_ZWA_META.DV_MAPPING_SPECIFICATIE_H.MAPPING_SPECIFICATIE_NAAM"
,INT_ZWA_META.STG_META_MAPPING_TB.DIM_MAPPING_SPECIFICATIE_H_HK > INT_ZWA_META.DV_MAPPING_SPECIFICATIE_S.DIM_MAPPING_SPECIFICATIE_H_HK,hubkey,"""UWVM2VLPAPP0021\.P-DC\.BA\.UWV\.NL"".pdim.INT_ZWA_META.STG_META_MAPPING_TB.DIM_MAPPING_SPECIFICATIE_H_HK",,"""UWVM2VLPAPP0021\.P-DC\.BA\.UWV\.NL"".pdim.INT_ZWA_META.DV_MAPPING_SPECIFICATIE_S.DIM_MAPPING_SPECIFICATIE_H_HK"
,INT_ZWA_META.STG_META_MAPPING_TB.DIM_HASHDIFF_MAPPING_SPEC > INT_ZWA_META.DV_MAPPING_SPECIFICATIE_S.DIM_HASHDIFF,dim_hashdiff,"""UWVM2VLPAPP0021\.P-DC\.BA\.UWV\.NL"".pdim.INT_ZWA_META.STG_META_MAPPING_TB.DIM_HASHDIFF_MAPPING_SPEC",,"""UWVM2VLPAPP0021\.P-DC\.BA\.UWV\.NL"".pdim.INT_ZWA_META.DV_MAPPING_SPECIFICATIE_S.DIM_HASHDIFF"
,INT_ZWA_META.STG_META_MAPPING_TB.DIM_DUMMY > INT_ZWA_META.DV_MAPPING_SPECIFICATIE_S.DIM_DUMMY,,"""UWVM2VLPAPP0021\.P-DC\.BA\.UWV\.NL"".pdim.INT_ZWA_META.STG_META_MAPPING_TB.DIM_DUMMY",,"""UWVM2VLPAPP0021\.P-DC\.BA\.UWV\.NL"".pdim.INT_ZWA_META.DV_MAPPING_SPECIFICATIE_S.DIM_DUMMY"
,INT_ZWA_META.STG_META_OMOBJECTEN_BWT_TB.DIM_OMOBJECT_H_HK > INT_ZWA_META.DV_OMOBJECT_H.DIM_OMOBJECT_H_HK,hubkey,"""UWVM2VLPAPP0021\.P-DC\.BA\.UWV\.NL"".pdim.INT_ZWA_META.STG_META_OMOBJECTEN_BWT_TB.DIM_OMOBJECT_H_HK",,"""UWVM2VLPAPP0021\.P-DC\.BA\.UWV\.NL"".pdim.INT_ZWA_META.DV_OMOBJECT_H.DIM_OMOBJECT_H_HK"
,INT_ZWA_META.STG_META_OMOBJECTEN_BWT_TB.OMOBJECT_ID > INT_ZWA_META.DV_OMOBJECT_H.OMOBJECT_ID,,"""UWVM2VLPAPP0021\.P-DC\.BA\.UWV\.NL"".pdim.INT_ZWA_META.STG_META_OMOBJECTEN_BWT_TB.OMOBJECT_ID",,"""UWVM2VLPAPP0021\.P-DC\.BA\.UWV\.NL"".pdim.INT_ZWA_META.DV_OMOBJECT_H.OMOBJECT_ID"
,INT_ZWA_META.STG_META_OMOBJECTEN_BWT_TB.DIM_OMOBJECT_H_HK > INT_ZWA_META.DV_OMOBJECT_S.DIM_OMOBJECT_H_HK,hubkey,"""UWVM2VLPAPP0021\.P-DC\.BA\.UWV\.NL"".pdim.INT_ZWA_META.STG_META_OMOBJECTEN_BWT_TB.DIM_OMOBJECT_H_HK",,"""UWVM2VLPAPP0021\.P-DC\.BA\.UWV\.NL"".pdim.INT_ZWA_META.DV_OMOBJECT_S.DIM_OMOBJECT_H_HK"
,INT_ZWA_META.STG_META_OMOBJECTEN_BWT_TB.DIM_HASHDIFF_OMOBJECT > INT_ZWA_META.DV_OMOBJECT_S.DIM_HASHDIFF,dim_hashdiff,"""UWVM2VLPAPP0021\.P-DC\.BA\.UWV\.NL"".pdim.INT_ZWA_META.STG_META_OMOBJECTEN_BWT_TB.DIM_HASHDIFF_OMOBJECT",,"""UWVM2VLPAPP0021\.P-DC\.BA\.UWV\.NL"".pdim.INT_ZWA_META.DV_OMOBJECT_S.DIM_HASHDIFF"
,INT_ZWA_META.STG_META_OMOBJECTEN_BWT_TB.OM_NAAM > INT_ZWA_META.DV_OMOBJECT_S.OM_NAAM,,"""UWVM2VLPAPP0021\.P-DC\.BA\.UWV\.NL"".pdim.INT_ZWA_META.STG_META_OMOBJECTEN_BWT_TB.OM_NAAM",,"""UWVM2VLPAPP0021\.P-DC\.BA\.UWV\.NL"".pdim.INT_ZWA_META.DV_OMOBJECT_S.OM_NAAM"
,INT_ZWA_META.STG_META_OMOBJECTEN_BWT_TB.BEWAARTERMIJN_INGANGSDATUM > INT_ZWA_META.DV_OMOBJECT_S.BEWAARTERMIJN_INGANGSDATUM,,"""UWVM2VLPAPP0021\.P-DC\.BA\.UWV\.NL"".pdim.INT_ZWA_META.STG_META_OMOBJECTEN_BWT_TB.BEWAARTERMIJN_INGANGSDATUM",,"""UWVM2VLPAPP0021\.P-DC\.BA\.UWV\.NL"".pdim.INT_ZWA_META.DV_OMOBJECT_S.BEWAARTERMIJN_INGANGSDATUM"
,INT_ZWA_META.STG_META_OMOBJECTEN_BWT_TB.BEWAARTERMIJN > INT_ZWA_META.DV_OMOBJECT_S.BEWAARTERMIJN,,"""UWVM2VLPAPP0021\.P-DC\.BA\.UWV\.NL"".pdim.INT_ZWA_META.STG_META_OMOBJECTEN_BWT_TB.BEWAARTERMIJN",,"""UWVM2VLPAPP0021\.P-DC\.BA\.UWV\.NL"".pdim.INT_ZWA_META.DV_OMOBJECT_S.BEWAARTERMIJN"
,INT_ZWA_META.STG_META_OMOBJECTEN_BWT_TB.BEWAARTERMIJN_EENHEID > INT_ZWA_META.DV_OMOBJECT_S.BEWAARTERMIJN_EENHEID,,"""UWVM2VLPAPP0021\.P-DC\.BA\.UWV\.NL"".pdim.INT_ZWA_META.STG_META_OMOBJECTEN_BWT_TB.BEWAARTERMIJN_EENHEID",,"""UWVM2VLPAPP0021\.P-DC\.BA\.UWV\.NL"".pdim.INT_ZWA_META.DV_OMOBJECT_S.BEWAARTERMIJN_EENHEID"
,INT_ZWA_META.STG_META_DBATTRIBUUT_TB.DIM_HASHDIFF_DBOBJECT > INT_ZWA_META.DV_DBOBJECT_S.DIM_HASHDIFF,dim_hashdiff,"""UWVM2VLPAPP0021\.P-DC\.BA\.UWV\.NL"".pdim.INT_ZWA_META.STG_META_DBATTRIBUUT_TB.DIM_HASHDIFF_DBOBJECT",,"""UWVM2VLPAPP0021\.P-DC\.BA\.UWV\.NL"".pdim.INT_ZWA_META.DV_DBOBJECT_S.DIM_HASHDIFF"
,INT_ZWA_META.STG_META_DBATTRIBUUT_TB.DIM_DBOBJECT_H_HK > INT_ZWA_META.DV_DBOBJECT_S.DIM_DBOBJECT_H_HK,hubkey,"""UWVM2VLPAPP0021\.P-DC\.BA\.UWV\.NL"".pdim.INT_ZWA_META.STG_META_DBATTRIBUUT_TB.DIM_DBOBJECT_H_HK",,"""UWVM2VLPAPP0021\.P-DC\.BA\.UWV\.NL"".pdim.INT_ZWA_META.DV_DBOBJECT_S.DIM_DBOBJECT_H_HK"
,INT_ZWA_META.STG_META_DBATTRIBUUT_TB.OBJECTTYPE > INT_ZWA_META.DV_DBOBJECT_S.OBJECTTYPE,,"""UWVM2VLPAPP0021\.P-DC\.BA\.UWV\.NL"".pdim.INT_ZWA_META.STG_META_DBATTRIBUUT_TB.OBJECTTYPE",,"""UWVM2VLPAPP0021\.P-DC\.BA\.UWV\.NL"".pdim.INT_ZWA_META.DV_DBOBJECT_S.OBJECTTYPE"
,INT_ZWA_META.PRESTG_META_DB_ATTRIBUTEN_VW.VOLLEDIGE_NAAM > INT_ZWA_META.STG_META_DBATTRIBUUT_TB.VOLLEDIGE_NAAM,,"""UWVM2VLPAPP0021\.P-DC\.BA\.UWV\.NL"".pdim.INT_ZWA_META.PRESTG_META_DB_ATTRIBUTEN_VW.VOLLEDIGE_NAAM",,"""UWVM2VLPAPP0021\.P-DC\.BA\.UWV\.NL"".pdim.INT_ZWA_META.STG_META_DBATTRIBUUT_TB.VOLLEDIGE_NAAM"
,INT_ZWA_META.PRESTG_META_DB_ATTRIBUTEN_VW.MAPPING_NAAM > INT_ZWA_META.STG_META_DBATTRIBUUT_TB.MAPPING_NAAM,,"""UWVM2VLPAPP0021\.P-DC\.BA\.UWV\.NL"".pdim.INT_ZWA_META.PRESTG_META_DB_ATTRIBUTEN_VW.MAPPING_NAAM",,"""UWVM2VLPAPP0021\.P-DC\.BA\.UWV\.NL"".pdim.INT_ZWA_META.STG_META_DBATTRIBUUT_TB.MAPPING_NAAM"
,INT_ZWA_META.PRESTG_META_DB_ATTRIBUTEN_VW.HOST_NAAM > INT_ZWA_META.STG_META_DBATTRIBUUT_TB.HOST_NAAM,,"""UWVM2VLPAPP0021\.P-DC\.BA\.UWV\.NL"".pdim.INT_ZWA_META.PRESTG_META_DB_ATTRIBUTEN_VW.HOST_NAAM",,"""UWVM2VLPAPP0021\.P-DC\.BA\.UWV\.NL"".pdim.INT_ZWA_META.STG_META_DBATTRIBUUT_TB.HOST_NAAM"
,INT_ZWA_META.PRESTG_META_DB_ATTRIBUTEN_VW.DATABASE_NAAM > INT_ZWA_META.STG_META_DBATTRIBUUT_TB.DATABASE_NAAM,,"""UWVM2VLPAPP0021\.P-DC\.BA\.UWV\.NL"".pdim.INT_ZWA_META.PRESTG_META_DB_ATTRIBUTEN_VW.DATABASE_NAAM",,"""UWVM2VLPAPP0021\.P-DC\.BA\.UWV\.NL"".pdim.INT_ZWA_META.STG_META_DBATTRIBUUT_TB.DATABASE_NAAM"
,INT_ZWA_META.PRESTG_META_DB_ATTRIBUTEN_VW.SCHEMA_NAAM > INT_ZWA_META.STG_META_DBATTRIBUUT_TB.SCHEMA_NAAM,,"""UWVM2VLPAPP0021\.P-DC\.BA\.UWV\.NL"".pdim.INT_ZWA_META.PRESTG_META_DB_ATTRIBUTEN_VW.SCHEMA_NAAM",,"""UWVM2VLPAPP0021\.P-DC\.BA\.UWV\.NL"".pdim.INT_ZWA_META.STG_META_DBATTRIBUUT_TB.SCHEMA_NAAM"
,INT_ZWA_META.PRESTG_META_DB_ATTRIBUTEN_VW.TABEL_NAAM > INT_ZWA_META.STG_META_DBATTRIBUUT_TB.TABEL_NAAM,,"""UWVM2VLPAPP0021\.P-DC\.BA\.UWV\.NL"".pdim.INT_ZWA_META.PRESTG_META_DB_ATTRIBUTEN_VW.TABEL_NAAM",,"""UWVM2VLPAPP0021\.P-DC\.BA\.UWV\.NL"".pdim.INT_ZWA_META.STG_META_DBATTRIBUUT_TB.TABEL_NAAM"
,INT_ZWA_META.PRESTG_META_DB_ATTRIBUTEN_VW.KOLOM_NAAM > INT_ZWA_META.STG_META_DBATTRIBUUT_TB.KOLOM_NAAM,,"""UWVM2VLPAPP0021\.P-DC\.BA\.UWV\.NL"".pdim.INT_ZWA_META.PRESTG_META_DB_ATTRIBUTEN_VW.KOLOM_NAAM",,"""UWVM2VLPAPP0021\.P-DC\.BA\.UWV\.NL"".pdim.INT_ZWA_META.STG_META_DBATTRIBUUT_TB.KOLOM_NAAM"
,INT_ZWA_META.PRESTG_META_DB_ATTRIBUTEN_VW.DATA_TYPE > INT_ZWA_META.STG_META_DBATTRIBUUT_TB.DATA_TYPE,,"""UWVM2VLPAPP0021\.P-DC\.BA\.UWV\.NL"".pdim.INT_ZWA_META.PRESTG_META_DB_ATTRIBUTEN_VW.DATA_TYPE",,"""UWVM2VLPAPP0021\.P-DC\.BA\.UWV\.NL"".pdim.INT_ZWA_META.STG_META_DBATTRIBUUT_TB.DATA_TYPE"
,INT_ZWA_META.PRESTG_META_DB_ATTRIBUTEN_VW.MIN_LENGTE > INT_ZWA_META.STG_META_DBATTRIBUUT_TB.MIN_LENGTE,,"""UWVM2VLPAPP0021\.P-DC\.BA\.UWV\.NL"".pdim.INT_ZWA_META.PRESTG_META_DB_ATTRIBUTEN_VW.MIN_LENGTE",,"""UWVM2VLPAPP0021\.P-DC\.BA\.UWV\.NL"".pdim.INT_ZWA_META.STG_META_DBATTRIBUUT_TB.MIN_LENGTE"
,INT_ZWA_META.PRESTG_META_DB_ATTRIBUTEN_VW.DEFAULT_WAARDE > INT_ZWA_META.STG_META_DBATTRIBUUT_TB.DEFAULT_WAARDE,,"""UWVM2VLPAPP0021\.P-DC\.BA\.UWV\.NL"".pdim.INT_ZWA_META.PRESTG_META_DB_ATTRIBUTEN_VW.DEFAULT_WAARDE",,"""UWVM2VLPAPP0021\.P-DC\.BA\.UWV\.NL"".pdim.INT_ZWA_META.STG_META_DBATTRIBUUT_TB.DEFAULT_WAARDE"
,INT_ZWA_META.PRESTG_META_DB_ATTRIBUTEN_VW.MAX_LENGTE > INT_ZWA_META.STG_META_DBATTRIBUUT_TB.MAX_LENGTE,,"""UWVM2VLPAPP0021\.P-DC\.BA\.UWV\.NL"".pdim.INT_ZWA_META.PRESTG_META_DB_ATTRIBUTEN_VW.MAX_LENGTE",,"""UWVM2VLPAPP0021\.P-DC\.BA\.UWV\.NL"".pdim.INT_ZWA_META.STG_META_DBATTRIBUUT_TB.MAX_LENGTE"
,INT_ZWA_META.PRESTG_META_DB_ATTRIBUTEN_VW.NULL_TOEGESTAAN > INT_ZWA_META.STG_META_DBATTRIBUUT_TB.NULL_TOEGESTAAN,,"""UWVM2VLPAPP0021\.P-DC\.BA\.UWV\.NL"".pdim.INT_ZWA_META.PRESTG_META_DB_ATTRIBUTEN_VW.NULL_TOEGESTAAN",,"""UWVM2VLPAPP0021\.P-DC\.BA\.UWV\.NL"".pdim.INT_ZWA_META.STG_META_DBATTRIBUUT_TB.NULL_TOEGESTAAN"
,INT_ZWA_META.PRESTG_META_DB_ATTRIBUTEN_VW.PRIMARY_KEY > INT_ZWA_META.STG_META_DBATTRIBUUT_TB.PRIMARY_KEY,,"""UWVM2VLPAPP0021\.P-DC\.BA\.UWV\.NL"".pdim.INT_ZWA_META.PRESTG_META_DB_ATTRIBUTEN_VW.PRIMARY_KEY",,"""UWVM2VLPAPP0021\.P-DC\.BA\.UWV\.NL"".pdim.INT_ZWA_META.STG_META_DBATTRIBUUT_TB.PRIMARY_KEY"
,INT_ZWA_META.PRESTG_META_DB_ATTRIBUTEN_VW.DIM_DUMMY > INT_ZWA_META.STG_META_DBATTRIBUUT_TB.DIM_DUMMY,,"""UWVM2VLPAPP0021\.P-DC\.BA\.UWV\.NL"".pdim.INT_ZWA_META.PRESTG_META_DB_ATTRIBUTEN_VW.DIM_DUMMY",,"""UWVM2VLPAPP0021\.P-DC\.BA\.UWV\.NL"".pdim.INT_ZWA_META.STG_META_DBATTRIBUUT_TB.DIM_DUMMY"
,INT_ZWA_META.PRESTG_META_DB_ATTRIBUTEN_VW.DIM_EXTRACTIEDATUM_XMETA > INT_ZWA_META.STG_META_DBATTRIBUUT_TB.DIM_EXTRACTIEDATUM_XMETA,,"""UWVM2VLPAPP0021\.P-DC\.BA\.UWV\.NL"".pdim.INT_ZWA_META.PRESTG_META_DB_ATTRIBUTEN_VW.DIM_EXTRACTIEDATUM_XMETA",,"""UWVM2VLPAPP0021\.P-DC\.BA\.UWV\.NL"".pdim.INT_ZWA_META.STG_META_DBATTRIBUUT_TB.DIM_EXTRACTIEDATUM_XMETA"
,INT_ZWA_META.PRESTG_META_DB_ATTRIBUTEN_VW.HOST_NAAM > INT_ZWA_META.STG_META_DBATTRIBUUT_TB.DIM_DBATTRIBUUT_H_HK,hubkey,"""UWVM2VLPAPP0021\.P-DC\.BA\.UWV\.NL"".pdim.INT_ZWA_META.PRESTG_META_DB_ATTRIBUTEN_VW.HOST_NAAM",,"""UWVM2VLPAPP0021\.P-DC\.BA\.UWV\.NL"".pdim.INT_ZWA_META.STG_META_DBATTRIBUUT_TB.DIM_DBATTRIBUUT_H_HK"
,INT_ZWA_META.PRESTG_META_DB_ATTRIBUTEN_VW.DATABASE_NAAM > INT_ZWA_META.STG_META_DBATTRIBUUT_TB.DIM_DBATTRIBUUT_H_HK,hubkey,"""UWVM2VLPAPP0021\.P-DC\.BA\.UWV\.NL"".pdim.INT_ZWA_META.PRESTG_META_DB_ATTRIBUTEN_VW.DATABASE_NAAM",,"""UWVM2VLPAPP0021\.P-DC\.BA\.UWV\.NL"".pdim.INT_ZWA_META.STG_META_DBATTRIBUUT_TB.DIM_DBATTRIBUUT_H_HK"
,INT_ZWA_META.PRESTG_META_DB_ATTRIBUTEN_VW.SCHEMA_NAAM > INT_ZWA_META.STG_META_DBATTRIBUUT_TB.DIM_DBATTRIBUUT_H_HK,hubkey,"""UWVM2VLPAPP0021\.P-DC\.BA\.UWV\.NL"".pdim.INT_ZWA_META.PRESTG_META_DB_ATTRIBUTEN_VW.SCHEMA_NAAM",,"""UWVM2VLPAPP0021\.P-DC\.BA\.UWV\.NL"".pdim.INT_ZWA_META.STG_META_DBATTRIBUUT_TB.DIM_DBATTRIBUUT_H_HK"
,INT_ZWA_META.PRESTG_META_DB_ATTRIBUTEN_VW.TABEL_NAAM > INT_ZWA_META.STG_META_DBATTRIBUUT_TB.DIM_DBATTRIBUUT_H_HK,hubkey,"""UWVM2VLPAPP0021\.P-DC\.BA\.UWV\.NL"".pdim.INT_ZWA_META.PRESTG_META_DB_ATTRIBUTEN_VW.TABEL_NAAM",,"""UWVM2VLPAPP0021\.P-DC\.BA\.UWV\.NL"".pdim.INT_ZWA_META.STG_META_DBATTRIBUUT_TB.DIM_DBATTRIBUUT_H_HK"
,INT_ZWA_META.PRESTG_META_DB_ATTRIBUTEN_VW.KOLOM_NAAM > INT_ZWA_META.STG_META_DBATTRIBUUT_TB.DIM_DBATTRIBUUT_H_HK,hubkey,"""UWVM2VLPAPP0021\.P-DC\.BA\.UWV\.NL"".pdim.INT_ZWA_META.PRESTG_META_DB_ATTRIBUTEN_VW.KOLOM_NAAM",,"""UWVM2VLPAPP0021\.P-DC\.BA\.UWV\.NL"".pdim.INT_ZWA_META.STG_META_DBATTRIBUUT_TB.DIM_DBATTRIBUUT_H_HK"
,INT_ZWA_META.PRESTG_META_DB_ATTRIBUTEN_VW.HOST_NAAM > INT_ZWA_META.STG_META_DBATTRIBUUT_TB.DIM_DBOBJECT_H_HK,hubkey,"""UWVM2VLPAPP0021\.P-DC\.BA\.UWV\.NL"".pdim.INT_ZWA_META.PRESTG_META_DB_ATTRIBUTEN_VW.HOST_NAAM",,"""UWVM2VLPAPP0021\.P-DC\.BA\.UWV\.NL"".pdim.INT_ZWA_META.STG_META_DBATTRIBUUT_TB.DIM_DBOBJECT_H_HK"
,INT_ZWA_META.PRESTG_META_DB_ATTRIBUTEN_VW.DATABASE_NAAM > INT_ZWA_META.STG_META_DBATTRIBUUT_TB.DIM_DBOBJECT_H_HK,hubkey,"""UWVM2VLPAPP0021\.P-DC\.BA\.UWV\.NL"".pdim.INT_ZWA_META.PRESTG_META_DB_ATTRIBUTEN_VW.DATABASE_NAAM",,"""UWVM2VLPAPP0021\.P-DC\.BA\.UWV\.NL"".pdim.INT_ZWA_META.STG_META_DBATTRIBUUT_TB.DIM_DBOBJECT_H_HK"
,INT_ZWA_META.PRESTG_META_DB_ATTRIBUTEN_VW.SCHEMA_NAAM > INT_ZWA_META.STG_META_DBATTRIBUUT_TB.DIM_DBOBJECT_H_HK,hubkey,"""UWVM2VLPAPP0021\.P-DC\.BA\.UWV\.NL"".pdim.INT_ZWA_META.PRESTG_META_DB_ATTRIBUTEN_VW.SCHEMA_NAAM",,"""UWVM2VLPAPP0021\.P-DC\.BA\.UWV\.NL"".pdim.INT_ZWA_META.STG_META_DBATTRIBUUT_TB.DIM_DBOBJECT_H_HK"
,INT_ZWA_META.PRESTG_META_DB_ATTRIBUTEN_VW.TABEL_NAAM > INT_ZWA_META.STG_META_DBATTRIBUUT_TB.DIM_DBOBJECT_H_HK,hubkey,"""UWVM2VLPAPP0021\.P-DC\.BA\.UWV\.NL"".pdim.INT_ZWA_META.PRESTG_META_DB_ATTRIBUTEN_VW.TABEL_NAAM",,"""UWVM2VLPAPP0021\.P-DC\.BA\.UWV\.NL"".pdim.INT_ZWA_META.STG_META_DBATTRIBUUT_TB.DIM_DBOBJECT_H_HK"
,INT_ZWA_META.PRESTG_META_DB_ATTRIBUTEN_VW.HOST_NAAM > INT_ZWA_META.STG_META_DBATTRIBUUT_TB.DIM_DBOBJECT_DBATTRIBUUT_L_HK,linkkey,"""UWVM2VLPAPP0021\.P-DC\.BA\.UWV\.NL"".pdim.INT_ZWA_META.PRESTG_META_DB_ATTRIBUTEN_VW.HOST_NAAM",,"""UWVM2VLPAPP0021\.P-DC\.BA\.UWV\.NL"".pdim.INT_ZWA_META.STG_META_DBATTRIBUUT_TB.DIM_DBOBJECT_DBATTRIBUUT_L_HK"
,INT_ZWA_META.PRESTG_META_DB_ATTRIBUTEN_VW.DATABASE_NAAM > INT_ZWA_META.STG_META_DBATTRIBUUT_TB.DIM_DBOBJECT_DBATTRIBUUT_L_HK,linkkey,"""UWVM2VLPAPP0021\.P-DC\.BA\.UWV\.NL"".pdim.INT_ZWA_META.PRESTG_META_DB_ATTRIBUTEN_VW.DATABASE_NAAM",,"""UWVM2VLPAPP0021\.P-DC\.BA\.UWV\.NL"".pdim.INT_ZWA_META.STG_META_DBATTRIBUUT_TB.DIM_DBOBJECT_DBATTRIBUUT_L_HK"
,INT_ZWA_META.PRESTG_META_DB_ATTRIBUTEN_VW.SCHEMA_NAAM > INT_ZWA_META.STG_META_DBATTRIBUUT_TB.DIM_DBOBJECT_DBATTRIBUUT_L_HK,linkkey,"""UWVM2VLPAPP0021\.P-DC\.BA\.UWV\.NL"".pdim.INT_ZWA_META.PRESTG_META_DB_ATTRIBUTEN_VW.SCHEMA_NAAM",,"""UWVM2VLPAPP0021\.P-DC\.BA\.UWV\.NL"".pdim.INT_ZWA_META.STG_META_DBATTRIBUUT_TB.DIM_DBOBJECT_DBATTRIBUUT_L_HK"
,INT_ZWA_META.PRESTG_META_DB_ATTRIBUTEN_VW.TABEL_NAAM > INT_ZWA_META.STG_META_DBATTRIBUUT_TB.DIM_DBOBJECT_DBATTRIBUUT_L_HK,linkkey,"""UWVM2VLPAPP0021\.P-DC\.BA\.UWV\.NL"".pdim.INT_ZWA_META.PRESTG_META_DB_ATTRIBUTEN_VW.TABEL_NAAM",,"""UWVM2VLPAPP0021\.P-DC\.BA\.UWV\.NL"".pdim.INT_ZWA_META.STG_META_DBATTRIBUUT_TB.DIM_DBOBJECT_DBATTRIBUUT_L_HK"
,INT_ZWA_META.PRESTG_META_DB_ATTRIBUTEN_VW.KOLOM_NAAM > INT_ZWA_META.STG_META_DBATTRIBUUT_TB.DIM_DBOBJECT_DBATTRIBUUT_L_HK,linkkey,"""UWVM2VLPAPP0021\.P-DC\.BA\.UWV\.NL"".pdim.INT_ZWA_META.PRESTG_META_DB_ATTRIBUTEN_VW.KOLOM_NAAM",,"""UWVM2VLPAPP0021\.P-DC\.BA\.UWV\.NL"".pdim.INT_ZWA_META.STG_META_DBATTRIBUUT_TB.DIM_DBOBJECT_DBATTRIBUUT_L_HK"
,INT_ZWA_META.PRESTG_META_DB_ATTRIBUTEN_VW.DATA_TYPE > INT_ZWA_META.STG_META_DBATTRIBUUT_TB.DIM_HASHDIFF_DBATTRIBUUT,hashdiff,"""UWVM2VLPAPP0021\.P-DC\.BA\.UWV\.NL"".pdim.INT_ZWA_META.PRESTG_META_DB_ATTRIBUTEN_VW.DATA_TYPE",,"""UWVM2VLPAPP0021\.P-DC\.BA\.UWV\.NL"".pdim.INT_ZWA_META.STG_META_DBATTRIBUUT_TB.DIM_HASHDIFF_DBATTRIBUUT"
,INT_ZWA_META.PRESTG_META_DB_ATTRIBUTEN_VW.MIN_LENGTE > INT_ZWA_META.STG_META_DBATTRIBUUT_TB.DIM_HASHDIFF_DBATTRIBUUT,hashdiff,"""UWVM2VLPAPP0021\.P-DC\.BA\.UWV\.NL"".pdim.INT_ZWA_META.PRESTG_META_DB_ATTRIBUTEN_VW.MIN_LENGTE",,"""UWVM2VLPAPP0021\.P-DC\.BA\.UWV\.NL"".pdim.INT_ZWA_META.STG_META_DBATTRIBUUT_TB.DIM_HASHDIFF_DBATTRIBUUT"
,INT_ZWA_META.PRESTG_META_DB_ATTRIBUTEN_VW.MAX_LENGTE > INT_ZWA_META.STG_META_DBATTRIBUUT_TB.DIM_HASHDIFF_DBATTRIBUUT,hashdiff,"""UWVM2VLPAPP0021\.P-DC\.BA\.UWV\.NL"".pdim.INT_ZWA_META.PRESTG_META_DB_ATTRIBUTEN_VW.MAX_LENGTE",,"""UWVM2VLPAPP0021\.P-DC\.BA\.UWV\.NL"".pdim.INT_ZWA_META.STG_META_DBATTRIBUUT_TB.DIM_HASHDIFF_DBATTRIBUUT"
,INT_ZWA_META.PRESTG_META_DB_ATTRIBUTEN_VW.NULL_TOEGESTAAN > INT_ZWA_META.STG_META_DBATTRIBUUT_TB.DIM_HASHDIFF_DBATTRIBUUT,hashdiff,"""UWVM2VLPAPP0021\.P-DC\.BA\.UWV\.NL"".pdim.INT_ZWA_META.PRESTG_META_DB_ATTRIBUTEN_VW.NULL_TOEGESTAAN",,"""UWVM2VLPAPP0021\.P-DC\.BA\.UWV\.NL"".pdim.INT_ZWA_META.STG_META_DBATTRIBUUT_TB.DIM_HASHDIFF_DBATTRIBUUT"
,INT_ZWA_META.PRESTG_META_DB_ATTRIBUTEN_VW.DEFAULT_WAARDE > INT_ZWA_META.STG_META_DBATTRIBUUT_TB.DIM_HASHDIFF_DBATTRIBUUT,hashdiff,"""UWVM2VLPAPP0021\.P-DC\.BA\.UWV\.NL"".pdim.INT_ZWA_META.PRESTG_META_DB_ATTRIBUTEN_VW.DEFAULT_WAARDE",,"""UWVM2VLPAPP0021\.P-DC\.BA\.UWV\.NL"".pdim.INT_ZWA_META.STG_META_DBATTRIBUUT_TB.DIM_HASHDIFF_DBATTRIBUUT"
,INT_ZWA_META.PRESTG_META_DB_ATTRIBUTEN_VW.PRIMARY_KEY > INT_ZWA_META.STG_META_DBATTRIBUUT_TB.DIM_HASHDIFF_DBATTRIBUUT,hashdiff,"""UWVM2VLPAPP0021\.P-DC\.BA\.UWV\.NL"".pdim.INT_ZWA_META.PRESTG_META_DB_ATTRIBUTEN_VW.PRIMARY_KEY",,"""UWVM2VLPAPP0021\.P-DC\.BA\.UWV\.NL"".pdim.INT_ZWA_META.STG_META_DBATTRIBUUT_TB.DIM_HASHDIFF_DBATTRIBUUT"
,INT_ZWA_META.PRESTG_META_DB_ATTRIBUTEN_VW.DIM_DUMMY > INT_ZWA_META.STG_META_DBATTRIBUUT_TB.DIM_HASHDIFF_DBOBJECT,hashdiff,"""UWVM2VLPAPP0021\.P-DC\.BA\.UWV\.NL"".pdim.INT_ZWA_META.PRESTG_META_DB_ATTRIBUTEN_VW.DIM_DUMMY",,"""UWVM2VLPAPP0021\.P-DC\.BA\.UWV\.NL"".pdim.INT_ZWA_META.STG_META_DBATTRIBUUT_TB.DIM_HASHDIFF_DBOBJECT"
,INT_ZWA_META.PRESTG_META_DB_ATTRIBUTEN_VW.DIM_DUMMY > INT_ZWA_META.STG_META_DBATTRIBUUT_TB.DIM_HASHDIFF_DBOBJECT_DBATTRIBUUT,hashdiff,"""UWVM2VLPAPP0021\.P-DC\.BA\.UWV\.NL"".pdim.INT_ZWA_META.PRESTG_META_DB_ATTRIBUTEN_VW.DIM_DUMMY",,"""UWVM2VLPAPP0021\.P-DC\.BA\.UWV\.NL"".pdim.INT_ZWA_META.STG_META_DBATTRIBUUT_TB.DIM_HASHDIFF_DBOBJECT_DBATTRIBUUT"
,INT_ZWA_META.PRESTG_META_DB_ATTRIBUTEN_VW.OBJECTTYPE > INT_ZWA_META.STG_META_DBATTRIBUUT_TB.OBJECTTYPE,,"""UWVM2VLPAPP0021\.P-DC\.BA\.UWV\.NL"".pdim.INT_ZWA_META.PRESTG_META_DB_ATTRIBUTEN_VW.OBJECTTYPE",,"""UWVM2VLPAPP0021\.P-DC\.BA\.UWV\.NL"".pdim.INT_ZWA_META.STG_META_DBATTRIBUUT_TB.OBJECTTYPE"
,INT_ZWA_META.PRESTG_META_DBRELATIES_VW.VOLLEDIGE_NAAM > INT_ZWA_META.STG_META_DBRELATIES_TB.VOLLEDIGE_NAAM,,"""UWVM2VLPAPP0021\.P-DC\.BA\.UWV\.NL"".pdim.INT_ZWA_META.PRESTG_META_DBRELATIES_VW.VOLLEDIGE_NAAM",,"""UWVM2VLPAPP0021\.P-DC\.BA\.UWV\.NL"".pdim.INT_ZWA_META.STG_META_DBRELATIES_TB.VOLLEDIGE_NAAM"
,INT_ZWA_META.PRESTG_META_DBRELATIES_VW.HOST_NAAM > INT_ZWA_META.STG_META_DBRELATIES_TB.HOST_NAAM,,"""UWVM2VLPAPP0021\.P-DC\.BA\.UWV\.NL"".pdim.INT_ZWA_META.PRESTG_META_DBRELATIES_VW.HOST_NAAM",,"""UWVM2VLPAPP0021\.P-DC\.BA\.UWV\.NL"".pdim.INT_ZWA_META.STG_META_DBRELATIES_TB.HOST_NAAM"
,INT_ZWA_META.PRESTG_META_DBRELATIES_VW.DATABASE_NAAM > INT_ZWA_META.STG_META_DBRELATIES_TB.DATABASE_NAAM,,"""UWVM2VLPAPP0021\.P-DC\.BA\.UWV\.NL"".pdim.INT_ZWA_META.PRESTG_META_DBRELATIES_VW.DATABASE_NAAM",,"""UWVM2VLPAPP0021\.P-DC\.BA\.UWV\.NL"".pdim.INT_ZWA_META.STG_META_DBRELATIES_TB.DATABASE_NAAM"
,INT_ZWA_META.PRESTG_META_DBRELATIES_VW.SCHEMA_NAAM > INT_ZWA_META.STG_META_DBRELATIES_TB.SCHEMA_NAAM,,"""UWVM2VLPAPP0021\.P-DC\.BA\.UWV\.NL"".pdim.INT_ZWA_META.PRESTG_META_DBRELATIES_VW.SCHEMA_NAAM",,"""UWVM2VLPAPP0021\.P-DC\.BA\.UWV\.NL"".pdim.INT_ZWA_META.STG_META_DBRELATIES_TB.SCHEMA_NAAM"
,INT_ZWA_META.PRESTG_META_DBRELATIES_VW.TABEL_NAAM > INT_ZWA_META.STG_META_DBRELATIES_TB.TABEL_NAAM,,"""UWVM2VLPAPP0021\.P-DC\.BA\.UWV\.NL"".pdim.INT_ZWA_META.PRESTG_META_DBRELATIES_VW.TABEL_NAAM",,"""UWVM2VLPAPP0021\.P-DC\.BA\.UWV\.NL"".pdim.INT_ZWA_META.STG_META_DBRELATIES_TB.TABEL_NAAM"
,INT_ZWA_META.PRESTG_META_DBRELATIES_VW.KOLOM_NAAM > INT_ZWA_META.STG_META_DBRELATIES_TB.KOLOM_NAAM,,"""UWVM2VLPAPP0021\.P-DC\.BA\.UWV\.NL"".pdim.INT_ZWA_META.PRESTG_META_DBRELATIES_VW.KOLOM_NAAM",,"""UWVM2VLPAPP0021\.P-DC\.BA\.UWV\.NL"".pdim.INT_ZWA_META.STG_META_DBRELATIES_TB.KOLOM_NAAM"
,INT_ZWA_META.PRESTG_META_DBRELATIES_VW.PRIMARY_KEY > INT_ZWA_META.STG_META_DBRELATIES_TB.PRIMARY_KEY,,"""UWVM2VLPAPP0021\.P-DC\.BA\.UWV\.NL"".pdim.INT_ZWA_META.PRESTG_META_DBRELATIES_VW.PRIMARY_KEY",,"""UWVM2VLPAPP0021\.P-DC\.BA\.UWV\.NL"".pdim.INT_ZWA_META.STG_META_DBRELATIES_TB.PRIMARY_KEY"
,INT_ZWA_META.PRESTG_META_DBRELATIES_VW.PARENT_HOST > INT_ZWA_META.STG_META_DBRELATIES_TB.PARENT_HOST,,"""UWVM2VLPAPP0021\.P-DC\.BA\.UWV\.NL"".pdim.INT_ZWA_META.PRESTG_META_DBRELATIES_VW.PARENT_HOST",,"""UWVM2VLPAPP0021\.P-DC\.BA\.UWV\.NL"".pdim.INT_ZWA_META.STG_META_DBRELATIES_TB.PARENT_HOST"
,INT_ZWA_META.PRESTG_META_DBRELATIES_VW.PARENT_DATABASE > INT_ZWA_META.STG_META_DBRELATIES_TB.PARENT_DATABASE,,"""UWVM2VLPAPP0021\.P-DC\.BA\.UWV\.NL"".pdim.INT_ZWA_META.PRESTG_META_DBRELATIES_VW.PARENT_DATABASE",,"""UWVM2VLPAPP0021\.P-DC\.BA\.UWV\.NL"".pdim.INT_ZWA_META.STG_META_DBRELATIES_TB.PARENT_DATABASE"
,INT_ZWA_META.PRESTG_META_DBRELATIES_VW.PARENT_SCHEMA > INT_ZWA_META.STG_META_DBRELATIES_TB.PARENT_SCHEMA,,"""UWVM2VLPAPP0021\.P-DC\.BA\.UWV\.NL"".pdim.INT_ZWA_META.PRESTG_META_DBRELATIES_VW.PARENT_SCHEMA",,"""UWVM2VLPAPP0021\.P-DC\.BA\.UWV\.NL"".pdim.INT_ZWA_META.STG_META_DBRELATIES_TB.PARENT_SCHEMA"
,INT_ZWA_META.PRESTG_META_DBRELATIES_VW.PARENT_TABEL > INT_ZWA_META.STG_META_DBRELATIES_TB.PARENT_TABEL,,"""UWVM2VLPAPP0021\.P-DC\.BA\.UWV\.NL"".pdim.INT_ZWA_META.PRESTG_META_DBRELATIES_VW.PARENT_TABEL",,"""UWVM2VLPAPP0021\.P-DC\.BA\.UWV\.NL"".pdim.INT_ZWA_META.STG_META_DBRELATIES_TB.PARENT_TABEL"
,INT_ZWA_META.PRESTG_META_DBRELATIES_VW.PARENT_KOLOM > INT_ZWA_META.STG_META_DBRELATIES_TB.PARENT_KOLOM,,"""UWVM2VLPAPP0021\.P-DC\.BA\.UWV\.NL"".pdim.INT_ZWA_META.PRESTG_META_DBRELATIES_VW.PARENT_KOLOM",,"""UWVM2VLPAPP0021\.P-DC\.BA\.UWV\.NL"".pdim.INT_ZWA_META.STG_META_DBRELATIES_TB.PARENT_KOLOM"
,INT_ZWA_META.PRESTG_META_DBRELATIES_VW.DIM_EXTRACTIEDATUM_XMETA > INT_ZWA_META.STG_META_DBRELATIES_TB.DIM_EXTRACTIEDATUM_XMETA,,"""UWVM2VLPAPP0021\.P-DC\.BA\.UWV\.NL"".pdim.INT_ZWA_META.PRESTG_META_DBRELATIES_VW.DIM_EXTRACTIEDATUM_XMETA",,"""UWVM2VLPAPP0021\.P-DC\.BA\.UWV\.NL"".pdim.INT_ZWA_META.STG_META_DBRELATIES_TB.DIM_EXTRACTIEDATUM_XMETA"
,INT_ZWA_META.PRESTG_META_DBRELATIES_VW.HOST_NAAM > INT_ZWA_META.STG_META_DBRELATIES_TB.DIM_DBOBJECT_H_HK_BRON,hubkey,"""UWVM2VLPAPP0021\.P-DC\.BA\.UWV\.NL"".pdim.INT_ZWA_META.PRESTG_META_DBRELATIES_VW.HOST_NAAM",,"""UWVM2VLPAPP0021\.P-DC\.BA\.UWV\.NL"".pdim.INT_ZWA_META.STG_META_DBRELATIES_TB.DIM_DBOBJECT_H_HK_BRON"
,INT_ZWA_META.PRESTG_META_DBRELATIES_VW.DATABASE_NAAM > INT_ZWA_META.STG_META_DBRELATIES_TB.DIM_DBOBJECT_H_HK_BRON,hubkey,"""UWVM2VLPAPP0021\.P-DC\.BA\.UWV\.NL"".pdim.INT_ZWA_META.PRESTG_META_DBRELATIES_VW.DATABASE_NAAM",,"""UWVM2VLPAPP0021\.P-DC\.BA\.UWV\.NL"".pdim.INT_ZWA_META.STG_META_DBRELATIES_TB.DIM_DBOBJECT_H_HK_BRON"
,INT_ZWA_META.PRESTG_META_DBRELATIES_VW.SCHEMA_NAAM > INT_ZWA_META.STG_META_DBRELATIES_TB.DIM_DBOBJECT_H_HK_BRON,hubkey,"""UWVM2VLPAPP0021\.P-DC\.BA\.UWV\.NL"".pdim.INT_ZWA_META.PRESTG_META_DBRELATIES_VW.SCHEMA_NAAM",,"""UWVM2VLPAPP0021\.P-DC\.BA\.UWV\.NL"".pdim.INT_ZWA_META.STG_META_DBRELATIES_TB.DIM_DBOBJECT_H_HK_BRON"
,INT_ZWA_META.PRESTG_META_DBRELATIES_VW.TABEL_NAAM > INT_ZWA_META.STG_META_DBRELATIES_TB.DIM_DBOBJECT_H_HK_BRON,hubkey,"""UWVM2VLPAPP0021\.P-DC\.BA\.UWV\.NL"".pdim.INT_ZWA_META.PRESTG_META_DBRELATIES_VW.TABEL_NAAM",,"""UWVM2VLPAPP0021\.P-DC\.BA\.UWV\.NL"".pdim.INT_ZWA_META.STG_META_DBRELATIES_TB.DIM_DBOBJECT_H_HK_BRON"
,INT_ZWA_META.PRESTG_META_DBRELATIES_VW.PARENT_HOST > INT_ZWA_META.STG_META_DBRELATIES_TB.DIM_DBOBJECT_H_HK_DOEL,hubkey,"""UWVM2VLPAPP0021\.P-DC\.BA\.UWV\.NL"".pdim.INT_ZWA_META.PRESTG_META_DBRELATIES_VW.PARENT_HOST",,"""UWVM2VLPAPP0021\.P-DC\.BA\.UWV\.NL"".pdim.INT_ZWA_META.STG_META_DBRELATIES_TB.DIM_DBOBJECT_H_HK_DOEL"
,INT_ZWA_META.PRESTG_META_DBRELATIES_VW.PARENT_DATABASE > INT_ZWA_META.STG_META_DBRELATIES_TB.DIM_DBOBJECT_H_HK_DOEL,hubkey,"""UWVM2VLPAPP0021\.P-DC\.BA\.UWV\.NL"".pdim.INT_ZWA_META.PRESTG_META_DBRELATIES_VW.PARENT_DATABASE",,"""UWVM2VLPAPP0021\.P-DC\.BA\.UWV\.NL"".pdim.INT_ZWA_META.STG_META_DBRELATIES_TB.DIM_DBOBJECT_H_HK_DOEL"
,INT_ZWA_META.PRESTG_META_DBRELATIES_VW.PARENT_SCHEMA > INT_ZWA_META.STG_META_DBRELATIES_TB.DIM_DBOBJECT_H_HK_DOEL,hubkey,"""UWVM2VLPAPP0021\.P-DC\.BA\.UWV\.NL"".pdim.INT_ZWA_META.PRESTG_META_DBRELATIES_VW.PARENT_SCHEMA",,"""UWVM2VLPAPP0021\.P-DC\.BA\.UWV\.NL"".pdim.INT_ZWA_META.STG_META_DBRELATIES_TB.DIM_DBOBJECT_H_HK_DOEL"
,INT_ZWA_META.PRESTG_META_DBRELATIES_VW.PARENT_TABEL > INT_ZWA_META.STG_META_DBRELATIES_TB.DIM_DBOBJECT_H_HK_DOEL,hubkey,"""UWVM2VLPAPP0021\.P-DC\.BA\.UWV\.NL"".pdim.INT_ZWA_META.PRESTG_META_DBRELATIES_VW.PARENT_TABEL",,"""UWVM2VLPAPP0021\.P-DC\.BA\.UWV\.NL"".pdim.INT_ZWA_META.STG_META_DBRELATIES_TB.DIM_DBOBJECT_H_HK_DOEL"
,INT_ZWA_META.PRESTG_META_DBRELATIES_VW.HOST_NAAM > INT_ZWA_META.STG_META_DBRELATIES_TB.DIM_DBOBJECT_DBOBJECT_L_HK,linkkey,"""UWVM2VLPAPP0021\.P-DC\.BA\.UWV\.NL"".pdim.INT_ZWA_META.PRESTG_META_DBRELATIES_VW.HOST_NAAM",,"""UWVM2VLPAPP0021\.P-DC\.BA\.UWV\.NL"".pdim.INT_ZWA_META.STG_META_DBRELATIES_TB.DIM_DBOBJECT_DBOBJECT_L_HK"
,INT_ZWA_META.PRESTG_META_DBRELATIES_VW.DATABASE_NAAM > INT_ZWA_META.STG_META_DBRELATIES_TB.DIM_DBOBJECT_DBOBJECT_L_HK,linkkey,"""UWVM2VLPAPP0021\.P-DC\.BA\.UWV\.NL"".pdim.INT_ZWA_META.PRESTG_META_DBRELATIES_VW.DATABASE_NAAM",,"""UWVM2VLPAPP0021\.P-DC\.BA\.UWV\.NL"".pdim.INT_ZWA_META.STG_META_DBRELATIES_TB.DIM_DBOBJECT_DBOBJECT_L_HK"
,INT_ZWA_META.PRESTG_META_DBRELATIES_VW.SCHEMA_NAAM > INT_ZWA_META.STG_META_DBRELATIES_TB.DIM_DBOBJECT_DBOBJECT_L_HK,linkkey,"""UWVM2VLPAPP0021\.P-DC\.BA\.UWV\.NL"".pdim.INT_ZWA_META.PRESTG_META_DBRELATIES_VW.SCHEMA_NAAM",,"""UWVM2VLPAPP0021\.P-DC\.BA\.UWV\.NL"".pdim.INT_ZWA_META.STG_META_DBRELATIES_TB.DIM_DBOBJECT_DBOBJECT_L_HK"
,INT_ZWA_META.PRESTG_META_DBRELATIES_VW.TABEL_NAAM > INT_ZWA_META.STG_META_DBRELATIES_TB.DIM_DBOBJECT_DBOBJECT_L_HK,linkkey,"""UWVM2VLPAPP0021\.P-DC\.BA\.UWV\.NL"".pdim.INT_ZWA_META.PRESTG_META_DBRELATIES_VW.TABEL_NAAM",,"""UWVM2VLPAPP0021\.P-DC\.BA\.UWV\.NL"".pdim.INT_ZWA_META.STG_META_DBRELATIES_TB.DIM_DBOBJECT_DBOBJECT_L_HK"
,INT_ZWA_META.PRESTG_META_DBRELATIES_VW.PARENT_HOST > INT_ZWA_META.STG_META_DBRELATIES_TB.DIM_DBOBJECT_DBOBJECT_L_HK,linkkey,"""UWVM2VLPAPP0021\.P-DC\.BA\.UWV\.NL"".pdim.INT_ZWA_META.PRESTG_META_DBRELATIES_VW.PARENT_HOST",,"""UWVM2VLPAPP0021\.P-DC\.BA\.UWV\.NL"".pdim.INT_ZWA_META.STG_META_DBRELATIES_TB.DIM_DBOBJECT_DBOBJECT_L_HK"
,INT_ZWA_META.PRESTG_META_DBRELATIES_VW.PARENT_DATABASE > INT_ZWA_META.STG_META_DBRELATIES_TB.DIM_DBOBJECT_DBOBJECT_L_HK,linkkey,"""UWVM2VLPAPP0021\.P-DC\.BA\.UWV\.NL"".pdim.INT_ZWA_META.PRESTG_META_DBRELATIES_VW.PARENT_DATABASE",,"""UWVM2VLPAPP0021\.P-DC\.BA\.UWV\.NL"".pdim.INT_ZWA_META.STG_META_DBRELATIES_TB.DIM_DBOBJECT_DBOBJECT_L_HK"
,INT_ZWA_META.PRESTG_META_DBRELATIES_VW.PARENT_SCHEMA > INT_ZWA_META.STG_META_DBRELATIES_TB.DIM_DBOBJECT_DBOBJECT_L_HK,linkkey,"""UWVM2VLPAPP0021\.P-DC\.BA\.UWV\.NL"".pdim.INT_ZWA_META.PRESTG_META_DBRELATIES_VW.PARENT_SCHEMA",,"""UWVM2VLPAPP0021\.P-DC\.BA\.UWV\.NL"".pdim.INT_ZWA_META.STG_META_DBRELATIES_TB.DIM_DBOBJECT_DBOBJECT_L_HK"
,INT_ZWA_META.PRESTG_META_DBRELATIES_VW.PARENT_TABEL > INT_ZWA_META.STG_META_DBRELATIES_TB.DIM_DBOBJECT_DBOBJECT_L_HK,linkkey,"""UWVM2VLPAPP0021\.P-DC\.BA\.UWV\.NL"".pdim.INT_ZWA_META.PRESTG_META_DBRELATIES_VW.PARENT_TABEL",,"""UWVM2VLPAPP0021\.P-DC\.BA\.UWV\.NL"".pdim.INT_ZWA_META.STG_META_DBRELATIES_TB.DIM_DBOBJECT_DBOBJECT_L_HK"
,INT_ZWA_META.PRESTG_META_DBRELATIES_VW.DIM_DUMMY > INT_ZWA_META.STG_META_DBRELATIES_TB.DIM_HASHDIFF_DBOBJECT_DBOBJECT,hashdiff,"""UWVM2VLPAPP0021\.P-DC\.BA\.UWV\.NL"".pdim.INT_ZWA_META.PRESTG_META_DBRELATIES_VW.DIM_DUMMY",,"""UWVM2VLPAPP0021\.P-DC\.BA\.UWV\.NL"".pdim.INT_ZWA_META.STG_META_DBRELATIES_TB.DIM_HASHDIFF_DBOBJECT_DBOBJECT"
,INT_ZWA_META.PRESTG_META_DBRELATIES_VW.DIM_DUMMY > INT_ZWA_META.STG_META_DBRELATIES_TB.DIM_DUMMY,,"""UWVM2VLPAPP0021\.P-DC\.BA\.UWV\.NL"".pdim.INT_ZWA_META.PRESTG_META_DBRELATIES_VW.DIM_DUMMY",,"""UWVM2VLPAPP0021\.P-DC\.BA\.UWV\.NL"".pdim.INT_ZWA_META.STG_META_DBRELATIES_TB.DIM_DUMMY"
,INT_ZWA_META.PRESTG_META_DBRELATIES_VW.FOREIGN_KEY > INT_ZWA_META.STG_META_DBRELATIES_TB.FOREIGN_KEY,,"""UWVM2VLPAPP0021\.P-DC\.BA\.UWV\.NL"".pdim.INT_ZWA_META.PRESTG_META_DBRELATIES_VW.FOREIGN_KEY",,"""UWVM2VLPAPP0021\.P-DC\.BA\.UWV\.NL"".pdim.INT_ZWA_META.STG_META_DBRELATIES_TB.FOREIGN_KEY"
,INT_ZWA_META.PRESTG_META_DBRELATIES_VW.HOST_NAAM > INT_ZWA_META.STG_META_DBRELATIES_TB.DIM_FOREIGN_KEY_L_HK,linkkey,"""UWVM2VLPAPP0021\.P-DC\.BA\.UWV\.NL"".pdim.INT_ZWA_META.PRESTG_META_DBRELATIES_VW.HOST_NAAM",,"""UWVM2VLPAPP0021\.P-DC\.BA\.UWV\.NL"".pdim.INT_ZWA_META.STG_META_DBRELATIES_TB.DIM_FOREIGN_KEY_L_HK"
,INT_ZWA_META.PRESTG_META_DBRELATIES_VW.DATABASE_NAAM > INT_ZWA_META.STG_META_DBRELATIES_TB.DIM_FOREIGN_KEY_L_HK,linkkey,"""UWVM2VLPAPP0021\.P-DC\.BA\.UWV\.NL"".pdim.INT_ZWA_META.PRESTG_META_DBRELATIES_VW.DATABASE_NAAM",,"""UWVM2VLPAPP0021\.P-DC\.BA\.UWV\.NL"".pdim.INT_ZWA_META.STG_META_DBRELATIES_TB.DIM_FOREIGN_KEY_L_HK"
,INT_ZWA_META.PRESTG_META_DBRELATIES_VW.SCHEMA_NAAM > INT_ZWA_META.STG_META_DBRELATIES_TB.DIM_FOREIGN_KEY_L_HK,linkkey,"""UWVM2VLPAPP0021\.P-DC\.BA\.UWV\.NL"".pdim.INT_ZWA_META.PRESTG_META_DBRELATIES_VW.SCHEMA_NAAM",,"""UWVM2VLPAPP0021\.P-DC\.BA\.UWV\.NL"".pdim.INT_ZWA_META.STG_META_DBRELATIES_TB.DIM_FOREIGN_KEY_L_HK"
,INT_ZWA_META.PRESTG_META_DBRELATIES_VW.TABEL_NAAM > INT_ZWA_META.STG_META_DBRELATIES_TB.DIM_FOREIGN_KEY_L_HK,linkkey,"""UWVM2VLPAPP0021\.P-DC\.BA\.UWV\.NL"".pdim.INT_ZWA_META.PRESTG_META_DBRELATIES_VW.TABEL_NAAM",,"""UWVM2VLPAPP0021\.P-DC\.BA\.UWV\.NL"".pdim.INT_ZWA_META.STG_META_DBRELATIES_TB.DIM_FOREIGN_KEY_L_HK"
,INT_ZWA_META.PRESTG_META_DBRELATIES_VW.KOLOM_NAAM > INT_ZWA_META.STG_META_DBRELATIES_TB.DIM_FOREIGN_KEY_L_HK,linkkey,"""UWVM2VLPAPP0021\.P-DC\.BA\.UWV\.NL"".pdim.INT_ZWA_META.PRESTG_META_DBRELATIES_VW.KOLOM_NAAM",,"""UWVM2VLPAPP0021\.P-DC\.BA\.UWV\.NL"".pdim.INT_ZWA_META.STG_META_DBRELATIES_TB.DIM_FOREIGN_KEY_L_HK"
,INT_ZWA_META.PRESTG_META_DBRELATIES_VW.FOREIGN_KEY > INT_ZWA_META.STG_META_DBRELATIES_TB.DIM_FOREIGN_KEY_L_HK,linkkey,"""UWVM2VLPAPP0021\.P-DC\.BA\.UWV\.NL"".pdim.INT_ZWA_META.PRESTG_META_DBRELATIES_VW.FOREIGN_KEY",,"""UWVM2VLPAPP0021\.P-DC\.BA\.UWV\.NL"".pdim.INT_ZWA_META.STG_META_DBRELATIES_TB.DIM_FOREIGN_KEY_L_HK"
,INT_ZWA_META.PRESTG_META_DBRELATIES_VW.PARENT_HOST > INT_ZWA_META.STG_META_DBRELATIES_TB.DIM_FOREIGN_KEY_L_HK,linkkey,"""UWVM2VLPAPP0021\.P-DC\.BA\.UWV\.NL"".pdim.INT_ZWA_META.PRESTG_META_DBRELATIES_VW.PARENT_HOST",,"""UWVM2VLPAPP0021\.P-DC\.BA\.UWV\.NL"".pdim.INT_ZWA_META.STG_META_DBRELATIES_TB.DIM_FOREIGN_KEY_L_HK"
,INT_ZWA_META.PRESTG_META_DBRELATIES_VW.PARENT_DATABASE > INT_ZWA_META.STG_META_DBRELATIES_TB.DIM_FOREIGN_KEY_L_HK,linkkey,"""UWVM2VLPAPP0021\.P-DC\.BA\.UWV\.NL"".pdim.INT_ZWA_META.PRESTG_META_DBRELATIES_VW.PARENT_DATABASE",,"""UWVM2VLPAPP0021\.P-DC\.BA\.UWV\.NL"".pdim.INT_ZWA_META.STG_META_DBRELATIES_TB.DIM_FOREIGN_KEY_L_HK"
,INT_ZWA_META.PRESTG_META_DBRELATIES_VW.PARENT_SCHEMA > INT_ZWA_META.STG_META_DBRELATIES_TB.DIM_FOREIGN_KEY_L_HK,linkkey,"""UWVM2VLPAPP0021\.P-DC\.BA\.UWV\.NL"".pdim.INT_ZWA_META.PRESTG_META_DBRELATIES_VW.PARENT_SCHEMA",,"""UWVM2VLPAPP0021\.P-DC\.BA\.UWV\.NL"".pdim.INT_ZWA_META.STG_META_DBRELATIES_TB.DIM_FOREIGN_KEY_L_HK"
,INT_ZWA_META.PRESTG_META_DBRELATIES_VW.PARENT_TABEL > INT_ZWA_META.STG_META_DBRELATIES_TB.DIM_FOREIGN_KEY_L_HK,linkkey,"""UWVM2VLPAPP0021\.P-DC\.BA\.UWV\.NL"".pdim.INT_ZWA_META.PRESTG_META_DBRELATIES_VW.PARENT_TABEL",,"""UWVM2VLPAPP0021\.P-DC\.BA\.UWV\.NL"".pdim.INT_ZWA_META.STG_META_DBRELATIES_TB.DIM_FOREIGN_KEY_L_HK"
,INT_ZWA_META.PRESTG_META_DBRELATIES_VW.PARENT_KOLOM > INT_ZWA_META.STG_META_DBRELATIES_TB.DIM_FOREIGN_KEY_L_HK,linkkey,"""UWVM2VLPAPP0021\.P-DC\.BA\.UWV\.NL"".pdim.INT_ZWA_META.PRESTG_META_DBRELATIES_VW.PARENT_KOLOM",,"""UWVM2VLPAPP0021\.P-DC\.BA\.UWV\.NL"".pdim.INT_ZWA_META.STG_META_DBRELATIES_TB.DIM_FOREIGN_KEY_L_HK"
,INT_ZWA_META.PRESTG_META_DBRELATIES_VW.PRIMARY_KEY > INT_ZWA_META.STG_META_DBRELATIES_TB.DIM_HASHDIFF_FOREIGN_KEY,hashdiff,"""UWVM2VLPAPP0021\.P-DC\.BA\.UWV\.NL"".pdim.INT_ZWA_META.PRESTG_META_DBRELATIES_VW.PRIMARY_KEY",,"""UWVM2VLPAPP0021\.P-DC\.BA\.UWV\.NL"".pdim.INT_ZWA_META.STG_META_DBRELATIES_TB.DIM_HASHDIFF_FOREIGN_KEY"
,INT_ZWA_META.PRESTG_META_DBRELATIES_VW.HOST_NAAM > INT_ZWA_META.STG_META_DBRELATIES_TB.DIM_DBATTRIBUUT_H_HK_BRON,hubkey,"""UWVM2VLPAPP0021\.P-DC\.BA\.UWV\.NL"".pdim.INT_ZWA_META.PRESTG_META_DBRELATIES_VW.HOST_NAAM",,"""UWVM2VLPAPP0021\.P-DC\.BA\.UWV\.NL"".pdim.INT_ZWA_META.STG_META_DBRELATIES_TB.DIM_DBATTRIBUUT_H_HK_BRON"
,INT_ZWA_META.PRESTG_META_DBRELATIES_VW.DATABASE_NAAM > INT_ZWA_META.STG_META_DBRELATIES_TB.DIM_DBATTRIBUUT_H_HK_BRON,hubkey,"""UWVM2VLPAPP0021\.P-DC\.BA\.UWV\.NL"".pdim.INT_ZWA_META.PRESTG_META_DBRELATIES_VW.DATABASE_NAAM",,"""UWVM2VLPAPP0021\.P-DC\.BA\.UWV\.NL"".pdim.INT_ZWA_META.STG_META_DBRELATIES_TB.DIM_DBATTRIBUUT_H_HK_BRON"
,INT_ZWA_META.PRESTG_META_DBRELATIES_VW.SCHEMA_NAAM > INT_ZWA_META.STG_META_DBRELATIES_TB.DIM_DBATTRIBUUT_H_HK_BRON,hubkey,"""UWVM2VLPAPP0021\.P-DC\.BA\.UWV\.NL"".pdim.INT_ZWA_META.PRESTG_META_DBRELATIES_VW.SCHEMA_NAAM",,"""UWVM2VLPAPP0021\.P-DC\.BA\.UWV\.NL"".pdim.INT_ZWA_META.STG_META_DBRELATIES_TB.DIM_DBATTRIBUUT_H_HK_BRON"
,INT_ZWA_META.PRESTG_META_DBRELATIES_VW.TABEL_NAAM > INT_ZWA_META.STG_META_DBRELATIES_TB.DIM_DBATTRIBUUT_H_HK_BRON,hubkey,"""UWVM2VLPAPP0021\.P-DC\.BA\.UWV\.NL"".pdim.INT_ZWA_META.PRESTG_META_DBRELATIES_VW.TABEL_NAAM",,"""UWVM2VLPAPP0021\.P-DC\.BA\.UWV\.NL"".pdim.INT_ZWA_META.STG_META_DBRELATIES_TB.DIM_DBATTRIBUUT_H_HK_BRON"
,INT_ZWA_META.PRESTG_META_DBRELATIES_VW.KOLOM_NAAM > INT_ZWA_META.STG_META_DBRELATIES_TB.DIM_DBATTRIBUUT_H_HK_BRON,hubkey,"""UWVM2VLPAPP0021\.P-DC\.BA\.UWV\.NL"".pdim.INT_ZWA_META.PRESTG_META_DBRELATIES_VW.KOLOM_NAAM",,"""UWVM2VLPAPP0021\.P-DC\.BA\.UWV\.NL"".pdim.INT_ZWA_META.STG_META_DBRELATIES_TB.DIM_DBATTRIBUUT_H_HK_BRON"
,INT_ZWA_META.PRESTG_META_DBRELATIES_VW.PARENT_HOST > INT_ZWA_META.STG_META_DBRELATIES_TB.DIM_DBATTRIBUUT_H_HK_DOEL,hubkey,"""UWVM2VLPAPP0021\.P-DC\.BA\.UWV\.NL"".pdim.INT_ZWA_META.PRESTG_META_DBRELATIES_VW.PARENT_HOST",,"""UWVM2VLPAPP0021\.P-DC\.BA\.UWV\.NL"".pdim.INT_ZWA_META.STG_META_DBRELATIES_TB.DIM_DBATTRIBUUT_H_HK_DOEL"
,INT_ZWA_META.PRESTG_META_DBRELATIES_VW.PARENT_DATABASE > INT_ZWA_META.STG_META_DBRELATIES_TB.DIM_DBATTRIBUUT_H_HK_DOEL,hubkey,"""UWVM2VLPAPP0021\.P-DC\.BA\.UWV\.NL"".pdim.INT_ZWA_META.PRESTG_META_DBRELATIES_VW.PARENT_DATABASE",,"""UWVM2VLPAPP0021\.P-DC\.BA\.UWV\.NL"".pdim.INT_ZWA_META.STG_META_DBRELATIES_TB.DIM_DBATTRIBUUT_H_HK_DOEL"
,INT_ZWA_META.PRESTG_META_DBRELATIES_VW.PARENT_SCHEMA > INT_ZWA_META.STG_META_DBRELATIES_TB.DIM_DBATTRIBUUT_H_HK_DOEL,hubkey,"""UWVM2VLPAPP0021\.P-DC\.BA\.UWV\.NL"".pdim.INT_ZWA_META.PRESTG_META_DBRELATIES_VW.PARENT_SCHEMA",,"""UWVM2VLPAPP0021\.P-DC\.BA\.UWV\.NL"".pdim.INT_ZWA_META.STG_META_DBRELATIES_TB.DIM_DBATTRIBUUT_H_HK_DOEL"
,INT_ZWA_META.PRESTG_META_DBRELATIES_VW.PARENT_TABEL > INT_ZWA_META.STG_META_DBRELATIES_TB.DIM_DBATTRIBUUT_H_HK_DOEL,hubkey,"""UWVM2VLPAPP0021\.P-DC\.BA\.UWV\.NL"".pdim.INT_ZWA_META.PRESTG_META_DBRELATIES_VW.PARENT_TABEL",,"""UWVM2VLPAPP0021\.P-DC\.BA\.UWV\.NL"".pdim.INT_ZWA_META.STG_META_DBRELATIES_TB.DIM_DBATTRIBUUT_H_HK_DOEL"
,INT_ZWA_META.PRESTG_META_DBRELATIES_VW.PARENT_KOLOM > INT_ZWA_META.STG_META_DBRELATIES_TB.DIM_DBATTRIBUUT_H_HK_DOEL,hubkey,"""UWVM2VLPAPP0021\.P-DC\.BA\.UWV\.NL"".pdim.INT_ZWA_META.PRESTG_META_DBRELATIES_VW.PARENT_KOLOM",,"""UWVM2VLPAPP0021\.P-DC\.BA\.UWV\.NL"".pdim.INT_ZWA_META.STG_META_DBRELATIES_TB.DIM_DBATTRIBUUT_H_HK_DOEL"
,INT_ZWA_META.PRESTG_META_MAPPINGS_VW.MAPPING_SPECIFICATIE_NAAM > INT_ZWA_META.STG_META_MAPPING_TB.MAPPING_SPECIFICATIE_NAAM,,"""UWVM2VLPAPP0021\.P-DC\.BA\.UWV\.NL"".pdim.INT_ZWA_META.PRESTG_META_MAPPINGS_VW.MAPPING_SPECIFICATIE_NAAM",,"""UWVM2VLPAPP0021\.P-DC\.BA\.UWV\.NL"".pdim.INT_ZWA_META.STG_META_MAPPING_TB.MAPPING_SPECIFICATIE_NAAM"
,INT_ZWA_META.PRESTG_META_MAPPINGS_VW.MAPPING_NAAM > INT_ZWA_META.STG_META_MAPPING_TB.MAPPING_NAAM,,"""UWVM2VLPAPP0021\.P-DC\.BA\.UWV\.NL"".pdim.INT_ZWA_META.PRESTG_META_MAPPINGS_VW.MAPPING_NAAM",,"""UWVM2VLPAPP0021\.P-DC\.BA\.UWV\.NL"".pdim.INT_ZWA_META.STG_META_MAPPING_TB.MAPPING_NAAM"
,INT_ZWA_META.PRESTG_META_MAPPINGS_VW.BRON_NAAM_VOLLEDIG > INT_ZWA_META.STG_META_MAPPING_TB.BRON_NAAM_VOLLEDIG,,"""UWVM2VLPAPP0021\.P-DC\.BA\.UWV\.NL"".pdim.INT_ZWA_META.PRESTG_META_MAPPINGS_VW.BRON_NAAM_VOLLEDIG",,"""UWVM2VLPAPP0021\.P-DC\.BA\.UWV\.NL"".pdim.INT_ZWA_META.STG_META_MAPPING_TB.BRON_NAAM_VOLLEDIG"
,INT_ZWA_META.PRESTG_META_MAPPINGS_VW.BRON_HOST_NAAM > INT_ZWA_META.STG_META_MAPPING_TB.BRON_HOST_NAAM,,"""UWVM2VLPAPP0021\.P-DC\.BA\.UWV\.NL"".pdim.INT_ZWA_META.PRESTG_META_MAPPINGS_VW.BRON_HOST_NAAM",,"""UWVM2VLPAPP0021\.P-DC\.BA\.UWV\.NL"".pdim.INT_ZWA_META.STG_META_MAPPING_TB.BRON_HOST_NAAM"
,INT_ZWA_META.PRESTG_META_MAPPINGS_VW.BRON_DATABASE_NAAM > INT_ZWA_META.STG_META_MAPPING_TB.BRON_DATABASE_NAAM,,"""UWVM2VLPAPP0021\.P-DC\.BA\.UWV\.NL"".pdim.INT_ZWA_META.PRESTG_META_MAPPINGS_VW.BRON_DATABASE_NAAM",,"""UWVM2VLPAPP0021\.P-DC\.BA\.UWV\.NL"".pdim.INT_ZWA_META.STG_META_MAPPING_TB.BRON_DATABASE_NAAM"
,INT_ZWA_META.PRESTG_META_MAPPINGS_VW.BRON_SCHEMA_NAAM > INT_ZWA_META.STG_META_MAPPING_TB.BRON_SCHEMA_NAAM,,"""UWVM2VLPAPP0021\.P-DC\.BA\.UWV\.NL"".pdim.INT_ZWA_META.PRESTG_META_MAPPINGS_VW.BRON_SCHEMA_NAAM",,"""UWVM2VLPAPP0021\.P-DC\.BA\.UWV\.NL"".pdim.INT_ZWA_META.STG_META_MAPPING_TB.BRON_SCHEMA_NAAM"
,INT_ZWA_META.PRESTG_META_MAPPINGS_VW.BRON_TABEL_NAAM > INT_ZWA_META.STG_META_MAPPING_TB.BRON_TABEL_NAAM,,"""UWVM2VLPAPP0021\.P-DC\.BA\.UWV\.NL"".pdim.INT_ZWA_META.PRESTG_META_MAPPINGS_VW.BRON_TABEL_NAAM",,"""UWVM2VLPAPP0021\.P-DC\.BA\.UWV\.NL"".pdim.INT_ZWA_META.STG_META_MAPPING_TB.BRON_TABEL_NAAM"
,INT_ZWA_META.PRESTG_META_MAPPINGS_VW.BRON_KOLOM_NAAM > INT_ZWA_META.STG_META_MAPPING_TB.BRON_KOLOM_NAAM,,"""UWVM2VLPAPP0021\.P-DC\.BA\.UWV\.NL"".pdim.INT_ZWA_META.PRESTG_META_MAPPINGS_VW.BRON_KOLOM_NAAM",,"""UWVM2VLPAPP0021\.P-DC\.BA\.UWV\.NL"".pdim.INT_ZWA_META.STG_META_MAPPING_TB.BRON_KOLOM_NAAM"
,INT_ZWA_META.PRESTG_META_MAPPINGS_VW.DOEL_NAAM_VOLLEDIG > INT_ZWA_META.STG_META_MAPPING_TB.DOEL_NAAM_VOLLEDIG,,"""UWVM2VLPAPP0021\.P-DC\.BA\.UWV\.NL"".pdim.INT_ZWA_META.PRESTG_META_MAPPINGS_VW.DOEL_NAAM_VOLLEDIG",,"""UWVM2VLPAPP0021\.P-DC\.BA\.UWV\.NL"".pdim.INT_ZWA_META.STG_META_MAPPING_TB.DOEL_NAAM_VOLLEDIG"
,INT_ZWA_META.PRESTG_META_MAPPINGS_VW.DOEL_HOST_NAAM > INT_ZWA_META.STG_META_MAPPING_TB.DOEL_HOST_NAAM,,"""UWVM2VLPAPP0021\.P-DC\.BA\.UWV\.NL"".pdim.INT_ZWA_META.PRESTG_META_MAPPINGS_VW.DOEL_HOST_NAAM",,"""UWVM2VLPAPP0021\.P-DC\.BA\.UWV\.NL"".pdim.INT_ZWA_META.STG_META_MAPPING_TB.DOEL_HOST_NAAM"
,INT_ZWA_META.PRESTG_META_MAPPINGS_VW.DOEL_DATABASE_NAAM > INT_ZWA_META.STG_META_MAPPING_TB.DOEL_DATABASE_NAAM,,"""UWVM2VLPAPP0021\.P-DC\.BA\.UWV\.NL"".pdim.INT_ZWA_META.PRESTG_META_MAPPINGS_VW.DOEL_DATABASE_NAAM",,"""UWVM2VLPAPP0021\.P-DC\.BA\.UWV\.NL"".pdim.INT_ZWA_META.STG_META_MAPPING_TB.DOEL_DATABASE_NAAM"
,INT_ZWA_META.PRESTG_META_MAPPINGS_VW.DOEL_SCHEMA_NAAM > INT_ZWA_META.STG_META_MAPPING_TB.DOEL_SCHEMA_NAAM,,"""UWVM2VLPAPP0021\.P-DC\.BA\.UWV\.NL"".pdim.INT_ZWA_META.PRESTG_META_MAPPINGS_VW.DOEL_SCHEMA_NAAM",,"""UWVM2VLPAPP0021\.P-DC\.BA\.UWV\.NL"".pdim.INT_ZWA_META.STG_META_MAPPING_TB.DOEL_SCHEMA_NAAM"
,INT_ZWA_META.PRESTG_META_MAPPINGS_VW.DOEL_TABEL_NAAM > INT_ZWA_META.STG_META_MAPPING_TB.DOEL_TABEL_NAAM,,"""UWVM2VLPAPP0021\.P-DC\.BA\.UWV\.NL"".pdim.INT_ZWA_META.PRESTG_META_MAPPINGS_VW.DOEL_TABEL_NAAM",,"""UWVM2VLPAPP0021\.P-DC\.BA\.UWV\.NL"".pdim.INT_ZWA_META.STG_META_MAPPING_TB.DOEL_TABEL_NAAM"
,INT_ZWA_META.PRESTG_META_MAPPINGS_VW.DOEL_KOLOM_NAAM > INT_ZWA_META.STG_META_MAPPING_TB.DOEL_KOLOM_NAAM,,"""UWVM2VLPAPP0021\.P-DC\.BA\.UWV\.NL"".pdim.INT_ZWA_META.PRESTG_META_MAPPINGS_VW.DOEL_KOLOM_NAAM",,"""UWVM2VLPAPP0021\.P-DC\.BA\.UWV\.NL"".pdim.INT_ZWA_META.STG_META_MAPPING_TB.DOEL_KOLOM_NAAM"
,INT_ZWA_META.PRESTG_META_MAPPINGS_VW.REGEL_NAAM > INT_ZWA_META.STG_META_MAPPING_TB.REGEL_NAAM,,"""UWVM2VLPAPP0021\.P-DC\.BA\.UWV\.NL"".pdim.INT_ZWA_META.PRESTG_META_MAPPINGS_VW.REGEL_NAAM",,"""UWVM2VLPAPP0021\.P-DC\.BA\.UWV\.NL"".pdim.INT_ZWA_META.STG_META_MAPPING_TB.REGEL_NAAM"
,INT_ZWA_META.PRESTG_META_MAPPINGS_VW.MAPPING_OMSCHRIJVING > INT_ZWA_META.STG_META_MAPPING_TB.MAPPING_OMSCHRIJVING,,"""UWVM2VLPAPP0021\.P-DC\.BA\.UWV\.NL"".pdim.INT_ZWA_META.PRESTG_META_MAPPINGS_VW.MAPPING_OMSCHRIJVING",,"""UWVM2VLPAPP0021\.P-DC\.BA\.UWV\.NL"".pdim.INT_ZWA_META.STG_META_MAPPING_TB.MAPPING_OMSCHRIJVING"
,INT_ZWA_META.PRESTG_META_MAPPINGS_VW.BRON_HOST_NAAM > INT_ZWA_META.STG_META_MAPPING_TB.DIM_DBATTRIBUUT_H_HK_BRON,hubkey,"""UWVM2VLPAPP0021\.P-DC\.BA\.UWV\.NL"".pdim.INT_ZWA_META.PRESTG_META_MAPPINGS_VW.BRON_HOST_NAAM",,"""UWVM2VLPAPP0021\.P-DC\.BA\.UWV\.NL"".pdim.INT_ZWA_META.STG_META_MAPPING_TB.DIM_DBATTRIBUUT_H_HK_BRON"
,INT_ZWA_META.PRESTG_META_MAPPINGS_VW.BRON_DATABASE_NAAM > INT_ZWA_META.STG_META_MAPPING_TB.DIM_DBATTRIBUUT_H_HK_BRON,hubkey,"""UWVM2VLPAPP0021\.P-DC\.BA\.UWV\.NL"".pdim.INT_ZWA_META.PRESTG_META_MAPPINGS_VW.BRON_DATABASE_NAAM",,"""UWVM2VLPAPP0021\.P-DC\.BA\.UWV\.NL"".pdim.INT_ZWA_META.STG_META_MAPPING_TB.DIM_DBATTRIBUUT_H_HK_BRON"
,INT_ZWA_META.PRESTG_META_MAPPINGS_VW.BRON_SCHEMA_NAAM > INT_ZWA_META.STG_META_MAPPING_TB.DIM_DBATTRIBUUT_H_HK_BRON,hubkey,"""UWVM2VLPAPP0021\.P-DC\.BA\.UWV\.NL"".pdim.INT_ZWA_META.PRESTG_META_MAPPINGS_VW.BRON_SCHEMA_NAAM",,"""UWVM2VLPAPP0021\.P-DC\.BA\.UWV\.NL"".pdim.INT_ZWA_META.STG_META_MAPPING_TB.DIM_DBATTRIBUUT_H_HK_BRON"
,INT_ZWA_META.PRESTG_META_MAPPINGS_VW.BRON_TABEL_NAAM > INT_ZWA_META.STG_META_MAPPING_TB.DIM_DBATTRIBUUT_H_HK_BRON,hubkey,"""UWVM2VLPAPP0021\.P-DC\.BA\.UWV\.NL"".pdim.INT_ZWA_META.PRESTG_META_MAPPINGS_VW.BRON_TABEL_NAAM",,"""UWVM2VLPAPP0021\.P-DC\.BA\.UWV\.NL"".pdim.INT_ZWA_META.STG_META_MAPPING_TB.DIM_DBATTRIBUUT_H_HK_BRON"
,INT_ZWA_META.PRESTG_META_MAPPINGS_VW.BRON_KOLOM_NAAM > INT_ZWA_META.STG_META_MAPPING_TB.DIM_DBATTRIBUUT_H_HK_BRON,hubkey,"""UWVM2VLPAPP0021\.P-DC\.BA\.UWV\.NL"".pdim.INT_ZWA_META.PRESTG_META_MAPPINGS_VW.BRON_KOLOM_NAAM",,"""UWVM2VLPAPP0021\.P-DC\.BA\.UWV\.NL"".pdim.INT_ZWA_META.STG_META_MAPPING_TB.DIM_DBATTRIBUUT_H_HK_BRON"
,INT_ZWA_META.PRESTG_META_MAPPINGS_VW.DOEL_HOST_NAAM > INT_ZWA_META.STG_META_MAPPING_TB.DIM_DBATTRIBUUT_H_HK_DOEL,hubkey,"""UWVM2VLPAPP0021\.P-DC\.BA\.UWV\.NL"".pdim.INT_ZWA_META.PRESTG_META_MAPPINGS_VW.DOEL_HOST_NAAM",,"""UWVM2VLPAPP0021\.P-DC\.BA\.UWV\.NL"".pdim.INT_ZWA_META.STG_META_MAPPING_TB.DIM_DBATTRIBUUT_H_HK_DOEL"
,INT_ZWA_META.PRESTG_META_MAPPINGS_VW.DOEL_DATABASE_NAAM > INT_ZWA_META.STG_META_MAPPING_TB.DIM_DBATTRIBUUT_H_HK_DOEL,hubkey,"""UWVM2VLPAPP0021\.P-DC\.BA\.UWV\.NL"".pdim.INT_ZWA_META.PRESTG_META_MAPPINGS_VW.DOEL_DATABASE_NAAM",,"""UWVM2VLPAPP0021\.P-DC\.BA\.UWV\.NL"".pdim.INT_ZWA_META.STG_META_MAPPING_TB.DIM_DBATTRIBUUT_H_HK_DOEL"
,INT_ZWA_META.PRESTG_META_MAPPINGS_VW.DOEL_SCHEMA_NAAM > INT_ZWA_META.STG_META_MAPPING_TB.DIM_DBATTRIBUUT_H_HK_DOEL,hubkey,"""UWVM2VLPAPP0021\.P-DC\.BA\.UWV\.NL"".pdim.INT_ZWA_META.PRESTG_META_MAPPINGS_VW.DOEL_SCHEMA_NAAM",,"""UWVM2VLPAPP0021\.P-DC\.BA\.UWV\.NL"".pdim.INT_ZWA_META.STG_META_MAPPING_TB.DIM_DBATTRIBUUT_H_HK_DOEL"
,INT_ZWA_META.PRESTG_META_MAPPINGS_VW.DOEL_TABEL_NAAM > INT_ZWA_META.STG_META_MAPPING_TB.DIM_DBATTRIBUUT_H_HK_DOEL,hubkey,"""UWVM2VLPAPP0021\.P-DC\.BA\.UWV\.NL"".pdim.INT_ZWA_META.PRESTG_META_MAPPINGS_VW.DOEL_TABEL_NAAM",,"""UWVM2VLPAPP0021\.P-DC\.BA\.UWV\.NL"".pdim.INT_ZWA_META.STG_META_MAPPING_TB.DIM_DBATTRIBUUT_H_HK_DOEL"
,INT_ZWA_META.PRESTG_META_MAPPINGS_VW.DOEL_KOLOM_NAAM > INT_ZWA_META.STG_META_MAPPING_TB.DIM_DBATTRIBUUT_H_HK_DOEL,hubkey,"""UWVM2VLPAPP0021\.P-DC\.BA\.UWV\.NL"".pdim.INT_ZWA_META.PRESTG_META_MAPPINGS_VW.DOEL_KOLOM_NAAM",,"""UWVM2VLPAPP0021\.P-DC\.BA\.UWV\.NL"".pdim.INT_ZWA_META.STG_META_MAPPING_TB.DIM_DBATTRIBUUT_H_HK_DOEL"
,INT_ZWA_META.PRESTG_META_MAPPINGS_VW.MAPPING_SPECIFICATIE_NAAM > INT_ZWA_META.STG_META_MAPPING_TB.DIM_MAPPING_SPECIFICATIE_H_HK,hubkey,"""UWVM2VLPAPP0021\.P-DC\.BA\.UWV\.NL"".pdim.INT_ZWA_META.PRESTG_META_MAPPINGS_VW.MAPPING_SPECIFICATIE_NAAM",,"""UWVM2VLPAPP0021\.P-DC\.BA\.UWV\.NL"".pdim.INT_ZWA_META.STG_META_MAPPING_TB.DIM_MAPPING_SPECIFICATIE_H_HK"
,INT_ZWA_META.PRESTG_META_MAPPINGS_VW.DIM_DUMMY > INT_ZWA_META.STG_META_MAPPING_TB.DIM_DUMMY,,"""UWVM2VLPAPP0021\.P-DC\.BA\.UWV\.NL"".pdim.INT_ZWA_META.PRESTG_META_MAPPINGS_VW.DIM_DUMMY",,"""UWVM2VLPAPP0021\.P-DC\.BA\.UWV\.NL"".pdim.INT_ZWA_META.STG_META_MAPPING_TB.DIM_DUMMY"
,INT_ZWA_META.PRESTG_META_MAPPINGS_VW.DIM_DUMMY > INT_ZWA_META.STG_META_MAPPING_TB.DIM_HASHDIFF_MAPPING_SPEC,hashdiff,"""UWVM2VLPAPP0021\.P-DC\.BA\.UWV\.NL"".pdim.INT_ZWA_META.PRESTG_META_MAPPINGS_VW.DIM_DUMMY",,"""UWVM2VLPAPP0021\.P-DC\.BA\.UWV\.NL"".pdim.INT_ZWA_META.STG_META_MAPPING_TB.DIM_HASHDIFF_MAPPING_SPEC"
,INT_ZWA_META.PRESTG_META_MAPPINGS_VW.DIM_EXTRACTIEDATUM_XMETA > INT_ZWA_META.STG_META_MAPPING_TB.DIM_EXTRACTIEDATUM_XMETA,,"""UWVM2VLPAPP0021\.P-DC\.BA\.UWV\.NL"".pdim.INT_ZWA_META.PRESTG_META_MAPPINGS_VW.DIM_EXTRACTIEDATUM_XMETA",,"""UWVM2VLPAPP0021\.P-DC\.BA\.UWV\.NL"".pdim.INT_ZWA_META.STG_META_MAPPING_TB.DIM_EXTRACTIEDATUM_XMETA"
,INT_ZWA_META.PRESTG_META_MAPPINGS_VW.MAPPING_NAAM > INT_ZWA_META.STG_META_MAPPING_TB.DIM_HASHDIFF_DBATTR_DBATTR,hashdiff,"""UWVM2VLPAPP0021\.P-DC\.BA\.UWV\.NL"".pdim.INT_ZWA_META.PRESTG_META_MAPPINGS_VW.MAPPING_NAAM",,"""UWVM2VLPAPP0021\.P-DC\.BA\.UWV\.NL"".pdim.INT_ZWA_META.STG_META_MAPPING_TB.DIM_HASHDIFF_DBATTR_DBATTR"
,INT_ZWA_META.PRESTG_META_MAPPINGS_VW.REGEL_NAAM > INT_ZWA_META.STG_META_MAPPING_TB.DIM_HASHDIFF_DBATTR_DBATTR,hashdiff,"""UWVM2VLPAPP0021\.P-DC\.BA\.UWV\.NL"".pdim.INT_ZWA_META.PRESTG_META_MAPPINGS_VW.REGEL_NAAM",,"""UWVM2VLPAPP0021\.P-DC\.BA\.UWV\.NL"".pdim.INT_ZWA_META.STG_META_MAPPING_TB.DIM_HASHDIFF_DBATTR_DBATTR"
,INT_ZWA_META.PRESTG_META_MAPPINGS_VW.MAPPING_OMSCHRIJVING > INT_ZWA_META.STG_META_MAPPING_TB.DIM_HASHDIFF_DBATTR_DBATTR,hashdiff,"""UWVM2VLPAPP0021\.P-DC\.BA\.UWV\.NL"".pdim.INT_ZWA_META.PRESTG_META_MAPPINGS_VW.MAPPING_OMSCHRIJVING",,"""UWVM2VLPAPP0021\.P-DC\.BA\.UWV\.NL"".pdim.INT_ZWA_META.STG_META_MAPPING_TB.DIM_HASHDIFF_DBATTR_DBATTR"
,INT_ZWA_META.PRESTG_META_MAPPINGS_VW.BRON_HOST_NAAM > INT_ZWA_META.STG_META_MAPPING_TB.DIM_DBATTR_DBATTR_L_HK,linkkey,"""UWVM2VLPAPP0021\.P-DC\.BA\.UWV\.NL"".pdim.INT_ZWA_META.PRESTG_META_MAPPINGS_VW.BRON_HOST_NAAM",,"""UWVM2VLPAPP0021\.P-DC\.BA\.UWV\.NL"".pdim.INT_ZWA_META.STG_META_MAPPING_TB.DIM_DBATTR_DBATTR_L_HK"
,INT_ZWA_META.PRESTG_META_MAPPINGS_VW.BRON_DATABASE_NAAM > INT_ZWA_META.STG_META_MAPPING_TB.DIM_DBATTR_DBATTR_L_HK,linkkey,"""UWVM2VLPAPP0021\.P-DC\.BA\.UWV\.NL"".pdim.INT_ZWA_META.PRESTG_META_MAPPINGS_VW.BRON_DATABASE_NAAM",,"""UWVM2VLPAPP0021\.P-DC\.BA\.UWV\.NL"".pdim.INT_ZWA_META.STG_META_MAPPING_TB.DIM_DBATTR_DBATTR_L_HK"
,INT_ZWA_META.PRESTG_META_MAPPINGS_VW.BRON_SCHEMA_NAAM > INT_ZWA_META.STG_META_MAPPING_TB.DIM_DBATTR_DBATTR_L_HK,linkkey,"""UWVM2VLPAPP0021\.P-DC\.BA\.UWV\.NL"".pdim.INT_ZWA_META.PRESTG_META_MAPPINGS_VW.BRON_SCHEMA_NAAM",,"""UWVM2VLPAPP0021\.P-DC\.BA\.UWV\.NL"".pdim.INT_ZWA_META.STG_META_MAPPING_TB.DIM_DBATTR_DBATTR_L_HK"
,INT_ZWA_META.PRESTG_META_MAPPINGS_VW.BRON_TABEL_NAAM > INT_ZWA_META.STG_META_MAPPING_TB.DIM_DBATTR_DBATTR_L_HK,linkkey,"""UWVM2VLPAPP0021\.P-DC\.BA\.UWV\.NL"".pdim.INT_ZWA_META.PRESTG_META_MAPPINGS_VW.BRON_TABEL_NAAM",,"""UWVM2VLPAPP0021\.P-DC\.BA\.UWV\.NL"".pdim.INT_ZWA_META.STG_META_MAPPING_TB.DIM_DBATTR_DBATTR_L_HK"
,INT_ZWA_META.PRESTG_META_MAPPINGS_VW.BRON_KOLOM_NAAM > INT_ZWA_META.STG_META_MAPPING_TB.DIM_DBATTR_DBATTR_L_HK,linkkey,"""UWVM2VLPAPP0021\.P-DC\.BA\.UWV\.NL"".pdim.INT_ZWA_META.PRESTG_META_MAPPINGS_VW.BRON_KOLOM_NAAM",,"""UWVM2VLPAPP0021\.P-DC\.BA\.UWV\.NL"".pdim.INT_ZWA_META.STG_META_MAPPING_TB.DIM_DBATTR_DBATTR_L_HK"
,INT_ZWA_META.PRESTG_META_MAPPINGS_VW.DOEL_HOST_NAAM > INT_ZWA_META.STG_META_MAPPING_TB.DIM_DBATTR_DBATTR_L_HK,linkkey,"""UWVM2VLPAPP0021\.P-DC\.BA\.UWV\.NL"".pdim.INT_ZWA_META.PRESTG_META_MAPPINGS_VW.DOEL_HOST_NAAM",,"""UWVM2VLPAPP0021\.P-DC\.BA\.UWV\.NL"".pdim.INT_ZWA_META.STG_META_MAPPING_TB.DIM_DBATTR_DBATTR_L_HK"
,INT_ZWA_META.PRESTG_META_MAPPINGS_VW.DOEL_DATABASE_NAAM > INT_ZWA_META.STG_META_MAPPING_TB.DIM_DBATTR_DBATTR_L_HK,linkkey,"""UWVM2VLPAPP0021\.P-DC\.BA\.UWV\.NL"".pdim.INT_ZWA_META.PRESTG_META_MAPPINGS_VW.DOEL_DATABASE_NAAM",,"""UWVM2VLPAPP0021\.P-DC\.BA\.UWV\.NL"".pdim.INT_ZWA_META.STG_META_MAPPING_TB.DIM_DBATTR_DBATTR_L_HK"
,INT_ZWA_META.PRESTG_META_MAPPINGS_VW.DOEL_SCHEMA_NAAM > INT_ZWA_META.STG_META_MAPPING_TB.DIM_DBATTR_DBATTR_L_HK,linkkey,"""UWVM2VLPAPP0021\.P-DC\.BA\.UWV\.NL"".pdim.INT_ZWA_META.PRESTG_META_MAPPINGS_VW.DOEL_SCHEMA_NAAM",,"""UWVM2VLPAPP0021\.P-DC\.BA\.UWV\.NL"".pdim.INT_ZWA_META.STG_META_MAPPING_TB.DIM_DBATTR_DBATTR_L_HK"
,INT_ZWA_META.PRESTG_META_MAPPINGS_VW.DOEL_TABEL_NAAM > INT_ZWA_META.STG_META_MAPPING_TB.DIM_DBATTR_DBATTR_L_HK,linkkey,"""UWVM2VLPAPP0021\.P-DC\.BA\.UWV\.NL"".pdim.INT_ZWA_META.PRESTG_META_MAPPINGS_VW.DOEL_TABEL_NAAM",,"""UWVM2VLPAPP0021\.P-DC\.BA\.UWV\.NL"".pdim.INT_ZWA_META.STG_META_MAPPING_TB.DIM_DBATTR_DBATTR_L_HK"
,INT_ZWA_META.PRESTG_META_MAPPINGS_VW.DOEL_KOLOM_NAAM > INT_ZWA_META.STG_META_MAPPING_TB.DIM_DBATTR_DBATTR_L_HK,linkkey,"""UWVM2VLPAPP0021\.P-DC\.BA\.UWV\.NL"".pdim.INT_ZWA_META.PRESTG_META_MAPPINGS_VW.DOEL_KOLOM_NAAM",,"""UWVM2VLPAPP0021\.P-DC\.BA\.UWV\.NL"".pdim.INT_ZWA_META.STG_META_MAPPING_TB.DIM_DBATTR_DBATTR_L_HK"
,INT_ZWA_META.PRESTG_META_OM_OBJECTEN_BWT_VW.OMOBJECT_ID > INT_ZWA_META.STG_META_OMOBJECTEN_BWT_TB.OMOBJECT_ID,,"""UWVM2VLPAPP0021\.P-DC\.BA\.UWV\.NL"".pdim.INT_ZWA_META.PRESTG_META_OM_OBJECTEN_BWT_VW.OMOBJECT_ID",,"""UWVM2VLPAPP0021\.P-DC\.BA\.UWV\.NL"".pdim.INT_ZWA_META.STG_META_OMOBJECTEN_BWT_TB.OMOBJECT_ID"
,INT_ZWA_META.PRESTG_META_OM_OBJECTEN_BWT_VW.OM_NAAM > INT_ZWA_META.STG_META_OMOBJECTEN_BWT_TB.OM_NAAM,,"""UWVM2VLPAPP0021\.P-DC\.BA\.UWV\.NL"".pdim.INT_ZWA_META.PRESTG_META_OM_OBJECTEN_BWT_VW.OM_NAAM",,"""UWVM2VLPAPP0021\.P-DC\.BA\.UWV\.NL"".pdim.INT_ZWA_META.STG_META_OMOBJECTEN_BWT_TB.OM_NAAM"
,INT_ZWA_META.PRESTG_META_OM_OBJECTEN_BWT_VW.HOST_NAAM > INT_ZWA_META.STG_META_OMOBJECTEN_BWT_TB.HOST_NAAM,,"""UWVM2VLPAPP0021\.P-DC\.BA\.UWV\.NL"".pdim.INT_ZWA_META.PRESTG_META_OM_OBJECTEN_BWT_VW.HOST_NAAM",,"""UWVM2VLPAPP0021\.P-DC\.BA\.UWV\.NL"".pdim.INT_ZWA_META.STG_META_OMOBJECTEN_BWT_TB.HOST_NAAM"
,INT_ZWA_META.PRESTG_META_OM_OBJECTEN_BWT_VW.DATABASE_NAAM > INT_ZWA_META.STG_META_OMOBJECTEN_BWT_TB.DATABASE_NAAM,,"""UWVM2VLPAPP0021\.P-DC\.BA\.UWV\.NL"".pdim.INT_ZWA_META.PRESTG_META_OM_OBJECTEN_BWT_VW.DATABASE_NAAM",,"""UWVM2VLPAPP0021\.P-DC\.BA\.UWV\.NL"".pdim.INT_ZWA_META.STG_META_OMOBJECTEN_BWT_TB.DATABASE_NAAM"
,INT_ZWA_META.PRESTG_META_OM_OBJECTEN_BWT_VW.SCHEMA_NAAM > INT_ZWA_META.STG_META_OMOBJECTEN_BWT_TB.SCHEMA_NAAM,,"""UWVM2VLPAPP0021\.P-DC\.BA\.UWV\.NL"".pdim.INT_ZWA_META.PRESTG_META_OM_OBJECTEN_BWT_VW.SCHEMA_NAAM",,"""UWVM2VLPAPP0021\.P-DC\.BA\.UWV\.NL"".pdim.INT_ZWA_META.STG_META_OMOBJECTEN_BWT_TB.SCHEMA_NAAM"
,INT_ZWA_META.PRESTG_META_OM_OBJECTEN_BWT_VW.TABEL_NAAM > INT_ZWA_META.STG_META_OMOBJECTEN_BWT_TB.TABEL_NAAM,,"""UWVM2VLPAPP0021\.P-DC\.BA\.UWV\.NL"".pdim.INT_ZWA_META.PRESTG_META_OM_OBJECTEN_BWT_VW.TABEL_NAAM",,"""UWVM2VLPAPP0021\.P-DC\.BA\.UWV\.NL"".pdim.INT_ZWA_META.STG_META_OMOBJECTEN_BWT_TB.TABEL_NAAM"
,INT_ZWA_META.PRESTG_META_OM_OBJECTEN_BWT_VW.BEWAARTERMIJN > INT_ZWA_META.STG_META_OMOBJECTEN_BWT_TB.BEWAARTERMIJN,,"""UWVM2VLPAPP0021\.P-DC\.BA\.UWV\.NL"".pdim.INT_ZWA_META.PRESTG_META_OM_OBJECTEN_BWT_VW.BEWAARTERMIJN",,"""UWVM2VLPAPP0021\.P-DC\.BA\.UWV\.NL"".pdim.INT_ZWA_META.STG_META_OMOBJECTEN_BWT_TB.BEWAARTERMIJN"
,INT_ZWA_META.PRESTG_META_OM_OBJECTEN_BWT_VW.BEWAARTERMIJN_EENHEID > INT_ZWA_META.STG_META_OMOBJECTEN_BWT_TB.BEWAARTERMIJN_EENHEID,,"""UWVM2VLPAPP0021\.P-DC\.BA\.UWV\.NL"".pdim.INT_ZWA_META.PRESTG_META_OM_OBJECTEN_BWT_VW.BEWAARTERMIJN_EENHEID",,"""UWVM2VLPAPP0021\.P-DC\.BA\.UWV\.NL"".pdim.INT_ZWA_META.STG_META_OMOBJECTEN_BWT_TB.BEWAARTERMIJN_EENHEID"
,INT_ZWA_META.PRESTG_META_OM_OBJECTEN_BWT_VW.BEWAARTERMIJN_INGANGSDATUM > INT_ZWA_META.STG_META_OMOBJECTEN_BWT_TB.BEWAARTERMIJN_INGANGSDATUM,,"""UWVM2VLPAPP0021\.P-DC\.BA\.UWV\.NL"".pdim.INT_ZWA_META.PRESTG_META_OM_OBJECTEN_BWT_VW.BEWAARTERMIJN_INGANGSDATUM",,"""UWVM2VLPAPP0021\.P-DC\.BA\.UWV\.NL"".pdim.INT_ZWA_META.STG_META_OMOBJECTEN_BWT_TB.BEWAARTERMIJN_INGANGSDATUM"
,INT_ZWA_META.PRESTG_META_OM_OBJECTEN_BWT_VW.DIM_EXTRACTIEDATUM_XMETA > INT_ZWA_META.STG_META_OMOBJECTEN_BWT_TB.DIM_EXTRACTIEDATUM_XMETA,,"""UWVM2VLPAPP0021\.P-DC\.BA\.UWV\.NL"".pdim.INT_ZWA_META.PRESTG_META_OM_OBJECTEN_BWT_VW.DIM_EXTRACTIEDATUM_XMETA",,"""UWVM2VLPAPP0021\.P-DC\.BA\.UWV\.NL"".pdim.INT_ZWA_META.STG_META_OMOBJECTEN_BWT_TB.DIM_EXTRACTIEDATUM_XMETA"
,INT_ZWA_META.PRESTG_META_OM_OBJECTEN_BWT_VW.DIM_DUMMY > INT_ZWA_META.STG_META_OMOBJECTEN_BWT_TB.DIM_DUMMY,,"""UWVM2VLPAPP0021\.P-DC\.BA\.UWV\.NL"".pdim.INT_ZWA_META.PRESTG_META_OM_OBJECTEN_BWT_VW.DIM_DUMMY",,"""UWVM2VLPAPP0021\.P-DC\.BA\.UWV\.NL"".pdim.INT_ZWA_META.STG_META_OMOBJECTEN_BWT_TB.DIM_DUMMY"
,INT_ZWA_META.PRESTG_META_OM_OBJECTEN_BWT_VW.OMOBJECT_ID > INT_ZWA_META.STG_META_OMOBJECTEN_BWT_TB.DIM_OMOBJECT_H_HK,hubkey,"""UWVM2VLPAPP0021\.P-DC\.BA\.UWV\.NL"".pdim.INT_ZWA_META.PRESTG_META_OM_OBJECTEN_BWT_VW.OMOBJECT_ID",,"""UWVM2VLPAPP0021\.P-DC\.BA\.UWV\.NL"".pdim.INT_ZWA_META.STG_META_OMOBJECTEN_BWT_TB.DIM_OMOBJECT_H_HK"
,INT_ZWA_META.PRESTG_META_OM_OBJECTEN_BWT_VW.OM_NAAM > INT_ZWA_META.STG_META_OMOBJECTEN_BWT_TB.DIM_HASHDIFF_OMOBJECT,hashdiff,"""UWVM2VLPAPP0021\.P-DC\.BA\.UWV\.NL"".pdim.INT_ZWA_META.PRESTG_META_OM_OBJECTEN_BWT_VW.OM_NAAM",,"""UWVM2VLPAPP0021\.P-DC\.BA\.UWV\.NL"".pdim.INT_ZWA_META.STG_META_OMOBJECTEN_BWT_TB.DIM_HASHDIFF_OMOBJECT"
,INT_ZWA_META.PRESTG_META_OM_OBJECTEN_BWT_VW.BEWAARTERMIJN > INT_ZWA_META.STG_META_OMOBJECTEN_BWT_TB.DIM_HASHDIFF_OMOBJECT,hashdiff,"""UWVM2VLPAPP0021\.P-DC\.BA\.UWV\.NL"".pdim.INT_ZWA_META.PRESTG_META_OM_OBJECTEN_BWT_VW.BEWAARTERMIJN",,"""UWVM2VLPAPP0021\.P-DC\.BA\.UWV\.NL"".pdim.INT_ZWA_META.STG_META_OMOBJECTEN_BWT_TB.DIM_HASHDIFF_OMOBJECT"
,INT_ZWA_META.PRESTG_META_OM_OBJECTEN_BWT_VW.BEWAARTERMIJN_EENHEID > INT_ZWA_META.STG_META_OMOBJECTEN_BWT_TB.DIM_HASHDIFF_OMOBJECT,hashdiff,"""UWVM2VLPAPP0021\.P-DC\.BA\.UWV\.NL"".pdim.INT_ZWA_META.PRESTG_META_OM_OBJECTEN_BWT_VW.BEWAARTERMIJN_EENHEID",,"""UWVM2VLPAPP0021\.P-DC\.BA\.UWV\.NL"".pdim.INT_ZWA_META.STG_META_OMOBJECTEN_BWT_TB.DIM_HASHDIFF_OMOBJECT"
,INT_ZWA_META.PRESTG_META_OM_OBJECTEN_BWT_VW.BEWAARTERMIJN_INGANGSDATUM > INT_ZWA_META.STG_META_OMOBJECTEN_BWT_TB.DIM_HASHDIFF_OMOBJECT,hashdiff,"""UWVM2VLPAPP0021\.P-DC\.BA\.UWV\.NL"".pdim.INT_ZWA_META.PRESTG_META_OM_OBJECTEN_BWT_VW.BEWAARTERMIJN_INGANGSDATUM",,"""UWVM2VLPAPP0021\.P-DC\.BA\.UWV\.NL"".pdim.INT_ZWA_META.STG_META_OMOBJECTEN_BWT_TB.DIM_HASHDIFF_OMOBJECT"
,INT_ZWA_META.PRESTG_META_OM_OBJECTEN_BWT_VW.HOST_NAAM > INT_ZWA_META.STG_META_OMOBJECTEN_BWT_TB.DIM_DBOBJECT_H_HK,hubkey,"""UWVM2VLPAPP0021\.P-DC\.BA\.UWV\.NL"".pdim.INT_ZWA_META.PRESTG_META_OM_OBJECTEN_BWT_VW.HOST_NAAM",,"""UWVM2VLPAPP0021\.P-DC\.BA\.UWV\.NL"".pdim.INT_ZWA_META.STG_META_OMOBJECTEN_BWT_TB.DIM_DBOBJECT_H_HK"
,INT_ZWA_META.PRESTG_META_OM_OBJECTEN_BWT_VW.DATABASE_NAAM > INT_ZWA_META.STG_META_OMOBJECTEN_BWT_TB.DIM_DBOBJECT_H_HK,hubkey,"""UWVM2VLPAPP0021\.P-DC\.BA\.UWV\.NL"".pdim.INT_ZWA_META.PRESTG_META_OM_OBJECTEN_BWT_VW.DATABASE_NAAM",,"""UWVM2VLPAPP0021\.P-DC\.BA\.UWV\.NL"".pdim.INT_ZWA_META.STG_META_OMOBJECTEN_BWT_TB.DIM_DBOBJECT_H_HK"
,INT_ZWA_META.PRESTG_META_OM_OBJECTEN_BWT_VW.SCHEMA_NAAM > INT_ZWA_META.STG_META_OMOBJECTEN_BWT_TB.DIM_DBOBJECT_H_HK,hubkey,"""UWVM2VLPAPP0021\.P-DC\.BA\.UWV\.NL"".pdim.INT_ZWA_META.PRESTG_META_OM_OBJECTEN_BWT_VW.SCHEMA_NAAM",,"""UWVM2VLPAPP0021\.P-DC\.BA\.UWV\.NL"".pdim.INT_ZWA_META.STG_META_OMOBJECTEN_BWT_TB.DIM_DBOBJECT_H_HK"
,INT_ZWA_META.PRESTG_META_OM_OBJECTEN_BWT_VW.TABEL_NAAM > INT_ZWA_META.STG_META_OMOBJECTEN_BWT_TB.DIM_DBOBJECT_H_HK,hubkey,"""UWVM2VLPAPP0021\.P-DC\.BA\.UWV\.NL"".pdim.INT_ZWA_META.PRESTG_META_OM_OBJECTEN_BWT_VW.TABEL_NAAM",,"""UWVM2VLPAPP0021\.P-DC\.BA\.UWV\.NL"".pdim.INT_ZWA_META.STG_META_OMOBJECTEN_BWT_TB.DIM_DBOBJECT_H_HK"
,INT_ZWA_META.PRESTG_META_OM_OBJECTEN_BWT_VW.OMOBJECT_ID > INT_ZWA_META.STG_META_OMOBJECTEN_BWT_TB.DIM_DBOBJECT_OMOBJECT_L_HK,linkkey,"""UWVM2VLPAPP0021\.P-DC\.BA\.UWV\.NL"".pdim.INT_ZWA_META.PRESTG_META_OM_OBJECTEN_BWT_VW.OMOBJECT_ID",,"""UWVM2VLPAPP0021\.P-DC\.BA\.UWV\.NL"".pdim.INT_ZWA_META.STG_META_OMOBJECTEN_BWT_TB.DIM_DBOBJECT_OMOBJECT_L_HK"
,INT_ZWA_META.PRESTG_META_OM_OBJECTEN_BWT_VW.HOST_NAAM > INT_ZWA_META.STG_META_OMOBJECTEN_BWT_TB.DIM_DBOBJECT_OMOBJECT_L_HK,linkkey,"""UWVM2VLPAPP0021\.P-DC\.BA\.UWV\.NL"".pdim.INT_ZWA_META.PRESTG_META_OM_OBJECTEN_BWT_VW.HOST_NAAM",,"""UWVM2VLPAPP0021\.P-DC\.BA\.UWV\.NL"".pdim.INT_ZWA_META.STG_META_OMOBJECTEN_BWT_TB.DIM_DBOBJECT_OMOBJECT_L_HK"
,INT_ZWA_META.PRESTG_META_OM_OBJECTEN_BWT_VW.DATABASE_NAAM > INT_ZWA_META.STG_META_OMOBJECTEN_BWT_TB.DIM_DBOBJECT_OMOBJECT_L_HK,linkkey,"""UWVM2VLPAPP0021\.P-DC\.BA\.UWV\.NL"".pdim.INT_ZWA_META.PRESTG_META_OM_OBJECTEN_BWT_VW.DATABASE_NAAM",,"""UWVM2VLPAPP0021\.P-DC\.BA\.UWV\.NL"".pdim.INT_ZWA_META.STG_META_OMOBJECTEN_BWT_TB.DIM_DBOBJECT_OMOBJECT_L_HK"
,INT_ZWA_META.PRESTG_META_OM_OBJECTEN_BWT_VW.SCHEMA_NAAM > INT_ZWA_META.STG_META_OMOBJECTEN_BWT_TB.DIM_DBOBJECT_OMOBJECT_L_HK,linkkey,"""UWVM2VLPAPP0021\.P-DC\.BA\.UWV\.NL"".pdim.INT_ZWA_META.PRESTG_META_OM_OBJECTEN_BWT_VW.SCHEMA_NAAM",,"""UWVM2VLPAPP0021\.P-DC\.BA\.UWV\.NL"".pdim.INT_ZWA_META.STG_META_OMOBJECTEN_BWT_TB.DIM_DBOBJECT_OMOBJECT_L_HK"
,INT_ZWA_META.PRESTG_META_OM_OBJECTEN_BWT_VW.TABEL_NAAM > INT_ZWA_META.STG_META_OMOBJECTEN_BWT_TB.DIM_DBOBJECT_OMOBJECT_L_HK,linkkey,"""UWVM2VLPAPP0021\.P-DC\.BA\.UWV\.NL"".pdim.INT_ZWA_META.PRESTG_META_OM_OBJECTEN_BWT_VW.TABEL_NAAM",,"""UWVM2VLPAPP0021\.P-DC\.BA\.UWV\.NL"".pdim.INT_ZWA_META.STG_META_OMOBJECTEN_BWT_TB.DIM_DBOBJECT_OMOBJECT_L_HK"
,INT_ZWA_META.PRESTG_META_OM_OBJECTEN_BWT_VW.DIM_DUMMY > INT_ZWA_META.STG_META_OMOBJECTEN_BWT_TB.DIM_HASHDIFF_DBOBJECT_OMOBJECT,hashdiff,"""UWVM2VLPAPP0021\.P-DC\.BA\.UWV\.NL"".pdim.INT_ZWA_META.PRESTG_META_OM_OBJECTEN_BWT_VW.DIM_DUMMY",,"""UWVM2VLPAPP0021\.P-DC\.BA\.UWV\.NL"".pdim.INT_ZWA_META.STG_META_OMOBJECTEN_BWT_TB.DIM_HASHDIFF_DBOBJECT_OMOBJECT"
,INT_ZWA_META.STG_META_DBRELATIES_TB.DIM_FOREIGN_KEY_L_HK > INT_ZWA_META.DV_FOREIGN_KEY_L.DIM_FOREIGN_KEY_L_HK,linkkey,"""UWVM2VLPAPP0021\.P-DC\.BA\.UWV\.NL"".pdim.INT_ZWA_META.STG_META_DBRELATIES_TB.DIM_FOREIGN_KEY_L_HK",,"""UWVM2VLPAPP0021\.P-DC\.BA\.UWV\.NL"".pdim.INT_ZWA_META.DV_FOREIGN_KEY_L.DIM_FOREIGN_KEY_L_HK"
,INT_ZWA_META.STG_META_DBRELATIES_TB.FOREIGN_KEY > INT_ZWA_META.DV_FOREIGN_KEY_L.FOREIGN_KEY_NAAM,,"""UWVM2VLPAPP0021\.P-DC\.BA\.UWV\.NL"".pdim.INT_ZWA_META.STG_META_DBRELATIES_TB.FOREIGN_KEY",,"""UWVM2VLPAPP0021\.P-DC\.BA\.UWV\.NL"".pdim.INT_ZWA_META.DV_FOREIGN_KEY_L.FOREIGN_KEY_NAAM"
,INT_ZWA_META.STG_META_DBRELATIES_TB.DIM_DBATTRIBUUT_H_HK_BRON > INT_ZWA_META.DV_FOREIGN_KEY_L.DIM_DBATTRIBUUT_H_HK_BRON,hubkey,"""UWVM2VLPAPP0021\.P-DC\.BA\.UWV\.NL"".pdim.INT_ZWA_META.STG_META_DBRELATIES_TB.DIM_DBATTRIBUUT_H_HK_BRON",,"""UWVM2VLPAPP0021\.P-DC\.BA\.UWV\.NL"".pdim.INT_ZWA_META.DV_FOREIGN_KEY_L.DIM_DBATTRIBUUT_H_HK_BRON"
,INT_ZWA_META.STG_META_DBRELATIES_TB.DIM_DBATTRIBUUT_H_HK_DOEL > INT_ZWA_META.DV_FOREIGN_KEY_L.DIM_DBATTRIBUUT_H_HK_DOEL,hubkey,"""UWVM2VLPAPP0021\.P-DC\.BA\.UWV\.NL"".pdim.INT_ZWA_META.STG_META_DBRELATIES_TB.DIM_DBATTRIBUUT_H_HK_DOEL",,"""UWVM2VLPAPP0021\.P-DC\.BA\.UWV\.NL"".pdim.INT_ZWA_META.DV_FOREIGN_KEY_L.DIM_DBATTRIBUUT_H_HK_DOEL"
,INT_ZWA_META.STG_META_DBRELATIES_TB.DIM_FOREIGN_KEY_L_HK > INT_ZWA_META.DV_FOREIGN_KEY_S.DIM_FOREIGN_KEY_L_HK,linkkey,"""UWVM2VLPAPP0021\.P-DC\.BA\.UWV\.NL"".pdim.INT_ZWA_META.STG_META_DBRELATIES_TB.DIM_FOREIGN_KEY_L_HK",,"""UWVM2VLPAPP0021\.P-DC\.BA\.UWV\.NL"".pdim.INT_ZWA_META.DV_FOREIGN_KEY_S.DIM_FOREIGN_KEY_L_HK"
,INT_ZWA_META.STG_META_DBRELATIES_TB.PRIMARY_KEY > INT_ZWA_META.DV_FOREIGN_KEY_S.PRIMARY_KEY_NAAM,,"""UWVM2VLPAPP0021\.P-DC\.BA\.UWV\.NL"".pdim.INT_ZWA_META.STG_META_DBRELATIES_TB.PRIMARY_KEY",,"""UWVM2VLPAPP0021\.P-DC\.BA\.UWV\.NL"".pdim.INT_ZWA_META.DV_FOREIGN_KEY_S.PRIMARY_KEY_NAAM"
,INT_ZWA_META.STG_META_DBRELATIES_TB.DIM_HASHDIFF_FOREIGN_KEY > INT_ZWA_META.DV_FOREIGN_KEY_S.DIM_HASHDIFF,dim_hashdiff,"""UWVM2VLPAPP0021\.P-DC\.BA\.UWV\.NL"".pdim.INT_ZWA_META.STG_META_DBRELATIES_TB.DIM_HASHDIFF_FOREIGN_KEY",,"""UWVM2VLPAPP0021\.P-DC\.BA\.UWV\.NL"".pdim.INT_ZWA_META.DV_FOREIGN_KEY_S.DIM_HASHDIFF"
,INT_ZWA_META.STG_META_DBATTRIBUUT_TB.DIM_DBOBJECT_DBATTRIBUUT_L_HK > INT_ZWA_META.DV_DBOBJECT_DBATTRIBUUT_S.DIM_DBOBJECT_DBATTRIBUUT_L_HK,linkkey,"""UWVM2VLPAPP0021\.P-DC\.BA\.UWV\.NL"".pdim.INT_ZWA_META.STG_META_DBATTRIBUUT_TB.DIM_DBOBJECT_DBATTRIBUUT_L_HK",,"""UWVM2VLPAPP0021\.P-DC\.BA\.UWV\.NL"".pdim.INT_ZWA_META.DV_DBOBJECT_DBATTRIBUUT_S.DIM_DBOBJECT_DBATTRIBUUT_L_HK"
,INT_ZWA_META.STG_META_DBATTRIBUUT_TB.DIM_DUMMY > INT_ZWA_META.DV_DBOBJECT_DBATTRIBUUT_S.DIM_DUMMY,,"""UWVM2VLPAPP0021\.P-DC\.BA\.UWV\.NL"".pdim.INT_ZWA_META.STG_META_DBATTRIBUUT_TB.DIM_DUMMY",,"""UWVM2VLPAPP0021\.P-DC\.BA\.UWV\.NL"".pdim.INT_ZWA_META.DV_DBOBJECT_DBATTRIBUUT_S.DIM_DUMMY"
,INT_ZWA_META.STG_META_DBATTRIBUUT_TB.DIM_HASHDIFF_DBOBJECT_DBATTRIBUUT > INT_ZWA_META.DV_DBOBJECT_DBATTRIBUUT_S.DIM_HASHDIFF,dim_hashdiff,"""UWVM2VLPAPP0021\.P-DC\.BA\.UWV\.NL"".pdim.INT_ZWA_META.STG_META_DBATTRIBUUT_TB.DIM_HASHDIFF_DBOBJECT_DBATTRIBUUT",,"""UWVM2VLPAPP0021\.P-DC\.BA\.UWV\.NL"".pdim.INT_ZWA_META.DV_DBOBJECT_DBATTRIBUUT_S.DIM_HASHDIFF"
,INT_ZWA_META.STG_META_DQ_TB.DQ_PROCEDURE > INT_ZWA_META.DV_DQ_REGEL_S.DQ_PROCEDURE,,"""UWVM2VLPAPP0021\.P-DC\.BA\.UWV\.NL"".pdim.INT_ZWA_META.STG_META_DQ_TB.DQ_PROCEDURE",,"""UWVM2VLPAPP0021\.P-DC\.BA\.UWV\.NL"".pdim.INT_ZWA_META.DV_DQ_REGEL_S.DQ_PROCEDURE"
,INT_ZWA_META.STG_META_DQ_TB.DQ_SYNTAX > INT_ZWA_META.DV_DQ_REGEL_S.DQ_SYNTAX,,"""UWVM2VLPAPP0021\.P-DC\.BA\.UWV\.NL"".pdim.INT_ZWA_META.STG_META_DQ_TB.DQ_SYNTAX",,"""UWVM2VLPAPP0021\.P-DC\.BA\.UWV\.NL"".pdim.INT_ZWA_META.DV_DQ_REGEL_S.DQ_SYNTAX"
,INT_ZWA_META.STG_META_DQ_TB.REGEL_BESCHRIJVING > INT_ZWA_META.DV_DQ_REGEL_S.REGEL_BESCHRIJVING,,"""UWVM2VLPAPP0021\.P-DC\.BA\.UWV\.NL"".pdim.INT_ZWA_META.STG_META_DQ_TB.REGEL_BESCHRIJVING",,"""UWVM2VLPAPP0021\.P-DC\.BA\.UWV\.NL"".pdim.INT_ZWA_META.DV_DQ_REGEL_S.REGEL_BESCHRIJVING"
,INT_ZWA_META.STG_META_DQ_TB.DIM_HASHDIFF_DQREGEL > INT_ZWA_META.DV_DQ_REGEL_S.DIM_HASHDIFF,dim_hashdiff,"""UWVM2VLPAPP0021\.P-DC\.BA\.UWV\.NL"".pdim.INT_ZWA_META.STG_META_DQ_TB.DIM_HASHDIFF_DQREGEL",,"""UWVM2VLPAPP0021\.P-DC\.BA\.UWV\.NL"".pdim.INT_ZWA_META.DV_DQ_REGEL_S.DIM_HASHDIFF"
,INT_ZWA_META.STG_META_DQ_TB.DIM_DQREGEL_H_HK > INT_ZWA_META.DV_DQ_REGEL_S.DIM_DQREGEL_H_HK,hubkey,"""UWVM2VLPAPP0021\.P-DC\.BA\.UWV\.NL"".pdim.INT_ZWA_META.STG_META_DQ_TB.DIM_DQREGEL_H_HK",,"""UWVM2VLPAPP0021\.P-DC\.BA\.UWV\.NL"".pdim.INT_ZWA_META.DV_DQ_REGEL_S.DIM_DQREGEL_H_HK"
,INT_ZWA_META.STG_META_DQ_TB.DQ_REGEL > INT_ZWA_META.DV_DQ_REGEL_H.DQ_REGEL,,"""UWVM2VLPAPP0021\.P-DC\.BA\.UWV\.NL"".pdim.INT_ZWA_META.STG_META_DQ_TB.DQ_REGEL",,"""UWVM2VLPAPP0021\.P-DC\.BA\.UWV\.NL"".pdim.INT_ZWA_META.DV_DQ_REGEL_H.DQ_REGEL"
,INT_ZWA_META.STG_META_DQ_TB.DIM_DQREGEL_H_HK > INT_ZWA_META.DV_DQ_REGEL_H.DIM_DQREGEL_H_HK,hubkey,"""UWVM2VLPAPP0021\.P-DC\.BA\.UWV\.NL"".pdim.INT_ZWA_META.STG_META_DQ_TB.DIM_DQREGEL_H_HK",,"""UWVM2VLPAPP0021\.P-DC\.BA\.UWV\.NL"".pdim.INT_ZWA_META.DV_DQ_REGEL_H.DIM_DQREGEL_H_HK"
,INT_ZWA_META.STG_META_DQ_TB.DIM_DQREGEL_H_HK > INT_ZWA_META.DV_DQREGEL_DBATTRIBUUT_L.DIM_DQREGEL_H_HK,hubkey,"""UWVM2VLPAPP0021\.P-DC\.BA\.UWV\.NL"".pdim.INT_ZWA_META.STG_META_DQ_TB.DIM_DQREGEL_H_HK",,"""UWVM2VLPAPP0021\.P-DC\.BA\.UWV\.NL"".pdim.INT_ZWA_META.DV_DQREGEL_DBATTRIBUUT_L.DIM_DQREGEL_H_HK"
,INT_ZWA_META.STG_META_DQ_TB.DQREGEL_DBATTRIBUUT_L_HK > INT_ZWA_META.DV_DQREGEL_DBATTRIBUUT_L.DIM_DQREGEL_DBATTRIBUUT_L_HK,linkkey,"""UWVM2VLPAPP0021\.P-DC\.BA\.UWV\.NL"".pdim.INT_ZWA_META.STG_META_DQ_TB.DQREGEL_DBATTRIBUUT_L_HK",,"""UWVM2VLPAPP0021\.P-DC\.BA\.UWV\.NL"".pdim.INT_ZWA_META.DV_DQREGEL_DBATTRIBUUT_L.DIM_DQREGEL_DBATTRIBUUT_L_HK"
,INT_ZWA_META.STG_META_DQ_TB.DIM_DBATTRIBUUT_H_HK > INT_ZWA_META.DV_DQREGEL_DBATTRIBUUT_L.DIM_DBATTRIBUUT_H_HK,hubkey,"""UWVM2VLPAPP0021\.P-DC\.BA\.UWV\.NL"".pdim.INT_ZWA_META.STG_META_DQ_TB.DIM_DBATTRIBUUT_H_HK",,"""UWVM2VLPAPP0021\.P-DC\.BA\.UWV\.NL"".pdim.INT_ZWA_META.DV_DQREGEL_DBATTRIBUUT_L.DIM_DBATTRIBUUT_H_HK"
,INT_ZWA_META.PRESTG_META_DQ_VW.HOST_NAAM > INT_ZWA_META.STG_META_DQ_TB.HOST_NAAM,,"""UWVM2VLPAPP0021\.P-DC\.BA\.UWV\.NL"".pdim.INT_ZWA_META.PRESTG_META_DQ_VW.HOST_NAAM",,"""UWVM2VLPAPP0021\.P-DC\.BA\.UWV\.NL"".pdim.INT_ZWA_META.STG_META_DQ_TB.HOST_NAAM"
,INT_ZWA_META.PRESTG_META_DQ_VW.DATABASE_NAAM > INT_ZWA_META.STG_META_DQ_TB.DATABASE_NAAM,,"""UWVM2VLPAPP0021\.P-DC\.BA\.UWV\.NL"".pdim.INT_ZWA_META.PRESTG_META_DQ_VW.DATABASE_NAAM",,"""UWVM2VLPAPP0021\.P-DC\.BA\.UWV\.NL"".pdim.INT_ZWA_META.STG_META_DQ_TB.DATABASE_NAAM"
,INT_ZWA_META.PRESTG_META_DQ_VW.SCHEMA_NAAM > INT_ZWA_META.STG_META_DQ_TB.SCHEMA_NAAM,,"""UWVM2VLPAPP0021\.P-DC\.BA\.UWV\.NL"".pdim.INT_ZWA_META.PRESTG_META_DQ_VW.SCHEMA_NAAM",,"""UWVM2VLPAPP0021\.P-DC\.BA\.UWV\.NL"".pdim.INT_ZWA_META.STG_META_DQ_TB.SCHEMA_NAAM"
,INT_ZWA_META.PRESTG_META_DQ_VW.TABEL_NAAM > INT_ZWA_META.STG_META_DQ_TB.TABEL_NAAM,,"""UWVM2VLPAPP0021\.P-DC\.BA\.UWV\.NL"".pdim.INT_ZWA_META.PRESTG_META_DQ_VW.TABEL_NAAM",,"""UWVM2VLPAPP0021\.P-DC\.BA\.UWV\.NL"".pdim.INT_ZWA_META.STG_META_DQ_TB.TABEL_NAAM"
,INT_ZWA_META.PRESTG_META_DQ_VW.KOLOM_NAAM > INT_ZWA_META.STG_META_DQ_TB.KOLOM_NAAM,,"""UWVM2VLPAPP0021\.P-DC\.BA\.UWV\.NL"".pdim.INT_ZWA_META.PRESTG_META_DQ_VW.KOLOM_NAAM",,"""UWVM2VLPAPP0021\.P-DC\.BA\.UWV\.NL"".pdim.INT_ZWA_META.STG_META_DQ_TB.KOLOM_NAAM"
,INT_ZWA_META.PRESTG_META_DQ_VW.DQ_REGEL > INT_ZWA_META.STG_META_DQ_TB.DQ_REGEL,,"""UWVM2VLPAPP0021\.P-DC\.BA\.UWV\.NL"".pdim.INT_ZWA_META.PRESTG_META_DQ_VW.DQ_REGEL",,"""UWVM2VLPAPP0021\.P-DC\.BA\.UWV\.NL"".pdim.INT_ZWA_META.STG_META_DQ_TB.DQ_REGEL"
,INT_ZWA_META.PRESTG_META_DQ_VW.DQ_SYNTAX > INT_ZWA_META.STG_META_DQ_TB.DQ_SYNTAX,,"""UWVM2VLPAPP0021\.P-DC\.BA\.UWV\.NL"".pdim.INT_ZWA_META.PRESTG_META_DQ_VW.DQ_SYNTAX",,"""UWVM2VLPAPP0021\.P-DC\.BA\.UWV\.NL"".pdim.INT_ZWA_META.STG_META_DQ_TB.DQ_SYNTAX"
,INT_ZWA_META.PRESTG_META_DQ_VW.DQ_PROCEDURE > INT_ZWA_META.STG_META_DQ_TB.DQ_PROCEDURE,,"""UWVM2VLPAPP0021\.P-DC\.BA\.UWV\.NL"".pdim.INT_ZWA_META.PRESTG_META_DQ_VW.DQ_PROCEDURE",,"""UWVM2VLPAPP0021\.P-DC\.BA\.UWV\.NL"".pdim.INT_ZWA_META.STG_META_DQ_TB.DQ_PROCEDURE"
,INT_ZWA_META.PRESTG_META_DQ_VW.REGEL_BESCHRIJVING > INT_ZWA_META.STG_META_DQ_TB.REGEL_BESCHRIJVING,,"""UWVM2VLPAPP0021\.P-DC\.BA\.UWV\.NL"".pdim.INT_ZWA_META.PRESTG_META_DQ_VW.REGEL_BESCHRIJVING",,"""UWVM2VLPAPP0021\.P-DC\.BA\.UWV\.NL"".pdim.INT_ZWA_META.STG_META_DQ_TB.REGEL_BESCHRIJVING"
,INT_ZWA_META.PRESTG_META_DQ_VW.DQ_REGEL > INT_ZWA_META.STG_META_DQ_TB.DIM_DQREGEL_H_HK,hubkey,"""UWVM2VLPAPP0021\.P-DC\.BA\.UWV\.NL"".pdim.INT_ZWA_META.PRESTG_META_DQ_VW.DQ_REGEL",,"""UWVM2VLPAPP0021\.P-DC\.BA\.UWV\.NL"".pdim.INT_ZWA_META.STG_META_DQ_TB.DIM_DQREGEL_H_HK"
,INT_ZWA_META.PRESTG_META_DQ_VW.DQ_SYNTAX > INT_ZWA_META.STG_META_DQ_TB.DIM_HASHDIFF_DQREGEL,hashdiff,"""UWVM2VLPAPP0021\.P-DC\.BA\.UWV\.NL"".pdim.INT_ZWA_META.PRESTG_META_DQ_VW.DQ_SYNTAX",,"""UWVM2VLPAPP0021\.P-DC\.BA\.UWV\.NL"".pdim.INT_ZWA_META.STG_META_DQ_TB.DIM_HASHDIFF_DQREGEL"
,INT_ZWA_META.PRESTG_META_DQ_VW.DQ_PROCEDURE > INT_ZWA_META.STG_META_DQ_TB.DIM_HASHDIFF_DQREGEL,hashdiff,"""UWVM2VLPAPP0021\.P-DC\.BA\.UWV\.NL"".pdim.INT_ZWA_META.PRESTG_META_DQ_VW.DQ_PROCEDURE",,"""UWVM2VLPAPP0021\.P-DC\.BA\.UWV\.NL"".pdim.INT_ZWA_META.STG_META_DQ_TB.DIM_HASHDIFF_DQREGEL"
,INT_ZWA_META.PRESTG_META_DQ_VW.REGEL_BESCHRIJVING > INT_ZWA_META.STG_META_DQ_TB.DIM_HASHDIFF_DQREGEL,hashdiff,"""UWVM2VLPAPP0021\.P-DC\.BA\.UWV\.NL"".pdim.INT_ZWA_META.PRESTG_META_DQ_VW.REGEL_BESCHRIJVING",,"""UWVM2VLPAPP0021\.P-DC\.BA\.UWV\.NL"".pdim.INT_ZWA_META.STG_META_DQ_TB.DIM_HASHDIFF_DQREGEL"
,INT_ZWA_META.PRESTG_META_DQ_VW.HOST_NAAM > INT_ZWA_META.STG_META_DQ_TB.DQREGEL_DBATTRIBUUT_L_HK,linkkey,"""UWVM2VLPAPP0021\.P-DC\.BA\.UWV\.NL"".pdim.INT_ZWA_META.PRESTG_META_DQ_VW.HOST_NAAM",,"""UWVM2VLPAPP0021\.P-DC\.BA\.UWV\.NL"".pdim.INT_ZWA_META.STG_META_DQ_TB.DQREGEL_DBATTRIBUUT_L_HK"
,INT_ZWA_META.PRESTG_META_DQ_VW.DATABASE_NAAM > INT_ZWA_META.STG_META_DQ_TB.DQREGEL_DBATTRIBUUT_L_HK,linkkey,"""UWVM2VLPAPP0021\.P-DC\.BA\.UWV\.NL"".pdim.INT_ZWA_META.PRESTG_META_DQ_VW.DATABASE_NAAM",,"""UWVM2VLPAPP0021\.P-DC\.BA\.UWV\.NL"".pdim.INT_ZWA_META.STG_META_DQ_TB.DQREGEL_DBATTRIBUUT_L_HK"
,INT_ZWA_META.PRESTG_META_DQ_VW.SCHEMA_NAAM > INT_ZWA_META.STG_META_DQ_TB.DQREGEL_DBATTRIBUUT_L_HK,linkkey,"""UWVM2VLPAPP0021\.P-DC\.BA\.UWV\.NL"".pdim.INT_ZWA_META.PRESTG_META_DQ_VW.SCHEMA_NAAM",,"""UWVM2VLPAPP0021\.P-DC\.BA\.UWV\.NL"".pdim.INT_ZWA_META.STG_META_DQ_TB.DQREGEL_DBATTRIBUUT_L_HK"
,INT_ZWA_META.PRESTG_META_DQ_VW.TABEL_NAAM > INT_ZWA_META.STG_META_DQ_TB.DQREGEL_DBATTRIBUUT_L_HK,linkkey,"""UWVM2VLPAPP0021\.P-DC\.BA\.UWV\.NL"".pdim.INT_ZWA_META.PRESTG_META_DQ_VW.TABEL_NAAM",,"""UWVM2VLPAPP0021\.P-DC\.BA\.UWV\.NL"".pdim.INT_ZWA_META.STG_META_DQ_TB.DQREGEL_DBATTRIBUUT_L_HK"
,INT_ZWA_META.PRESTG_META_DQ_VW.KOLOM_NAAM > INT_ZWA_META.STG_META_DQ_TB.DQREGEL_DBATTRIBUUT_L_HK,linkkey,"""UWVM2VLPAPP0021\.P-DC\.BA\.UWV\.NL"".pdim.INT_ZWA_META.PRESTG_META_DQ_VW.KOLOM_NAAM",,"""UWVM2VLPAPP0021\.P-DC\.BA\.UWV\.NL"".pdim.INT_ZWA_META.STG_META_DQ_TB.DQREGEL_DBATTRIBUUT_L_HK"
,INT_ZWA_META.PRESTG_META_DQ_VW.DQ_REGEL > INT_ZWA_META.STG_META_DQ_TB.DQREGEL_DBATTRIBUUT_L_HK,linkkey,"""UWVM2VLPAPP0021\.P-DC\.BA\.UWV\.NL"".pdim.INT_ZWA_META.PRESTG_META_DQ_VW.DQ_REGEL",,"""UWVM2VLPAPP0021\.P-DC\.BA\.UWV\.NL"".pdim.INT_ZWA_META.STG_META_DQ_TB.DQREGEL_DBATTRIBUUT_L_HK"
,INT_ZWA_META.PRESTG_META_DQ_VW.HOST_NAAM > INT_ZWA_META.STG_META_DQ_TB.DIM_DBATTRIBUUT_H_HK,hubkey,"""UWVM2VLPAPP0021\.P-DC\.BA\.UWV\.NL"".pdim.INT_ZWA_META.PRESTG_META_DQ_VW.HOST_NAAM",,"""UWVM2VLPAPP0021\.P-DC\.BA\.UWV\.NL"".pdim.INT_ZWA_META.STG_META_DQ_TB.DIM_DBATTRIBUUT_H_HK"
,INT_ZWA_META.PRESTG_META_DQ_VW.DATABASE_NAAM > INT_ZWA_META.STG_META_DQ_TB.DIM_DBATTRIBUUT_H_HK,hubkey,"""UWVM2VLPAPP0021\.P-DC\.BA\.UWV\.NL"".pdim.INT_ZWA_META.PRESTG_META_DQ_VW.DATABASE_NAAM",,"""UWVM2VLPAPP0021\.P-DC\.BA\.UWV\.NL"".pdim.INT_ZWA_META.STG_META_DQ_TB.DIM_DBATTRIBUUT_H_HK"
,INT_ZWA_META.PRESTG_META_DQ_VW.SCHEMA_NAAM > INT_ZWA_META.STG_META_DQ_TB.DIM_DBATTRIBUUT_H_HK,hubkey,"""UWVM2VLPAPP0021\.P-DC\.BA\.UWV\.NL"".pdim.INT_ZWA_META.PRESTG_META_DQ_VW.SCHEMA_NAAM",,"""UWVM2VLPAPP0021\.P-DC\.BA\.UWV\.NL"".pdim.INT_ZWA_META.STG_META_DQ_TB.DIM_DBATTRIBUUT_H_HK"
,INT_ZWA_META.PRESTG_META_DQ_VW.TABEL_NAAM > INT_ZWA_META.STG_META_DQ_TB.DIM_DBATTRIBUUT_H_HK,hubkey,"""UWVM2VLPAPP0021\.P-DC\.BA\.UWV\.NL"".pdim.INT_ZWA_META.PRESTG_META_DQ_VW.TABEL_NAAM",,"""UWVM2VLPAPP0021\.P-DC\.BA\.UWV\.NL"".pdim.INT_ZWA_META.STG_META_DQ_TB.DIM_DBATTRIBUUT_H_HK"
,INT_ZWA_META.PRESTG_META_DQ_VW.KOLOM_NAAM > INT_ZWA_META.STG_META_DQ_TB.DIM_DBATTRIBUUT_H_HK,hubkey,"""UWVM2VLPAPP0021\.P-DC\.BA\.UWV\.NL"".pdim.INT_ZWA_META.PRESTG_META_DQ_VW.KOLOM_NAAM",,"""UWVM2VLPAPP0021\.P-DC\.BA\.UWV\.NL"".pdim.INT_ZWA_META.STG_META_DQ_TB.DIM_DBATTRIBUUT_H_HK"
,INT_ZWA_META.PRESTG_META_DQ_VW.DIM_DUMMY > INT_ZWA_META.STG_META_DQ_TB.DIM_DUMMY,,"""UWVM2VLPAPP0021\.P-DC\.BA\.UWV\.NL"".pdim.INT_ZWA_META.PRESTG_META_DQ_VW.DIM_DUMMY",,"""UWVM2VLPAPP0021\.P-DC\.BA\.UWV\.NL"".pdim.INT_ZWA_META.STG_META_DQ_TB.DIM_DUMMY"
,INT_ZWA_META.PRESTG_META_DQ_VW.DIM_DUMMY > INT_ZWA_META.STG_META_DQ_TB.DIM_HASHDIFF_DQREGEL_DBATTRIBUUT,hashdiff,"""UWVM2VLPAPP0021\.P-DC\.BA\.UWV\.NL"".pdim.INT_ZWA_META.PRESTG_META_DQ_VW.DIM_DUMMY",,"""UWVM2VLPAPP0021\.P-DC\.BA\.UWV\.NL"".pdim.INT_ZWA_META.STG_META_DQ_TB.DIM_HASHDIFF_DQREGEL_DBATTRIBUUT"
,INT_ZWA_META.PRESTG_DQBEVINDINGEN_TB.DIM_DQREGEL_H_HK > INT_ZWA_META.STG_DQBEVINDINGEN_TB.DIM_DQREGEL_H_HK,hubkey,"""UWVM2VLPAPP0021\.P-DC\.BA\.UWV\.NL"".pdim.INT_ZWA_META.PRESTG_DQBEVINDINGEN_TB.DIM_DQREGEL_H_HK",,"""UWVM2VLPAPP0021\.P-DC\.BA\.UWV\.NL"".pdim.INT_ZWA_META.STG_DQBEVINDINGEN_TB.DIM_DQREGEL_H_HK"
,INT_ZWA_META.PRESTG_DQBEVINDINGEN_TB.DIM_DBATTRIBUUT_H_HK > INT_ZWA_META.STG_DQBEVINDINGEN_TB.DIM_DBATTRIBUUT_H_HK,hubkey,"""UWVM2VLPAPP0021\.P-DC\.BA\.UWV\.NL"".pdim.INT_ZWA_META.PRESTG_DQBEVINDINGEN_TB.DIM_DBATTRIBUUT_H_HK",,"""UWVM2VLPAPP0021\.P-DC\.BA\.UWV\.NL"".pdim.INT_ZWA_META.STG_DQBEVINDINGEN_TB.DIM_DBATTRIBUUT_H_HK"
,INT_ZWA_META.PRESTG_DQBEVINDINGEN_TB.DATUM_BEVINDING > INT_ZWA_META.STG_DQBEVINDINGEN_TB.DATUM_BEVINDING,,"""UWVM2VLPAPP0021\.P-DC\.BA\.UWV\.NL"".pdim.INT_ZWA_META.PRESTG_DQBEVINDINGEN_TB.DATUM_BEVINDING",,"""UWVM2VLPAPP0021\.P-DC\.BA\.UWV\.NL"".pdim.INT_ZWA_META.STG_DQBEVINDINGEN_TB.DATUM_BEVINDING"
,INT_ZWA_META.PRESTG_DQBEVINDINGEN_TB.FOUTIEVE_WAARDE > INT_ZWA_META.STG_DQBEVINDINGEN_TB.FOUTIEVE_WAARDE,,"""UWVM2VLPAPP0021\.P-DC\.BA\.UWV\.NL"".pdim.INT_ZWA_META.PRESTG_DQBEVINDINGEN_TB.FOUTIEVE_WAARDE",,"""UWVM2VLPAPP0021\.P-DC\.BA\.UWV\.NL"".pdim.INT_ZWA_META.STG_DQBEVINDINGEN_TB.FOUTIEVE_WAARDE"
,INT_ZWA_META.PRESTG_DQBEVINDINGEN_TB.OBJECT_BK > INT_ZWA_META.STG_DQBEVINDINGEN_TB.OBJECT_BK,,"""UWVM2VLPAPP0021\.P-DC\.BA\.UWV\.NL"".pdim.INT_ZWA_META.PRESTG_DQBEVINDINGEN_TB.OBJECT_BK",,"""UWVM2VLPAPP0021\.P-DC\.BA\.UWV\.NL"".pdim.INT_ZWA_META.STG_DQBEVINDINGEN_TB.OBJECT_BK"
,INT_ZWA_META.PRESTG_DQBEVINDINGEN_TB.DIM_DQREGEL_H_HK > INT_ZWA_META.STG_DQBEVINDINGEN_TB.DIM_DQBEVINDINGEN_L_HK,linkkey,"""UWVM2VLPAPP0021\.P-DC\.BA\.UWV\.NL"".pdim.INT_ZWA_META.PRESTG_DQBEVINDINGEN_TB.DIM_DQREGEL_H_HK",,"""UWVM2VLPAPP0021\.P-DC\.BA\.UWV\.NL"".pdim.INT_ZWA_META.STG_DQBEVINDINGEN_TB.DIM_DQBEVINDINGEN_L_HK"
,INT_ZWA_META.PRESTG_DQBEVINDINGEN_TB.DIM_DBATTRIBUUT_H_HK > INT_ZWA_META.STG_DQBEVINDINGEN_TB.DIM_DQBEVINDINGEN_L_HK,linkkey,"""UWVM2VLPAPP0021\.P-DC\.BA\.UWV\.NL"".pdim.INT_ZWA_META.PRESTG_DQBEVINDINGEN_TB.DIM_DBATTRIBUUT_H_HK",,"""UWVM2VLPAPP0021\.P-DC\.BA\.UWV\.NL"".pdim.INT_ZWA_META.STG_DQBEVINDINGEN_TB.DIM_DQBEVINDINGEN_L_HK"
,INT_ZWA_META.PRESTG_DQBEVINDINGEN_TB.DATUM_BEVINDING > INT_ZWA_META.STG_DQBEVINDINGEN_TB.DIM_DQBEVINDINGEN_L_HK,linkkey,"""UWVM2VLPAPP0021\.P-DC\.BA\.UWV\.NL"".pdim.INT_ZWA_META.PRESTG_DQBEVINDINGEN_TB.DATUM_BEVINDING",,"""UWVM2VLPAPP0021\.P-DC\.BA\.UWV\.NL"".pdim.INT_ZWA_META.STG_DQBEVINDINGEN_TB.DIM_DQBEVINDINGEN_L_HK"
,INT_ZWA_META.PRESTG_DQBEVINDINGEN_TB.OBJECT_BK > INT_ZWA_META.STG_DQBEVINDINGEN_TB.DIM_DQBEVINDINGEN_L_HK,linkkey,"""UWVM2VLPAPP0021\.P-DC\.BA\.UWV\.NL"".pdim.INT_ZWA_META.PRESTG_DQBEVINDINGEN_TB.OBJECT_BK",,"""UWVM2VLPAPP0021\.P-DC\.BA\.UWV\.NL"".pdim.INT_ZWA_META.STG_DQBEVINDINGEN_TB.DIM_DQBEVINDINGEN_L_HK"
,INT_ZWA_META.PRESTG_DQBEVINDINGEN_TB.FOUTIEVE_WAARDE > INT_ZWA_META.STG_DQBEVINDINGEN_TB.DIM_HASHDIFF_DQBEVINDINGEN,hashdiff,"""UWVM2VLPAPP0021\.P-DC\.BA\.UWV\.NL"".pdim.INT_ZWA_META.PRESTG_DQBEVINDINGEN_TB.FOUTIEVE_WAARDE",,"""UWVM2VLPAPP0021\.P-DC\.BA\.UWV\.NL"".pdim.INT_ZWA_META.STG_DQBEVINDINGEN_TB.DIM_HASHDIFF_DQBEVINDINGEN"
,INT_ZWA_META.STG_DQBEVINDINGEN_TB.DIM_DQBEVINDINGEN_L_HK > INT_ZWA_META.DQBEVINDINGEN_L.DIM_DQBEVINDINGEN_L_HK,linkkey,"""UWVM2VLPAPP0021\.P-DC\.BA\.UWV\.NL"".pdim.INT_ZWA_META.STG_DQBEVINDINGEN_TB.DIM_DQBEVINDINGEN_L_HK",,"""UWVM2VLPAPP0021\.P-DC\.BA\.UWV\.NL"".pdim.INT_ZWA_META.DQBEVINDINGEN_L.DIM_DQBEVINDINGEN_L_HK"
,INT_ZWA_META.STG_DQBEVINDINGEN_TB.DIM_DQREGEL_H_HK > INT_ZWA_META.DQBEVINDINGEN_L.DIM_DQREGEL_H_HK,hubkey,"""UWVM2VLPAPP0021\.P-DC\.BA\.UWV\.NL"".pdim.INT_ZWA_META.STG_DQBEVINDINGEN_TB.DIM_DQREGEL_H_HK",,"""UWVM2VLPAPP0021\.P-DC\.BA\.UWV\.NL"".pdim.INT_ZWA_META.DQBEVINDINGEN_L.DIM_DQREGEL_H_HK"
,INT_ZWA_META.STG_DQBEVINDINGEN_TB.DIM_DBATTRIBUUT_H_HK > INT_ZWA_META.DQBEVINDINGEN_L.DIM_DBATTRIBUUT_H_HK,hubkey,"""UWVM2VLPAPP0021\.P-DC\.BA\.UWV\.NL"".pdim.INT_ZWA_META.STG_DQBEVINDINGEN_TB.DIM_DBATTRIBUUT_H_HK",,"""UWVM2VLPAPP0021\.P-DC\.BA\.UWV\.NL"".pdim.INT_ZWA_META.DQBEVINDINGEN_L.DIM_DBATTRIBUUT_H_HK"
,INT_ZWA_META.STG_DQBEVINDINGEN_TB.DATUM_BEVINDING > INT_ZWA_META.DQBEVINDINGEN_L.DATUM_BEVINDING,,"""UWVM2VLPAPP0021\.P-DC\.BA\.UWV\.NL"".pdim.INT_ZWA_META.STG_DQBEVINDINGEN_TB.DATUM_BEVINDING",,"""UWVM2VLPAPP0021\.P-DC\.BA\.UWV\.NL"".pdim.INT_ZWA_META.DQBEVINDINGEN_L.DATUM_BEVINDING"
,INT_ZWA_META.STG_DQBEVINDINGEN_TB.OBJECT_BK > INT_ZWA_META.DQBEVINDINGEN_L.OBJECT_BK,,"""UWVM2VLPAPP0021\.P-DC\.BA\.UWV\.NL"".pdim.INT_ZWA_META.STG_DQBEVINDINGEN_TB.OBJECT_BK",,"""UWVM2VLPAPP0021\.P-DC\.BA\.UWV\.NL"".pdim.INT_ZWA_META.DQBEVINDINGEN_L.OBJECT_BK"
,INT_ZWA_META.STG_DQBEVINDINGEN_TB.DIM_DQBEVINDINGEN_L_HK > INT_ZWA_META.DQBEVINDINGEN_S.DIM_DQBEVINDINGEN_L_HK,linkkey,"""UWVM2VLPAPP0021\.P-DC\.BA\.UWV\.NL"".pdim.INT_ZWA_META.STG_DQBEVINDINGEN_TB.DIM_DQBEVINDINGEN_L_HK",,"""UWVM2VLPAPP0021\.P-DC\.BA\.UWV\.NL"".pdim.INT_ZWA_META.DQBEVINDINGEN_S.DIM_DQBEVINDINGEN_L_HK"
,INT_ZWA_META.STG_DQBEVINDINGEN_TB.DIM_HASHDIFF_DQBEVINDINGEN > INT_ZWA_META.DQBEVINDINGEN_S.DIM_HASHDIFF,dim_hashdiff,"""UWVM2VLPAPP0021\.P-DC\.BA\.UWV\.NL"".pdim.INT_ZWA_META.STG_DQBEVINDINGEN_TB.DIM_HASHDIFF_DQBEVINDINGEN",,"""UWVM2VLPAPP0021\.P-DC\.BA\.UWV\.NL"".pdim.INT_ZWA_META.DQBEVINDINGEN_S.DIM_HASHDIFF"
,INT_ZWA_META.STG_DQBEVINDINGEN_TB.FOUTIEVE_WAARDE > INT_ZWA_META.DQBEVINDINGEN_S.FOUTIEVE_WAARDE,,"""UWVM2VLPAPP0021\.P-DC\.BA\.UWV\.NL"".pdim.INT_ZWA_META.STG_DQBEVINDINGEN_TB.FOUTIEVE_WAARDE",,"""UWVM2VLPAPP0021\.P-DC\.BA\.UWV\.NL"".pdim.INT_ZWA_META.DQBEVINDINGEN_S.FOUTIEVE_WAARDE"
,INT_ZWA_META.STG_META_DQ_TB.DIM_HASHDIFF_DQREGEL_DBATTRIBUUT > INT_ZWA_META.DV_DQREGEL_DBATTRIBUUT_S.DIM_HASHDIFF,dim_hashdiff,"""UWVM2VLPAPP0021\.P-DC\.BA\.UWV\.NL"".pdim.INT_ZWA_META.STG_META_DQ_TB.DIM_HASHDIFF_DQREGEL_DBATTRIBUUT",,"""UWVM2VLPAPP0021\.P-DC\.BA\.UWV\.NL"".pdim.INT_ZWA_META.DV_DQREGEL_DBATTRIBUUT_S.DIM_HASHDIFF"
,INT_ZWA_META.STG_META_DQ_TB.DIM_DUMMY > INT_ZWA_META.DV_DQREGEL_DBATTRIBUUT_S.DIM_DUMMY,,"""UWVM2VLPAPP0021\.P-DC\.BA\.UWV\.NL"".pdim.INT_ZWA_META.STG_META_DQ_TB.DIM_DUMMY",,"""UWVM2VLPAPP0021\.P-DC\.BA\.UWV\.NL"".pdim.INT_ZWA_META.DV_DQREGEL_DBATTRIBUUT_S.DIM_DUMMY"
,INT_ZWA_META.STG_META_DQ_TB.DQREGEL_DBATTRIBUUT_L_HK > INT_ZWA_META.DV_DQREGEL_DBATTRIBUUT_S.DIM_DQREGEL_DBATTRIBUUT_L_HK,linkkey,"""UWVM2VLPAPP0021\.P-DC\.BA\.UWV\.NL"".pdim.INT_ZWA_META.STG_META_DQ_TB.DQREGEL_DBATTRIBUUT_L_HK",,"""UWVM2VLPAPP0021\.P-DC\.BA\.UWV\.NL"".pdim.INT_ZWA_META.DV_DQREGEL_DBATTRIBUUT_S.DIM_DQREGEL_DBATTRIBUUT_L_HK"
