Function,Name,Rule,Source Columns,Specification Description,Target Columns
,INT_ZWA_PM.STG_DV_ZAAK.BSN > INT_ZWA_PM.DV_ZAAK_H.BSN,,"""UWVM2VLPAPP0021\.P-DC\.BA\.UWV\.NL"".pdim.INT_ZWA_PM.STG_DV_ZAAK.BSN",,"""UWVM2VLPAPP0021\.P-DC\.BA\.UWV\.NL"".pdim.INT_ZWA_PM.DV_ZAAK_H.BSN"
,INT_ZWA_PM.STG_DV_ZAAK.AANSLUITINGSNR > INT_ZWA_PM.DV_ZAAK_H.AANSLUITINGSNR,,"""UWVM2VLPAPP0021\.P-DC\.BA\.UWV\.NL"".pdim.INT_ZWA_PM.STG_DV_ZAAK.AANSLUITINGSNR",,"""UWVM2VLPAPP0021\.P-DC\.BA\.UWV\.NL"".pdim.INT_ZWA_PM.DV_ZAAK_H.AANSLUITINGSNR"
,INT_ZWA_PM.STG_DV_ZAAK.CONTRACTCODE > INT_ZWA_PM.DV_ZAAK_H.CONTRACTCODE,,"""UWVM2VLPAPP0021\.P-DC\.BA\.UWV\.NL"".pdim.INT_ZWA_PM.STG_DV_ZAAK.CONTRACTCODE",,"""UWVM2VLPAPP0021\.P-DC\.BA\.UWV\.NL"".pdim.INT_ZWA_PM.DV_ZAAK_H.CONTRACTCODE"
,INT_ZWA_PM.STG_DV_ZAAK.BUITENLANDSE_INSTELLINGSNR > INT_ZWA_PM.DV_ZAAK_H.BUITENLANDSE_INSTELLINGSNR,,"""UWVM2VLPAPP0021\.P-DC\.BA\.UWV\.NL"".pdim.INT_ZWA_PM.STG_DV_ZAAK.BUITENLANDSE_INSTELLINGSNR",,"""UWVM2VLPAPP0021\.P-DC\.BA\.UWV\.NL"".pdim.INT_ZWA_PM.DV_ZAAK_H.BUITENLANDSE_INSTELLINGSNR"
,INT_ZWA_PM.STG_DV_ZAAK.DATUM_BOEKING_DIENSTVERBAND > INT_ZWA_PM.DV_ZAAK_H.DATUM_BOEKING_DIENSTVERBAND,,"""UWVM2VLPAPP0021\.P-DC\.BA\.UWV\.NL"".pdim.INT_ZWA_PM.STG_DV_ZAAK.DATUM_BOEKING_DIENSTVERBAND",,"""UWVM2VLPAPP0021\.P-DC\.BA\.UWV\.NL"".pdim.INT_ZWA_PM.DV_ZAAK_H.DATUM_BOEKING_DIENSTVERBAND"
,INT_ZWA_PM.STG_DV_ZAAK.BEGINDATUM_AO > INT_ZWA_PM.DV_ZAAK_H.BEGINDATUM_AO,,"""UWVM2VLPAPP0021\.P-DC\.BA\.UWV\.NL"".pdim.INT_ZWA_PM.STG_DV_ZAAK.BEGINDATUM_AO",,"""UWVM2VLPAPP0021\.P-DC\.BA\.UWV\.NL"".pdim.INT_ZWA_PM.DV_ZAAK_H.BEGINDATUM_AO"
,INT_ZWA_PM.STG_DV_ZAAK.DIM_ZAAK_H_HK > INT_ZWA_PM.DV_ZAAK_H.DIM_ZAAK_H_HK,hubkey,"""UWVM2VLPAPP0021\.P-DC\.BA\.UWV\.NL"".pdim.INT_ZWA_PM.STG_DV_ZAAK.DIM_ZAAK_H_HK",,"""UWVM2VLPAPP0021\.P-DC\.BA\.UWV\.NL"".pdim.INT_ZWA_PM.DV_ZAAK_H.DIM_ZAAK_H_HK"
,INT_ZWA_PM.STG_DV_ZAAK.UZS_AANVRAAGID > INT_ZWA_PM.DV_ZAAK_S.UZS_AANVRAAGID,,"""UWVM2VLPAPP0021\.P-DC\.BA\.UWV\.NL"".pdim.INT_ZWA_PM.STG_DV_ZAAK.UZS_AANVRAAGID",,"""UWVM2VLPAPP0021\.P-DC\.BA\.UWV\.NL"".pdim.INT_ZWA_PM.DV_ZAAK_S.UZS_AANVRAAGID"
,INT_ZWA_PM.STG_DV_ZAAK.UZS_GEVALSVOLGNR > INT_ZWA_PM.DV_ZAAK_S.UZS_GEVALSVOLGNR,,"""UWVM2VLPAPP0021\.P-DC\.BA\.UWV\.NL"".pdim.INT_ZWA_PM.STG_DV_ZAAK.UZS_GEVALSVOLGNR",,"""UWVM2VLPAPP0021\.P-DC\.BA\.UWV\.NL"".pdim.INT_ZWA_PM.DV_ZAAK_S.UZS_GEVALSVOLGNR"
,INT_ZWA_PM.STG_DV_ZAAK.DATUM_ONTVANGST_AO_MELDING > INT_ZWA_PM.DV_ZAAK_S.DATUM_ONTVANGST_AO_MELDING,,"""UWVM2VLPAPP0021\.P-DC\.BA\.UWV\.NL"".pdim.INT_ZWA_PM.STG_DV_ZAAK.DATUM_ONTVANGST_AO_MELDING",,"""UWVM2VLPAPP0021\.P-DC\.BA\.UWV\.NL"".pdim.INT_ZWA_PM.DV_ZAAK_S.DATUM_ONTVANGST_AO_MELDING"
,INT_ZWA_PM.STG_DV_ZAAK.DATUM_BOEKING_AO > INT_ZWA_PM.DV_ZAAK_S.DATUM_BOEKING_AO,,"""UWVM2VLPAPP0021\.P-DC\.BA\.UWV\.NL"".pdim.INT_ZWA_PM.STG_DV_ZAAK.DATUM_BOEKING_AO",,"""UWVM2VLPAPP0021\.P-DC\.BA\.UWV\.NL"".pdim.INT_ZWA_PM.DV_ZAAK_S.DATUM_BOEKING_AO"
,INT_ZWA_PM.STG_DV_ZAAK.EINDDATUM_AO > INT_ZWA_PM.DV_ZAAK_S.EINDDATUM_AO,,"""UWVM2VLPAPP0021\.P-DC\.BA\.UWV\.NL"".pdim.INT_ZWA_PM.STG_DV_ZAAK.EINDDATUM_AO",,"""UWVM2VLPAPP0021\.P-DC\.BA\.UWV\.NL"".pdim.INT_ZWA_PM.DV_ZAAK_S.EINDDATUM_AO"
,INT_ZWA_PM.STG_DV_ZAAK.DATUM_ZIEKMELD_DOOR_VERZEKERDE > INT_ZWA_PM.DV_ZAAK_S.DATUM_ZIEKMELD_DOOR_VERZEKERDE,,"""UWVM2VLPAPP0021\.P-DC\.BA\.UWV\.NL"".pdim.INT_ZWA_PM.STG_DV_ZAAK.DATUM_ZIEKMELD_DOOR_VERZEKERDE",,"""UWVM2VLPAPP0021\.P-DC\.BA\.UWV\.NL"".pdim.INT_ZWA_PM.DV_ZAAK_S.DATUM_ZIEKMELD_DOOR_VERZEKERDE"
,INT_ZWA_PM.STG_DV_ZAAK.DATUM_ONTVANGST_HERSTELDMELDING > INT_ZWA_PM.DV_ZAAK_S.DATUM_ONTVANGST_HERSTELDMELDING,,"""UWVM2VLPAPP0021\.P-DC\.BA\.UWV\.NL"".pdim.INT_ZWA_PM.STG_DV_ZAAK.DATUM_ONTVANGST_HERSTELDMELDING",,"""UWVM2VLPAPP0021\.P-DC\.BA\.UWV\.NL"".pdim.INT_ZWA_PM.DV_ZAAK_S.DATUM_ONTVANGST_HERSTELDMELDING"
,INT_ZWA_PM.STG_DV_ZAAK.DATUM_BOEKING_HERSTELDMELDING > INT_ZWA_PM.DV_ZAAK_S.DATUM_BOEKING_HERSTELDMELDING,,"""UWVM2VLPAPP0021\.P-DC\.BA\.UWV\.NL"".pdim.INT_ZWA_PM.STG_DV_ZAAK.DATUM_BOEKING_HERSTELDMELDING",,"""UWVM2VLPAPP0021\.P-DC\.BA\.UWV\.NL"".pdim.INT_ZWA_PM.DV_ZAAK_S.DATUM_BOEKING_HERSTELDMELDING"
,INT_ZWA_PM.STG_DV_ZAAK.DIM_ZAAK_H_HK > INT_ZWA_PM.DV_ZAAK_S.DIM_ZAAK_H_HK,hubkey,"""UWVM2VLPAPP0021\.P-DC\.BA\.UWV\.NL"".pdim.INT_ZWA_PM.STG_DV_ZAAK.DIM_ZAAK_H_HK",,"""UWVM2VLPAPP0021\.P-DC\.BA\.UWV\.NL"".pdim.INT_ZWA_PM.DV_ZAAK_S.DIM_ZAAK_H_HK"
,INT_ZWA_PM.STG_DV_ZAAK.DIM_HASHDIFF_ZAAK > INT_ZWA_PM.DV_ZAAK_S.DIM_HASHDIFF,dim_hashdiff,"""UWVM2VLPAPP0021\.P-DC\.BA\.UWV\.NL"".pdim.INT_ZWA_PM.STG_DV_ZAAK.DIM_HASHDIFF_ZAAK",,"""UWVM2VLPAPP0021\.P-DC\.BA\.UWV\.NL"".pdim.INT_ZWA_PM.DV_ZAAK_S.DIM_HASHDIFF"
,INT_ZWA_PM.STG_DV_ZAAK.CODE_UITSTROOMOORZAAK > INT_ZWA_PM.DV_ZAAK_S.CODE_UITSTROOMOORZAAK,,"""UWVM2VLPAPP0021\.P-DC\.BA\.UWV\.NL"".pdim.INT_ZWA_PM.STG_DV_ZAAK.CODE_UITSTROOMOORZAAK",,"""UWVM2VLPAPP0021\.P-DC\.BA\.UWV\.NL"".pdim.INT_ZWA_PM.DV_ZAAK_S.CODE_UITSTROOMOORZAAK"
,INT_ZWA_PM.STG_DV_ZAAK.UITSTROOMOORZAAK > INT_ZWA_PM.DV_ZAAK_S.UITSTROOMOORZAAK,,"""UWVM2VLPAPP0021\.P-DC\.BA\.UWV\.NL"".pdim.INT_ZWA_PM.STG_DV_ZAAK.UITSTROOMOORZAAK",,"""UWVM2VLPAPP0021\.P-DC\.BA\.UWV\.NL"".pdim.INT_ZWA_PM.DV_ZAAK_S.UITSTROOMOORZAAK"
,INT_ZWA_PM.STG_DV_ZAAK.IND_SLAPEND > INT_ZWA_PM.DV_ZAAK_S.IND_SLAPEND,,"""UWVM2VLPAPP0021\.P-DC\.BA\.UWV\.NL"".pdim.INT_ZWA_PM.STG_DV_ZAAK.IND_SLAPEND",,"""UWVM2VLPAPP0021\.P-DC\.BA\.UWV\.NL"".pdim.INT_ZWA_PM.DV_ZAAK_S.IND_SLAPEND"
,INT_ZWA_PM.STG_DV_ZAAK.IND_EIGENRISICODRAGER > INT_ZWA_PM.DV_ZAAK_S.IND_EIGENRISICODRAGER,,"""UWVM2VLPAPP0021\.P-DC\.BA\.UWV\.NL"".pdim.INT_ZWA_PM.STG_DV_ZAAK.IND_EIGENRISICODRAGER",,"""UWVM2VLPAPP0021\.P-DC\.BA\.UWV\.NL"".pdim.INT_ZWA_PM.DV_ZAAK_S.IND_EIGENRISICODRAGER"
,INT_ZWA_PM.STG_DV_ZAAK.EERSTE_CONTACTMOMENT > INT_ZWA_PM.DV_ZAAK_S.EERSTE_CONTACTMOMENT,,"""UWVM2VLPAPP0021\.P-DC\.BA\.UWV\.NL"".pdim.INT_ZWA_PM.STG_DV_ZAAK.EERSTE_CONTACTMOMENT",,"""UWVM2VLPAPP0021\.P-DC\.BA\.UWV\.NL"".pdim.INT_ZWA_PM.DV_ZAAK_S.EERSTE_CONTACTMOMENT"
,INT_ZWA_PM.STG_DV_ZAAK.DATUM_OVERDRACHT_CK > INT_ZWA_PM.DV_ZAAK_S.DATUM_OVERDRACHT_CK,,"""UWVM2VLPAPP0021\.P-DC\.BA\.UWV\.NL"".pdim.INT_ZWA_PM.STG_DV_ZAAK.DATUM_OVERDRACHT_CK",,"""UWVM2VLPAPP0021\.P-DC\.BA\.UWV\.NL"".pdim.INT_ZWA_PM.DV_ZAAK_S.DATUM_OVERDRACHT_CK"
,INT_ZWA_PM.STG_DV_ZAAK.DATUM_PLAUSIBEL > INT_ZWA_PM.DV_ZAAK_S.DATUM_PLAUSIBEL,,"""UWVM2VLPAPP0021\.P-DC\.BA\.UWV\.NL"".pdim.INT_ZWA_PM.STG_DV_ZAAK.DATUM_PLAUSIBEL",,"""UWVM2VLPAPP0021\.P-DC\.BA\.UWV\.NL"".pdim.INT_ZWA_PM.DV_ZAAK_S.DATUM_PLAUSIBEL"
,INT_ZWA_PM.STG_DV_ZAAK.CODE_BRON_HERSTELDMELDING > INT_ZWA_PM.DV_ZAAK_S.CODE_BRON_HERSTELDMELDING,,"""UWVM2VLPAPP0021\.P-DC\.BA\.UWV\.NL"".pdim.INT_ZWA_PM.STG_DV_ZAAK.CODE_BRON_HERSTELDMELDING",,"""UWVM2VLPAPP0021\.P-DC\.BA\.UWV\.NL"".pdim.INT_ZWA_PM.DV_ZAAK_S.CODE_BRON_HERSTELDMELDING"
,INT_ZWA_PM.STG_DV_ZAAK.BRON_HERSTELDMELDING > INT_ZWA_PM.DV_ZAAK_S.BRON_HERSTELDMELDING,,"""UWVM2VLPAPP0021\.P-DC\.BA\.UWV\.NL"".pdim.INT_ZWA_PM.STG_DV_ZAAK.BRON_HERSTELDMELDING",,"""UWVM2VLPAPP0021\.P-DC\.BA\.UWV\.NL"".pdim.INT_ZWA_PM.DV_ZAAK_S.BRON_HERSTELDMELDING"
,INT_ZWA_PM.STG_DV_ZAAK.DAT_UDA_EZWB > INT_ZWA_PM.DV_ZAAK_S.DAT_UDA_EZWB,,"""UWVM2VLPAPP0021\.P-DC\.BA\.UWV\.NL"".pdim.INT_ZWA_PM.STG_DV_ZAAK.DAT_UDA_EZWB",,"""UWVM2VLPAPP0021\.P-DC\.BA\.UWV\.NL"".pdim.INT_ZWA_PM.DV_ZAAK_S.DAT_UDA_EZWB"
,INT_ZWA_PM.STG_DV_ZAAK.DAT_NUDA_EZWB > INT_ZWA_PM.DV_ZAAK_S.DAT_NUDA_EZWB,,"""UWVM2VLPAPP0021\.P-DC\.BA\.UWV\.NL"".pdim.INT_ZWA_PM.STG_DV_ZAAK.DAT_NUDA_EZWB",,"""UWVM2VLPAPP0021\.P-DC\.BA\.UWV\.NL"".pdim.INT_ZWA_PM.DV_ZAAK_S.DAT_NUDA_EZWB"
,INT_ZWA_PM.STG_DV_ZAAK.MAXIMUM_DATUM_ZIEKTEWET > INT_ZWA_PM.DV_ZAAK_S.MAXIMUM_DATUM_ZIEKTEWET,,"""UWVM2VLPAPP0021\.P-DC\.BA\.UWV\.NL"".pdim.INT_ZWA_PM.STG_DV_ZAAK.MAXIMUM_DATUM_ZIEKTEWET",,"""UWVM2VLPAPP0021\.P-DC\.BA\.UWV\.NL"".pdim.INT_ZWA_PM.DV_ZAAK_S.MAXIMUM_DATUM_ZIEKTEWET"
,INT_ZWA_PM.STG_DV_ZAAK.INDICATIE_PLAUSIBEL > INT_ZWA_PM.DV_ZAAK_S.INDICATIE_PLAUSIBEL,,"""UWVM2VLPAPP0021\.P-DC\.BA\.UWV\.NL"".pdim.INT_ZWA_PM.STG_DV_ZAAK.INDICATIE_PLAUSIBEL",msl_mapping_documentation - 30-06-2023 NIEUW: attribuut 'Indicatie plausibel' toegevoegd,"""UWVM2VLPAPP0021\.P-DC\.BA\.UWV\.NL"".pdim.INT_ZWA_PM.DV_ZAAK_S.INDICATIE_PLAUSIBEL"
,INT_ZWA_PM.STG_DV_ZAAK.CODE_AG_TRAJECT > INT_ZWA_PM.DV_ZAAK_S.CODE_AG_TRAJECT,,"""UWVM2VLPAPP0021\.P-DC\.BA\.UWV\.NL"".pdim.INT_ZWA_PM.STG_DV_ZAAK.CODE_AG_TRAJECT",,"""UWVM2VLPAPP0021\.P-DC\.BA\.UWV\.NL"".pdim.INT_ZWA_PM.DV_ZAAK_S.CODE_AG_TRAJECT"
,INT_ZWA_PM.STG_DV_ZAAK.AG_TRAJECT > INT_ZWA_PM.DV_ZAAK_S.AG_TRAJECT,,"""UWVM2VLPAPP0021\.P-DC\.BA\.UWV\.NL"".pdim.INT_ZWA_PM.STG_DV_ZAAK.AG_TRAJECT",,"""UWVM2VLPAPP0021\.P-DC\.BA\.UWV\.NL"".pdim.INT_ZWA_PM.DV_ZAAK_S.AG_TRAJECT"
,INT_ZWA_PM.STG_DV_ZAAK.IND_GDBM > INT_ZWA_PM.DV_ZAAK_S.IND_GDBM,,"""UWVM2VLPAPP0021\.P-DC\.BA\.UWV\.NL"".pdim.INT_ZWA_PM.STG_DV_ZAAK.IND_GDBM",,"""UWVM2VLPAPP0021\.P-DC\.BA\.UWV\.NL"".pdim.INT_ZWA_PM.DV_ZAAK_S.IND_GDBM"
,INT_ZWA_PM.STG_DV_ZAAK.EERSTE_OF_TWEEDE_LIJN > INT_ZWA_PM.DV_ZAAK_S.EERSTE_OF_TWEEDE_LIJN,,"""UWVM2VLPAPP0021\.P-DC\.BA\.UWV\.NL"".pdim.INT_ZWA_PM.STG_DV_ZAAK.EERSTE_OF_TWEEDE_LIJN",,"""UWVM2VLPAPP0021\.P-DC\.BA\.UWV\.NL"".pdim.INT_ZWA_PM.DV_ZAAK_S.EERSTE_OF_TWEEDE_LIJN"
,INT_ZWA_PM.STG_DV_ZAAK.CODE_VANGNETCATEGORIE_IMF > INT_ZWA_PM.DV_ZAAK_S.CODE_VANGNETCATEGORIE_IMF,,"""UWVM2VLPAPP0021\.P-DC\.BA\.UWV\.NL"".pdim.INT_ZWA_PM.STG_DV_ZAAK.CODE_VANGNETCATEGORIE_IMF",,"""UWVM2VLPAPP0021\.P-DC\.BA\.UWV\.NL"".pdim.INT_ZWA_PM.DV_ZAAK_S.CODE_VANGNETCATEGORIE_IMF"
,INT_ZWA_PM.STG_DV_ZAAK.VANGNETCATEGORIE_IMF > INT_ZWA_PM.DV_ZAAK_S.VANGNETCATEGORIE_IMF,,"""UWVM2VLPAPP0021\.P-DC\.BA\.UWV\.NL"".pdim.INT_ZWA_PM.STG_DV_ZAAK.VANGNETCATEGORIE_IMF",,"""UWVM2VLPAPP0021\.P-DC\.BA\.UWV\.NL"".pdim.INT_ZWA_PM.DV_ZAAK_S.VANGNETCATEGORIE_IMF"
,INT_ZWA_PM.STG_DV_ZAAK.CODE_VANGNETCATEGORIE_BB > INT_ZWA_PM.DV_ZAAK_S.CODE_VANGNETCATEGORIE_BB,,"""UWVM2VLPAPP0021\.P-DC\.BA\.UWV\.NL"".pdim.INT_ZWA_PM.STG_DV_ZAAK.CODE_VANGNETCATEGORIE_BB",,"""UWVM2VLPAPP0021\.P-DC\.BA\.UWV\.NL"".pdim.INT_ZWA_PM.DV_ZAAK_S.CODE_VANGNETCATEGORIE_BB"
,INT_ZWA_PM.STG_DV_ZAAK.VANGNETCATEGORIE_BB > INT_ZWA_PM.DV_ZAAK_S.VANGNETCATEGORIE_BB,,"""UWVM2VLPAPP0021\.P-DC\.BA\.UWV\.NL"".pdim.INT_ZWA_PM.STG_DV_ZAAK.VANGNETCATEGORIE_BB",,"""UWVM2VLPAPP0021\.P-DC\.BA\.UWV\.NL"".pdim.INT_ZWA_PM.DV_ZAAK_S.VANGNETCATEGORIE_BB"
,INT_ZWA_PM.STG_DV_ZAAK.CODE_VANGNETCATEGORIE_SZW > INT_ZWA_PM.DV_ZAAK_S.CODE_VANGNETCATEGORIE_SZW,,"""UWVM2VLPAPP0021\.P-DC\.BA\.UWV\.NL"".pdim.INT_ZWA_PM.STG_DV_ZAAK.CODE_VANGNETCATEGORIE_SZW",,"""UWVM2VLPAPP0021\.P-DC\.BA\.UWV\.NL"".pdim.INT_ZWA_PM.DV_ZAAK_S.CODE_VANGNETCATEGORIE_SZW"
,INT_ZWA_PM.STG_DV_ZAAK.VANGNETCATEGORIE_SZW > INT_ZWA_PM.DV_ZAAK_S.VANGNETCATEGORIE_SZW,,"""UWVM2VLPAPP0021\.P-DC\.BA\.UWV\.NL"".pdim.INT_ZWA_PM.STG_DV_ZAAK.VANGNETCATEGORIE_SZW",,"""UWVM2VLPAPP0021\.P-DC\.BA\.UWV\.NL"".pdim.INT_ZWA_PM.DV_ZAAK_S.VANGNETCATEGORIE_SZW"
,INT_ZWA_PM.STG_DV_ZAAK.CODE_REDEN_EINDE_RECHT > INT_ZWA_PM.DV_ZAAK_S.CODE_REDEN_EINDE_RECHT,,"""UWVM2VLPAPP0021\.P-DC\.BA\.UWV\.NL"".pdim.INT_ZWA_PM.STG_DV_ZAAK.CODE_REDEN_EINDE_RECHT",,"""UWVM2VLPAPP0021\.P-DC\.BA\.UWV\.NL"".pdim.INT_ZWA_PM.DV_ZAAK_S.CODE_REDEN_EINDE_RECHT"
,INT_ZWA_PM.STG_DV_ZAAK.REDEN_EINDE_RECHT > INT_ZWA_PM.DV_ZAAK_S.REDEN_EINDE_RECHT,,"""UWVM2VLPAPP0021\.P-DC\.BA\.UWV\.NL"".pdim.INT_ZWA_PM.STG_DV_ZAAK.REDEN_EINDE_RECHT",,"""UWVM2VLPAPP0021\.P-DC\.BA\.UWV\.NL"".pdim.INT_ZWA_PM.DV_ZAAK_S.REDEN_EINDE_RECHT"
,INT_ZWA_PM.STG_DV_TEAM.TEAMNAAM > INT_ZWA_PM.DV_TEAM_S.TEAMNAAM,,"""UWVM2VLPAPP0021\.P-DC\.BA\.UWV\.NL"".pdim.INT_ZWA_PM.STG_DV_TEAM.TEAMNAAM",,"""UWVM2VLPAPP0021\.P-DC\.BA\.UWV\.NL"".pdim.INT_ZWA_PM.DV_TEAM_S.TEAMNAAM"
,INT_ZWA_PM.STG_DV_TEAM.DIM_TEAM_H_HK > INT_ZWA_PM.DV_TEAM_S.DIM_TEAM_H_HK,hubkey,"""UWVM2VLPAPP0021\.P-DC\.BA\.UWV\.NL"".pdim.INT_ZWA_PM.STG_DV_TEAM.DIM_TEAM_H_HK",,"""UWVM2VLPAPP0021\.P-DC\.BA\.UWV\.NL"".pdim.INT_ZWA_PM.DV_TEAM_S.DIM_TEAM_H_HK"
,INT_ZWA_PM.STG_DV_TEAM.DIM_HASHDIFF_TEAM > INT_ZWA_PM.DV_TEAM_S.DIM_HASHDIFF,dim_hashdiff,"""UWVM2VLPAPP0021\.P-DC\.BA\.UWV\.NL"".pdim.INT_ZWA_PM.STG_DV_TEAM.DIM_HASHDIFF_TEAM",,"""UWVM2VLPAPP0021\.P-DC\.BA\.UWV\.NL"".pdim.INT_ZWA_PM.DV_TEAM_S.DIM_HASHDIFF"
,INT_ZWA_PM.STG_DV_TEAM.DISTRICTSKANTOOR_NAAM > INT_ZWA_PM.DV_TEAM_S.DISTRICTSKANTOOR_NAAM,,"""UWVM2VLPAPP0021\.P-DC\.BA\.UWV\.NL"".pdim.INT_ZWA_PM.STG_DV_TEAM.DISTRICTSKANTOOR_NAAM",,"""UWVM2VLPAPP0021\.P-DC\.BA\.UWV\.NL"".pdim.INT_ZWA_PM.DV_TEAM_S.DISTRICTSKANTOOR_NAAM"
,INT_ZWA_PM.STG_DV_TEAM.REGIO_NAAM > INT_ZWA_PM.DV_TEAM_S.REGIO_NAAM,,"""UWVM2VLPAPP0021\.P-DC\.BA\.UWV\.NL"".pdim.INT_ZWA_PM.STG_DV_TEAM.REGIO_NAAM",,"""UWVM2VLPAPP0021\.P-DC\.BA\.UWV\.NL"".pdim.INT_ZWA_PM.DV_TEAM_S.REGIO_NAAM"
,INT_ZWA_PM.STG_DV_TEAM.REGIO_NR > INT_ZWA_PM.DV_TEAM_S.REGIO_NR,,"""UWVM2VLPAPP0021\.P-DC\.BA\.UWV\.NL"".pdim.INT_ZWA_PM.STG_DV_TEAM.REGIO_NR",,"""UWVM2VLPAPP0021\.P-DC\.BA\.UWV\.NL"".pdim.INT_ZWA_PM.DV_TEAM_S.REGIO_NR"
,INT_ZWA_PM.STG_DV_TEAM.REGIO_SORTEERVOLGNR > INT_ZWA_PM.DV_TEAM_S.REGIO_SORTEERVOLGNR,,"""UWVM2VLPAPP0021\.P-DC\.BA\.UWV\.NL"".pdim.INT_ZWA_PM.STG_DV_TEAM.REGIO_SORTEERVOLGNR",,"""UWVM2VLPAPP0021\.P-DC\.BA\.UWV\.NL"".pdim.INT_ZWA_PM.DV_TEAM_S.REGIO_SORTEERVOLGNR"
,INT_ZWA_PM.STG_DV_TEAM.DISTRICTSKANTOOR_SORTEERVOLGNR > INT_ZWA_PM.DV_TEAM_S.DISTRICTSKANTOOR_SORTEERVOLGNR,,"""UWVM2VLPAPP0021\.P-DC\.BA\.UWV\.NL"".pdim.INT_ZWA_PM.STG_DV_TEAM.DISTRICTSKANTOOR_SORTEERVOLGNR",,"""UWVM2VLPAPP0021\.P-DC\.BA\.UWV\.NL"".pdim.INT_ZWA_PM.DV_TEAM_S.DISTRICTSKANTOOR_SORTEERVOLGNR"
,INT_ZWA_PM.STG_DV_TEAM.DIM_INGANGSDATUM_BWT > INT_ZWA_PM.DV_TEAM_S_BWT.DIM_INGANGSDATUM_BWT,,"""UWVM2VLPAPP0021\.P-DC\.BA\.UWV\.NL"".pdim.INT_ZWA_PM.STG_DV_TEAM.DIM_INGANGSDATUM_BWT",,"""UWVM2VLPAPP0021\.P-DC\.BA\.UWV\.NL"".pdim.INT_ZWA_PM.DV_TEAM_S_BWT.DIM_INGANGSDATUM_BWT"
,INT_ZWA_PM.STG_DV_TEAM.DIM_HASHDIFF_TEAM_BWT > INT_ZWA_PM.DV_TEAM_S_BWT.DIM_HASHDIFF,dim_hashdiff,"""UWVM2VLPAPP0021\.P-DC\.BA\.UWV\.NL"".pdim.INT_ZWA_PM.STG_DV_TEAM.DIM_HASHDIFF_TEAM_BWT",,"""UWVM2VLPAPP0021\.P-DC\.BA\.UWV\.NL"".pdim.INT_ZWA_PM.DV_TEAM_S_BWT.DIM_HASHDIFF"
,INT_ZWA_PM.STG_DV_TEAM.DIM_TEAM_H_HK > INT_ZWA_PM.DV_TEAM_S_BWT.DIM_TEAM_H_HK,hubkey,"""UWVM2VLPAPP0021\.P-DC\.BA\.UWV\.NL"".pdim.INT_ZWA_PM.STG_DV_TEAM.DIM_TEAM_H_HK",,"""UWVM2VLPAPP0021\.P-DC\.BA\.UWV\.NL"".pdim.INT_ZWA_PM.DV_TEAM_S_BWT.DIM_TEAM_H_HK"
,INT_ZWA_PM.STG_DV_ZAAK.DIM_INGANGSDATUM_BWT > INT_ZWA_PM.DV_ZAAK_S_BWT.DIM_INGANGSDATUM_BWT,,"""UWVM2VLPAPP0021\.P-DC\.BA\.UWV\.NL"".pdim.INT_ZWA_PM.STG_DV_ZAAK.DIM_INGANGSDATUM_BWT",,"""UWVM2VLPAPP0021\.P-DC\.BA\.UWV\.NL"".pdim.INT_ZWA_PM.DV_ZAAK_S_BWT.DIM_INGANGSDATUM_BWT"
,INT_ZWA_PM.STG_DV_ZAAK.DIM_HASHDIFF_ZAAK_BWT > INT_ZWA_PM.DV_ZAAK_S_BWT.DIM_HASHDIFF,dim_hashdiff,"""UWVM2VLPAPP0021\.P-DC\.BA\.UWV\.NL"".pdim.INT_ZWA_PM.STG_DV_ZAAK.DIM_HASHDIFF_ZAAK_BWT",,"""UWVM2VLPAPP0021\.P-DC\.BA\.UWV\.NL"".pdim.INT_ZWA_PM.DV_ZAAK_S_BWT.DIM_HASHDIFF"
,INT_ZWA_PM.STG_DV_ZAAK.DIM_ZAAK_H_HK > INT_ZWA_PM.DV_ZAAK_S_BWT.DIM_ZAAK_H_HK,hubkey,"""UWVM2VLPAPP0021\.P-DC\.BA\.UWV\.NL"".pdim.INT_ZWA_PM.STG_DV_ZAAK.DIM_ZAAK_H_HK",,"""UWVM2VLPAPP0021\.P-DC\.BA\.UWV\.NL"".pdim.INT_ZWA_PM.DV_ZAAK_S_BWT.DIM_ZAAK_H_HK"
,INT_ZWA_PM.STG_DV_ZAAK.DIM_VERANTWTEAMBIJZAAK_L_HK > INT_ZWA_PM.DV_VERANTWTEAMBIJZAAK_L.DIM_VERANTWTEAMBIJZAAK_L_HK,linkkey,"""UWVM2VLPAPP0021\.P-DC\.BA\.UWV\.NL"".pdim.INT_ZWA_PM.STG_DV_ZAAK.DIM_VERANTWTEAMBIJZAAK_L_HK",,"""UWVM2VLPAPP0021\.P-DC\.BA\.UWV\.NL"".pdim.INT_ZWA_PM.DV_VERANTWTEAMBIJZAAK_L.DIM_VERANTWTEAMBIJZAAK_L_HK"
,INT_ZWA_PM.STG_DV_ZAAK.DIM_ZAAK_H_HK > INT_ZWA_PM.DV_VERANTWTEAMBIJZAAK_L.DIM_ZAAK_H_HK,hubkey,"""UWVM2VLPAPP0021\.P-DC\.BA\.UWV\.NL"".pdim.INT_ZWA_PM.STG_DV_ZAAK.DIM_ZAAK_H_HK",,"""UWVM2VLPAPP0021\.P-DC\.BA\.UWV\.NL"".pdim.INT_ZWA_PM.DV_VERANTWTEAMBIJZAAK_L.DIM_ZAAK_H_HK"
,INT_ZWA_PM.STG_DV_ZAAK.DIM_TEAM_H_HK > INT_ZWA_PM.DV_VERANTWTEAMBIJZAAK_L.DIM_TEAM_H_HK,hubkey,"""UWVM2VLPAPP0021\.P-DC\.BA\.UWV\.NL"".pdim.INT_ZWA_PM.STG_DV_ZAAK.DIM_TEAM_H_HK",,"""UWVM2VLPAPP0021\.P-DC\.BA\.UWV\.NL"".pdim.INT_ZWA_PM.DV_VERANTWTEAMBIJZAAK_L.DIM_TEAM_H_HK"
,INT_ZWA_PM.STG_DV_ZAAK.DIM_VERANTWTEAMBIJZAAK_L_HK > INT_ZWA_PM.DV_VERANTWTEAMBIJZAAK_S.DIM_VERANTWTEAMBIJZAAK_L_HK,linkkey,"""UWVM2VLPAPP0021\.P-DC\.BA\.UWV\.NL"".pdim.INT_ZWA_PM.STG_DV_ZAAK.DIM_VERANTWTEAMBIJZAAK_L_HK",,"""UWVM2VLPAPP0021\.P-DC\.BA\.UWV\.NL"".pdim.INT_ZWA_PM.DV_VERANTWTEAMBIJZAAK_S.DIM_VERANTWTEAMBIJZAAK_L_HK"
,INT_ZWA_PM.STG_DV_ZAAK.DIM_HASHDIFF_TEAMBIJZAAK > INT_ZWA_PM.DV_VERANTWTEAMBIJZAAK_S.DIM_HASHDIFF,dim_hashdiff,"""UWVM2VLPAPP0021\.P-DC\.BA\.UWV\.NL"".pdim.INT_ZWA_PM.STG_DV_ZAAK.DIM_HASHDIFF_TEAMBIJZAAK",,"""UWVM2VLPAPP0021\.P-DC\.BA\.UWV\.NL"".pdim.INT_ZWA_PM.DV_VERANTWTEAMBIJZAAK_S.DIM_HASHDIFF"
,INT_ZWA_PM.STG_DV_ZAAK.DIM_DUMMY > INT_ZWA_PM.DV_VERANTWTEAMBIJZAAK_S.DIM_DUMMY,,"""UWVM2VLPAPP0021\.P-DC\.BA\.UWV\.NL"".pdim.INT_ZWA_PM.STG_DV_ZAAK.DIM_DUMMY",,"""UWVM2VLPAPP0021\.P-DC\.BA\.UWV\.NL"".pdim.INT_ZWA_PM.DV_VERANTWTEAMBIJZAAK_S.DIM_DUMMY"
,INT_ZWA_PM.STG_DV_TAAKINZAAK.DIM_TAAK_H_HK > INT_ZWA_PM.DV_TAAK_H.DIM_TAAK_H_HK,hubkey,"""UWVM2VLPAPP0021\.P-DC\.BA\.UWV\.NL"".pdim.INT_ZWA_PM.STG_DV_TAAKINZAAK.DIM_TAAK_H_HK",,"""UWVM2VLPAPP0021\.P-DC\.BA\.UWV\.NL"".pdim.INT_ZWA_PM.DV_TAAK_H.DIM_TAAK_H_HK"
,INT_ZWA_PM.STG_DV_TAAKINZAAK.ACTIVITEITCODE > INT_ZWA_PM.DV_TAAK_H.ACTIVITEITCODE,,"""UWVM2VLPAPP0021\.P-DC\.BA\.UWV\.NL"".pdim.INT_ZWA_PM.STG_DV_TAAKINZAAK.ACTIVITEITCODE",,"""UWVM2VLPAPP0021\.P-DC\.BA\.UWV\.NL"".pdim.INT_ZWA_PM.DV_TAAK_H.ACTIVITEITCODE"
,INT_ZWA_PM.STG_DV_TAAKINZAAK.DIM_TAAK_H_HK > INT_ZWA_PM.DV_TAAK_S.DIM_TAAK_H_HK,hubkey,"""UWVM2VLPAPP0021\.P-DC\.BA\.UWV\.NL"".pdim.INT_ZWA_PM.STG_DV_TAAKINZAAK.DIM_TAAK_H_HK",,"""UWVM2VLPAPP0021\.P-DC\.BA\.UWV\.NL"".pdim.INT_ZWA_PM.DV_TAAK_S.DIM_TAAK_H_HK"
,INT_ZWA_PM.STG_DV_TAAKINZAAK.DIM_HASHDIFF_TAAK > INT_ZWA_PM.DV_TAAK_S.DIM_HASHDIFF,dim_hashdiff,"""UWVM2VLPAPP0021\.P-DC\.BA\.UWV\.NL"".pdim.INT_ZWA_PM.STG_DV_TAAKINZAAK.DIM_HASHDIFF_TAAK",,"""UWVM2VLPAPP0021\.P-DC\.BA\.UWV\.NL"".pdim.INT_ZWA_PM.DV_TAAK_S.DIM_HASHDIFF"
,INT_ZWA_PM.STG_DV_TAAKINZAAK.ACTIVITEIT_OMSCHRIJVING > INT_ZWA_PM.DV_TAAK_S.ACTIVITEIT_OMSCHRIJVING,,"""UWVM2VLPAPP0021\.P-DC\.BA\.UWV\.NL"".pdim.INT_ZWA_PM.STG_DV_TAAKINZAAK.ACTIVITEIT_OMSCHRIJVING",,"""UWVM2VLPAPP0021\.P-DC\.BA\.UWV\.NL"".pdim.INT_ZWA_PM.DV_TAAK_S.ACTIVITEIT_OMSCHRIJVING"
,INT_ZWA_PM.STG_DV_TAAKINZAAK.DIM_TAAK_H_HK > INT_ZWA_PM.DV_TAAKINZAAK_L.DIM_TAAK_H_HK,hubkey,"""UWVM2VLPAPP0021\.P-DC\.BA\.UWV\.NL"".pdim.INT_ZWA_PM.STG_DV_TAAKINZAAK.DIM_TAAK_H_HK",,"""UWVM2VLPAPP0021\.P-DC\.BA\.UWV\.NL"".pdim.INT_ZWA_PM.DV_TAAKINZAAK_L.DIM_TAAK_H_HK"
,INT_ZWA_PM.STG_DV_TAAKINZAAK.DIM_ZAAK_H_HK > INT_ZWA_PM.DV_TAAKINZAAK_L.DIM_ZAAK_H_HK,hubkey,"""UWVM2VLPAPP0021\.P-DC\.BA\.UWV\.NL"".pdim.INT_ZWA_PM.STG_DV_TAAKINZAAK.DIM_ZAAK_H_HK",,"""UWVM2VLPAPP0021\.P-DC\.BA\.UWV\.NL"".pdim.INT_ZWA_PM.DV_TAAKINZAAK_L.DIM_ZAAK_H_HK"
,INT_ZWA_PM.STG_DV_TAAKINZAAK.DATUM_INITIELE_BOEKING_ACT > INT_ZWA_PM.DV_TAAKINZAAK_L.DATUM_INITIELE_BOEKING_ACT,,"""UWVM2VLPAPP0021\.P-DC\.BA\.UWV\.NL"".pdim.INT_ZWA_PM.STG_DV_TAAKINZAAK.DATUM_INITIELE_BOEKING_ACT",,"""UWVM2VLPAPP0021\.P-DC\.BA\.UWV\.NL"".pdim.INT_ZWA_PM.DV_TAAKINZAAK_L.DATUM_INITIELE_BOEKING_ACT"
,INT_ZWA_PM.STG_DV_TAAKINZAAK.DIM_TAAKINZAAK_L_HK > INT_ZWA_PM.DV_TAAKINZAAK_L.DIM_TAAKINZAAK_L_HK,linkkey,"""UWVM2VLPAPP0021\.P-DC\.BA\.UWV\.NL"".pdim.INT_ZWA_PM.STG_DV_TAAKINZAAK.DIM_TAAKINZAAK_L_HK",,"""UWVM2VLPAPP0021\.P-DC\.BA\.UWV\.NL"".pdim.INT_ZWA_PM.DV_TAAKINZAAK_L.DIM_TAAKINZAAK_L_HK"
,INT_ZWA_PM.STG_DV_TAAKINZAAK.DIM_TEAM_H_HK > INT_ZWA_PM.DV_TAAKINZAAK_L.DIM_TEAM_H_HK,hubkey,"""UWVM2VLPAPP0021\.P-DC\.BA\.UWV\.NL"".pdim.INT_ZWA_PM.STG_DV_TAAKINZAAK.DIM_TEAM_H_HK",,"""UWVM2VLPAPP0021\.P-DC\.BA\.UWV\.NL"".pdim.INT_ZWA_PM.DV_TAAKINZAAK_L.DIM_TEAM_H_HK"
,INT_ZWA_PM.STG_DV_TAAKINZAAK.DATUM_OPROEP > INT_ZWA_PM.DV_TAAKINZAAK_S.DATUM_OPROEP,,"""UWVM2VLPAPP0021\.P-DC\.BA\.UWV\.NL"".pdim.INT_ZWA_PM.STG_DV_TAAKINZAAK.DATUM_OPROEP",,"""UWVM2VLPAPP0021\.P-DC\.BA\.UWV\.NL"".pdim.INT_ZWA_PM.DV_TAAKINZAAK_S.DATUM_OPROEP"
,INT_ZWA_PM.STG_DV_TAAKINZAAK.CODE_AANWEZIGHEID_PERSOON > INT_ZWA_PM.DV_TAAKINZAAK_S.CODE_AANWEZIGHEID_PERSOON,,"""UWVM2VLPAPP0021\.P-DC\.BA\.UWV\.NL"".pdim.INT_ZWA_PM.STG_DV_TAAKINZAAK.CODE_AANWEZIGHEID_PERSOON",,"""UWVM2VLPAPP0021\.P-DC\.BA\.UWV\.NL"".pdim.INT_ZWA_PM.DV_TAAKINZAAK_S.CODE_AANWEZIGHEID_PERSOON"
,INT_ZWA_PM.STG_DV_TAAKINZAAK.AANWEZIGHEID_PERSOON > INT_ZWA_PM.DV_TAAKINZAAK_S.AANWEZIGHEID_PERSOON,,"""UWVM2VLPAPP0021\.P-DC\.BA\.UWV\.NL"".pdim.INT_ZWA_PM.STG_DV_TAAKINZAAK.AANWEZIGHEID_PERSOON",,"""UWVM2VLPAPP0021\.P-DC\.BA\.UWV\.NL"".pdim.INT_ZWA_PM.DV_TAAKINZAAK_S.AANWEZIGHEID_PERSOON"
,INT_ZWA_PM.STG_DV_TAAKINZAAK.CODE_FUNCTIE_MEDEWERKER > INT_ZWA_PM.DV_TAAKINZAAK_S.CODE_FUNCTIE_MEDEWERKER,,"""UWVM2VLPAPP0021\.P-DC\.BA\.UWV\.NL"".pdim.INT_ZWA_PM.STG_DV_TAAKINZAAK.CODE_FUNCTIE_MEDEWERKER",,"""UWVM2VLPAPP0021\.P-DC\.BA\.UWV\.NL"".pdim.INT_ZWA_PM.DV_TAAKINZAAK_S.CODE_FUNCTIE_MEDEWERKER"
,INT_ZWA_PM.STG_DV_TAAKINZAAK.FUNCTIE_MEDEWERKER > INT_ZWA_PM.DV_TAAKINZAAK_S.FUNCTIE_MEDEWERKER,,"""UWVM2VLPAPP0021\.P-DC\.BA\.UWV\.NL"".pdim.INT_ZWA_PM.STG_DV_TAAKINZAAK.FUNCTIE_MEDEWERKER",,"""UWVM2VLPAPP0021\.P-DC\.BA\.UWV\.NL"".pdim.INT_ZWA_PM.DV_TAAKINZAAK_S.FUNCTIE_MEDEWERKER"
,INT_ZWA_PM.STG_DV_TAAKINZAAK.DIM_HASHDIFF_TAAKINZAAK > INT_ZWA_PM.DV_TAAKINZAAK_S.DIM_HASHDIFF,dim_hashdiff,"""UWVM2VLPAPP0021\.P-DC\.BA\.UWV\.NL"".pdim.INT_ZWA_PM.STG_DV_TAAKINZAAK.DIM_HASHDIFF_TAAKINZAAK",,"""UWVM2VLPAPP0021\.P-DC\.BA\.UWV\.NL"".pdim.INT_ZWA_PM.DV_TAAKINZAAK_S.DIM_HASHDIFF"
,INT_ZWA_PM.STG_DV_TAAKINZAAK.DATUM_BOEKING_ACTIVITEIT > INT_ZWA_PM.DV_TAAKINZAAK_S.DATUM_BOEKING_ACTIVITEIT,,"""UWVM2VLPAPP0021\.P-DC\.BA\.UWV\.NL"".pdim.INT_ZWA_PM.STG_DV_TAAKINZAAK.DATUM_BOEKING_ACTIVITEIT",,"""UWVM2VLPAPP0021\.P-DC\.BA\.UWV\.NL"".pdim.INT_ZWA_PM.DV_TAAKINZAAK_S.DATUM_BOEKING_ACTIVITEIT"
,INT_ZWA_PM.STG_DV_TAAKINZAAK.CODE_AANLEIDING_ACTIVITEIT > INT_ZWA_PM.DV_TAAKINZAAK_S.CODE_AANLEIDING_ACTIVITEIT,,"""UWVM2VLPAPP0021\.P-DC\.BA\.UWV\.NL"".pdim.INT_ZWA_PM.STG_DV_TAAKINZAAK.CODE_AANLEIDING_ACTIVITEIT",,"""UWVM2VLPAPP0021\.P-DC\.BA\.UWV\.NL"".pdim.INT_ZWA_PM.DV_TAAKINZAAK_S.CODE_AANLEIDING_ACTIVITEIT"
,INT_ZWA_PM.STG_DV_TAAKINZAAK.AANLEIDING_ACTIVITEIT > INT_ZWA_PM.DV_TAAKINZAAK_S.AANLEIDING_ACTIVITEIT,,"""UWVM2VLPAPP0021\.P-DC\.BA\.UWV\.NL"".pdim.INT_ZWA_PM.STG_DV_TAAKINZAAK.AANLEIDING_ACTIVITEIT",,"""UWVM2VLPAPP0021\.P-DC\.BA\.UWV\.NL"".pdim.INT_ZWA_PM.DV_TAAKINZAAK_S.AANLEIDING_ACTIVITEIT"
,INT_ZWA_PM.STG_DV_TAAKINZAAK.DATUM_ACTIVITEIT_PLAN > INT_ZWA_PM.DV_TAAKINZAAK_S.DATUM_ACTIVITEIT_PLAN,,"""UWVM2VLPAPP0021\.P-DC\.BA\.UWV\.NL"".pdim.INT_ZWA_PM.STG_DV_TAAKINZAAK.DATUM_ACTIVITEIT_PLAN",,"""UWVM2VLPAPP0021\.P-DC\.BA\.UWV\.NL"".pdim.INT_ZWA_PM.DV_TAAKINZAAK_S.DATUM_ACTIVITEIT_PLAN"
,INT_ZWA_PM.STG_DV_TAAKINZAAK.DATUM_ACTIVITEIT_REALISATIE > INT_ZWA_PM.DV_TAAKINZAAK_S.DATUM_ACTIVITEIT_REALISATIE,,"""UWVM2VLPAPP0021\.P-DC\.BA\.UWV\.NL"".pdim.INT_ZWA_PM.STG_DV_TAAKINZAAK.DATUM_ACTIVITEIT_REALISATIE",,"""UWVM2VLPAPP0021\.P-DC\.BA\.UWV\.NL"".pdim.INT_ZWA_PM.DV_TAAKINZAAK_S.DATUM_ACTIVITEIT_REALISATIE"
,INT_ZWA_PM.STG_DV_TAAKINZAAK.CODE_STATUS_ACTIVITEIT > INT_ZWA_PM.DV_TAAKINZAAK_S.CODE_STATUS_ACTIVITEIT,,"""UWVM2VLPAPP0021\.P-DC\.BA\.UWV\.NL"".pdim.INT_ZWA_PM.STG_DV_TAAKINZAAK.CODE_STATUS_ACTIVITEIT",,"""UWVM2VLPAPP0021\.P-DC\.BA\.UWV\.NL"".pdim.INT_ZWA_PM.DV_TAAKINZAAK_S.CODE_STATUS_ACTIVITEIT"
,INT_ZWA_PM.STG_DV_TAAKINZAAK.STATUS_ACTIVITEIT > INT_ZWA_PM.DV_TAAKINZAAK_S.STATUS_ACTIVITEIT,,"""UWVM2VLPAPP0021\.P-DC\.BA\.UWV\.NL"".pdim.INT_ZWA_PM.STG_DV_TAAKINZAAK.STATUS_ACTIVITEIT",,"""UWVM2VLPAPP0021\.P-DC\.BA\.UWV\.NL"".pdim.INT_ZWA_PM.DV_TAAKINZAAK_S.STATUS_ACTIVITEIT"
,INT_ZWA_PM.STG_DV_TAAKINZAAK.CODE_CONCLUSIE_ACTIVITEIT > INT_ZWA_PM.DV_TAAKINZAAK_S.CODE_CONCLUSIE_ACTIVITEIT,,"""UWVM2VLPAPP0021\.P-DC\.BA\.UWV\.NL"".pdim.INT_ZWA_PM.STG_DV_TAAKINZAAK.CODE_CONCLUSIE_ACTIVITEIT",,"""UWVM2VLPAPP0021\.P-DC\.BA\.UWV\.NL"".pdim.INT_ZWA_PM.DV_TAAKINZAAK_S.CODE_CONCLUSIE_ACTIVITEIT"
,INT_ZWA_PM.STG_DV_TAAKINZAAK.CONCLUSIE_ACTIVITEIT > INT_ZWA_PM.DV_TAAKINZAAK_S.CONCLUSIE_ACTIVITEIT,,"""UWVM2VLPAPP0021\.P-DC\.BA\.UWV\.NL"".pdim.INT_ZWA_PM.STG_DV_TAAKINZAAK.CONCLUSIE_ACTIVITEIT",,"""UWVM2VLPAPP0021\.P-DC\.BA\.UWV\.NL"".pdim.INT_ZWA_PM.DV_TAAKINZAAK_S.CONCLUSIE_ACTIVITEIT"
,INT_ZWA_PM.STG_DV_TAAKINZAAK.DIM_TAAKINZAAK_L_HK > INT_ZWA_PM.DV_TAAKINZAAK_S.DIM_TAAKINZAAK_L_HK,linkkey,"""UWVM2VLPAPP0021\.P-DC\.BA\.UWV\.NL"".pdim.INT_ZWA_PM.STG_DV_TAAKINZAAK.DIM_TAAKINZAAK_L_HK",,"""UWVM2VLPAPP0021\.P-DC\.BA\.UWV\.NL"".pdim.INT_ZWA_PM.DV_TAAKINZAAK_S.DIM_TAAKINZAAK_L_HK"
,INT_ZWA_PM.STG_DV_TAAKINZAAK.NAAM_MEDEWERKER > INT_ZWA_PM.DV_TAAKINZAAK_S.NAAM_MEDEWERKER,,"""UWVM2VLPAPP0021\.P-DC\.BA\.UWV\.NL"".pdim.INT_ZWA_PM.STG_DV_TAAKINZAAK.NAAM_MEDEWERKER",,"""UWVM2VLPAPP0021\.P-DC\.BA\.UWV\.NL"".pdim.INT_ZWA_PM.DV_TAAKINZAAK_S.NAAM_MEDEWERKER"
,INT_ZWA_PM.STG_DV_TAAKINZAAK.DIM_HASHDIFF_TAAKINZAAK > INT_ZWA_PM.DV_TAAKINZAAK_S_BWT.DIM_HASHDIFF,dim_hashdiff,"""UWVM2VLPAPP0021\.P-DC\.BA\.UWV\.NL"".pdim.INT_ZWA_PM.STG_DV_TAAKINZAAK.DIM_HASHDIFF_TAAKINZAAK",,"""UWVM2VLPAPP0021\.P-DC\.BA\.UWV\.NL"".pdim.INT_ZWA_PM.DV_TAAKINZAAK_S_BWT.DIM_HASHDIFF"
,INT_ZWA_PM.STG_DV_TAAKINZAAK.DIM_INGANGSDATUM_BWT > INT_ZWA_PM.DV_TAAKINZAAK_S_BWT.DIM_INGANGSDATUM_BWT,,"""UWVM2VLPAPP0021\.P-DC\.BA\.UWV\.NL"".pdim.INT_ZWA_PM.STG_DV_TAAKINZAAK.DIM_INGANGSDATUM_BWT",,"""UWVM2VLPAPP0021\.P-DC\.BA\.UWV\.NL"".pdim.INT_ZWA_PM.DV_TAAKINZAAK_S_BWT.DIM_INGANGSDATUM_BWT"
,INT_ZWA_PM.STG_DV_TAAKINZAAK.DIM_TAAKINZAAK_L_HK > INT_ZWA_PM.DV_TAAKINZAAK_S_BWT.DIM_TAAKINZAAK_L_HK,linkkey,"""UWVM2VLPAPP0021\.P-DC\.BA\.UWV\.NL"".pdim.INT_ZWA_PM.STG_DV_TAAKINZAAK.DIM_TAAKINZAAK_L_HK",,"""UWVM2VLPAPP0021\.P-DC\.BA\.UWV\.NL"".pdim.INT_ZWA_PM.DV_TAAKINZAAK_S_BWT.DIM_TAAKINZAAK_L_HK"
,INT_ZWA_PM.STG_DV_ZAAK.DIM_TEAM_H_HK > INT_ZWA_PM.DV_TEAM_H.DIM_TEAM_H_HK,hubkey,"""UWVM2VLPAPP0021\.P-DC\.BA\.UWV\.NL"".pdim.INT_ZWA_PM.STG_DV_ZAAK.DIM_TEAM_H_HK",,"""UWVM2VLPAPP0021\.P-DC\.BA\.UWV\.NL"".pdim.INT_ZWA_PM.DV_TEAM_H.DIM_TEAM_H_HK"
,INT_ZWA_PM.STG_DV_ZAAK.DISTRICTSKANTOOR_NR > INT_ZWA_PM.DV_TEAM_H.DISTRICTSKANTOOR_NR,,"""UWVM2VLPAPP0021\.P-DC\.BA\.UWV\.NL"".pdim.INT_ZWA_PM.STG_DV_ZAAK.DISTRICTSKANTOOR_NR",,"""UWVM2VLPAPP0021\.P-DC\.BA\.UWV\.NL"".pdim.INT_ZWA_PM.DV_TEAM_H.DISTRICTSKANTOOR_NR"
,INT_ZWA_PM.STG_DV_ZAAK.TEAMNUMMER > INT_ZWA_PM.DV_TEAM_H.TEAMNUMMER,,"""UWVM2VLPAPP0021\.P-DC\.BA\.UWV\.NL"".pdim.INT_ZWA_PM.STG_DV_ZAAK.TEAMNUMMER",,"""UWVM2VLPAPP0021\.P-DC\.BA\.UWV\.NL"".pdim.INT_ZWA_PM.DV_TEAM_H.TEAMNUMMER"
,INT_ZWA_PM.STG_DV_TEAM.DIM_TEAM_H_HK > INT_ZWA_PM.DV_TEAM_H.DIM_TEAM_H_HK,hubkey,"""UWVM2VLPAPP0021\.P-DC\.BA\.UWV\.NL"".pdim.INT_ZWA_PM.STG_DV_TEAM.DIM_TEAM_H_HK",,"""UWVM2VLPAPP0021\.P-DC\.BA\.UWV\.NL"".pdim.INT_ZWA_PM.DV_TEAM_H.DIM_TEAM_H_HK"
,INT_ZWA_PM.STG_DV_TAAKINZAAK.DIM_TEAM_H_HK > INT_ZWA_PM.DV_TEAM_H.DIM_TEAM_H_HK,hubkey,"""UWVM2VLPAPP0021\.P-DC\.BA\.UWV\.NL"".pdim.INT_ZWA_PM.STG_DV_TAAKINZAAK.DIM_TEAM_H_HK",,"""UWVM2VLPAPP0021\.P-DC\.BA\.UWV\.NL"".pdim.INT_ZWA_PM.DV_TEAM_H.DIM_TEAM_H_HK"
,INT_ZWA_PM.STG_DV_TAAKINZAAK.DISTRICTSKANTOOR_NR > INT_ZWA_PM.DV_TEAM_H.DISTRICTSKANTOOR_NR,,"""UWVM2VLPAPP0021\.P-DC\.BA\.UWV\.NL"".pdim.INT_ZWA_PM.STG_DV_TAAKINZAAK.DISTRICTSKANTOOR_NR",,"""UWVM2VLPAPP0021\.P-DC\.BA\.UWV\.NL"".pdim.INT_ZWA_PM.DV_TEAM_H.DISTRICTSKANTOOR_NR"
,INT_ZWA_PM.STG_DV_TAAKINZAAK.TEAMNUMMER > INT_ZWA_PM.DV_TEAM_H.TEAMNUMMER,,"""UWVM2VLPAPP0021\.P-DC\.BA\.UWV\.NL"".pdim.INT_ZWA_PM.STG_DV_TAAKINZAAK.TEAMNUMMER",,"""UWVM2VLPAPP0021\.P-DC\.BA\.UWV\.NL"".pdim.INT_ZWA_PM.DV_TEAM_H.TEAMNUMMER"
,INT_ZWA_PM.STG_DV_NATUURLIJKEPERSOON.DIM_NATUURLIJKEPERSOON_H_HK > INT_ZWA_PM.DV_NATUURLIJKEPERSOON_H.DIM_NATUURLIJKEPERSOON_H_HK,hubkey,"""UWVM2VLPAPP0021\.P-DC\.BA\.UWV\.NL"".pdim.INT_ZWA_PM.STG_DV_NATUURLIJKEPERSOON.DIM_NATUURLIJKEPERSOON_H_HK",,"""UWVM2VLPAPP0021\.P-DC\.BA\.UWV\.NL"".pdim.INT_ZWA_PM.DV_NATUURLIJKEPERSOON_H.DIM_NATUURLIJKEPERSOON_H_HK"
,INT_ZWA_PM.STG_DV_NATUURLIJKEPERSOON.BSN > INT_ZWA_PM.DV_NATUURLIJKEPERSOON_H.BSN,,"""UWVM2VLPAPP0021\.P-DC\.BA\.UWV\.NL"".pdim.INT_ZWA_PM.STG_DV_NATUURLIJKEPERSOON.BSN",,"""UWVM2VLPAPP0021\.P-DC\.BA\.UWV\.NL"".pdim.INT_ZWA_PM.DV_NATUURLIJKEPERSOON_H.BSN"
,INT_ZWA_PM.STG_DV_NATUURLIJKEPERSOON.DIM_NATUURLIJKEPERSOON_H_HK > INT_ZWA_PM.DV_NATUURLIJKEPERSOON_S.DIM_NATUURLIJKEPERSOON_H_HK,hubkey,"""UWVM2VLPAPP0021\.P-DC\.BA\.UWV\.NL"".pdim.INT_ZWA_PM.STG_DV_NATUURLIJKEPERSOON.DIM_NATUURLIJKEPERSOON_H_HK",,"""UWVM2VLPAPP0021\.P-DC\.BA\.UWV\.NL"".pdim.INT_ZWA_PM.DV_NATUURLIJKEPERSOON_S.DIM_NATUURLIJKEPERSOON_H_HK"
,INT_ZWA_PM.STG_DV_NATUURLIJKEPERSOON.DIM_HASHDIFF_NATUURLIJKE_PERS > INT_ZWA_PM.DV_NATUURLIJKEPERSOON_S.DIM_HASHDIFF,dim_hashdiff,"""UWVM2VLPAPP0021\.P-DC\.BA\.UWV\.NL"".pdim.INT_ZWA_PM.STG_DV_NATUURLIJKEPERSOON.DIM_HASHDIFF_NATUURLIJKE_PERS",,"""UWVM2VLPAPP0021\.P-DC\.BA\.UWV\.NL"".pdim.INT_ZWA_PM.DV_NATUURLIJKEPERSOON_S.DIM_HASHDIFF"
,INT_ZWA_PM.STG_DV_NATUURLIJKEPERSOON.STATUS_PERSOON > INT_ZWA_PM.DV_NATUURLIJKEPERSOON_S.STATUS_PERSOON,,"""UWVM2VLPAPP0021\.P-DC\.BA\.UWV\.NL"".pdim.INT_ZWA_PM.STG_DV_NATUURLIJKEPERSOON.STATUS_PERSOON",,"""UWVM2VLPAPP0021\.P-DC\.BA\.UWV\.NL"".pdim.INT_ZWA_PM.DV_NATUURLIJKEPERSOON_S.STATUS_PERSOON"
,INT_ZWA_PM.STG_DV_NATUURLIJKEPERSOON.GEBOORTEDATUM > INT_ZWA_PM.DV_NATUURLIJKEPERSOON_S.GEBOORTEDATUM,,"""UWVM2VLPAPP0021\.P-DC\.BA\.UWV\.NL"".pdim.INT_ZWA_PM.STG_DV_NATUURLIJKEPERSOON.GEBOORTEDATUM",,"""UWVM2VLPAPP0021\.P-DC\.BA\.UWV\.NL"".pdim.INT_ZWA_PM.DV_NATUURLIJKEPERSOON_S.GEBOORTEDATUM"
,INT_ZWA_PM.STG_DV_NATUURLIJKEPERSOON.DOMICILIE_POSTCODE_GEBIED > INT_ZWA_PM.DV_NATUURLIJKEPERSOON_S.DOMICILIE_POSTCODE_GEBIED,,"""UWVM2VLPAPP0021\.P-DC\.BA\.UWV\.NL"".pdim.INT_ZWA_PM.STG_DV_NATUURLIJKEPERSOON.DOMICILIE_POSTCODE_GEBIED",,"""UWVM2VLPAPP0021\.P-DC\.BA\.UWV\.NL"".pdim.INT_ZWA_PM.DV_NATUURLIJKEPERSOON_S.DOMICILIE_POSTCODE_GEBIED"
,INT_ZWA_PM.STG_DV_NATUURLIJKEPERSOON.DOMICILIE_POSTCODE > INT_ZWA_PM.DV_NATUURLIJKEPERSOON_S.DOMICILIE_POSTCODE,,"""UWVM2VLPAPP0021\.P-DC\.BA\.UWV\.NL"".pdim.INT_ZWA_PM.STG_DV_NATUURLIJKEPERSOON.DOMICILIE_POSTCODE",,"""UWVM2VLPAPP0021\.P-DC\.BA\.UWV\.NL"".pdim.INT_ZWA_PM.DV_NATUURLIJKEPERSOON_S.DOMICILIE_POSTCODE"
,INT_ZWA_PM.STG_DV_NATUURLIJKEPERSOON.VERPLEEG_ADRES_POSTCODE > INT_ZWA_PM.DV_NATUURLIJKEPERSOON_S.VERPLEEG_ADRES_POSTCODE,,"""UWVM2VLPAPP0021\.P-DC\.BA\.UWV\.NL"".pdim.INT_ZWA_PM.STG_DV_NATUURLIJKEPERSOON.VERPLEEG_ADRES_POSTCODE",,"""UWVM2VLPAPP0021\.P-DC\.BA\.UWV\.NL"".pdim.INT_ZWA_PM.DV_NATUURLIJKEPERSOON_S.VERPLEEG_ADRES_POSTCODE"
,INT_ZWA_PM.STG_DV_NATUURLIJKEPERSOON.VERPLEEG_ADRES_POSTCODE_GEBIED > INT_ZWA_PM.DV_NATUURLIJKEPERSOON_S.VERPLEEG_ADRES_POSTCODE_GEBIED,,"""UWVM2VLPAPP0021\.P-DC\.BA\.UWV\.NL"".pdim.INT_ZWA_PM.STG_DV_NATUURLIJKEPERSOON.VERPLEEG_ADRES_POSTCODE_GEBIED",,"""UWVM2VLPAPP0021\.P-DC\.BA\.UWV\.NL"".pdim.INT_ZWA_PM.DV_NATUURLIJKEPERSOON_S.VERPLEEG_ADRES_POSTCODE_GEBIED"
,INT_ZWA_PM.STG_DV_NATUURLIJKEPERSOON.VERPLEEG_ADRES_LAND_NR > INT_ZWA_PM.DV_NATUURLIJKEPERSOON_S.VERPLEEG_ADRES_LAND_NR,,"""UWVM2VLPAPP0021\.P-DC\.BA\.UWV\.NL"".pdim.INT_ZWA_PM.STG_DV_NATUURLIJKEPERSOON.VERPLEEG_ADRES_LAND_NR",,"""UWVM2VLPAPP0021\.P-DC\.BA\.UWV\.NL"".pdim.INT_ZWA_PM.DV_NATUURLIJKEPERSOON_S.VERPLEEG_ADRES_LAND_NR"
,INT_ZWA_PM.STG_DV_NATUURLIJKEPERSOON.VERPLEEG_ADRES_LAND > INT_ZWA_PM.DV_NATUURLIJKEPERSOON_S.VERPLEEG_ADRES_LAND,,"""UWVM2VLPAPP0021\.P-DC\.BA\.UWV\.NL"".pdim.INT_ZWA_PM.STG_DV_NATUURLIJKEPERSOON.VERPLEEG_ADRES_LAND",,"""UWVM2VLPAPP0021\.P-DC\.BA\.UWV\.NL"".pdim.INT_ZWA_PM.DV_NATUURLIJKEPERSOON_S.VERPLEEG_ADRES_LAND"
,INT_ZWA_PM.STG_DV_NATUURLIJKEPERSOON.VERPLEEG_INSTELLING_CODE > INT_ZWA_PM.DV_NATUURLIJKEPERSOON_S.VERPLEEG_INSTELLING_CODE,,"""UWVM2VLPAPP0021\.P-DC\.BA\.UWV\.NL"".pdim.INT_ZWA_PM.STG_DV_NATUURLIJKEPERSOON.VERPLEEG_INSTELLING_CODE",,"""UWVM2VLPAPP0021\.P-DC\.BA\.UWV\.NL"".pdim.INT_ZWA_PM.DV_NATUURLIJKEPERSOON_S.VERPLEEG_INSTELLING_CODE"
,INT_ZWA_PM.STG_DV_NATUURLIJKEPERSOON.VERPLEEG_INSTELLING > INT_ZWA_PM.DV_NATUURLIJKEPERSOON_S.VERPLEEG_INSTELLING,,"""UWVM2VLPAPP0021\.P-DC\.BA\.UWV\.NL"".pdim.INT_ZWA_PM.STG_DV_NATUURLIJKEPERSOON.VERPLEEG_INSTELLING",,"""UWVM2VLPAPP0021\.P-DC\.BA\.UWV\.NL"".pdim.INT_ZWA_PM.DV_NATUURLIJKEPERSOON_S.VERPLEEG_INSTELLING"
,INT_ZWA_PM.STG_DV_ZAAK.BSN > INT_ZWA_PM.DV_NATUURLIJKEPERSOON_H.BSN,,"""UWVM2VLPAPP0021\.P-DC\.BA\.UWV\.NL"".pdim.INT_ZWA_PM.STG_DV_ZAAK.BSN",,"""UWVM2VLPAPP0021\.P-DC\.BA\.UWV\.NL"".pdim.INT_ZWA_PM.DV_NATUURLIJKEPERSOON_H.BSN"
,INT_ZWA_PM.STG_DV_ZAAK.DIM_NATUURLIJKEPERSOON_H_HK > INT_ZWA_PM.DV_NATUURLIJKEPERSOON_H.DIM_NATUURLIJKEPERSOON_H_HK,hubkey,"""UWVM2VLPAPP0021\.P-DC\.BA\.UWV\.NL"".pdim.INT_ZWA_PM.STG_DV_ZAAK.DIM_NATUURLIJKEPERSOON_H_HK",,"""UWVM2VLPAPP0021\.P-DC\.BA\.UWV\.NL"".pdim.INT_ZWA_PM.DV_NATUURLIJKEPERSOON_H.DIM_NATUURLIJKEPERSOON_H_HK"
,INT_ZWA_PM.STG_DV_ZAAK.DIM_ZAAKBIJNATUURLIJKPERS_L_HK > INT_ZWA_PM.DV_ZAAKBIJNATUURLIJKEPERSOON_L.DIM_ZAAKBIJNATUURLIJKPERS_L_HK,linkkey,"""UWVM2VLPAPP0021\.P-DC\.BA\.UWV\.NL"".pdim.INT_ZWA_PM.STG_DV_ZAAK.DIM_ZAAKBIJNATUURLIJKPERS_L_HK",,"""UWVM2VLPAPP0021\.P-DC\.BA\.UWV\.NL"".pdim.INT_ZWA_PM.DV_ZAAKBIJNATUURLIJKEPERSOON_L.DIM_ZAAKBIJNATUURLIJKPERS_L_HK"
,INT_ZWA_PM.STG_DV_ZAAK.DIM_ZAAK_H_HK > INT_ZWA_PM.DV_ZAAKBIJNATUURLIJKEPERSOON_L.DIM_ZAAK_H_HK,hubkey,"""UWVM2VLPAPP0021\.P-DC\.BA\.UWV\.NL"".pdim.INT_ZWA_PM.STG_DV_ZAAK.DIM_ZAAK_H_HK",,"""UWVM2VLPAPP0021\.P-DC\.BA\.UWV\.NL"".pdim.INT_ZWA_PM.DV_ZAAKBIJNATUURLIJKEPERSOON_L.DIM_ZAAK_H_HK"
,INT_ZWA_PM.STG_DV_ZAAK.DIM_NATUURLIJKEPERSOON_H_HK > INT_ZWA_PM.DV_ZAAKBIJNATUURLIJKEPERSOON_L.DIM_NATUURLIJKEPERSOON_H_HK,hubkey,"""UWVM2VLPAPP0021\.P-DC\.BA\.UWV\.NL"".pdim.INT_ZWA_PM.STG_DV_ZAAK.DIM_NATUURLIJKEPERSOON_H_HK",,"""UWVM2VLPAPP0021\.P-DC\.BA\.UWV\.NL"".pdim.INT_ZWA_PM.DV_ZAAKBIJNATUURLIJKEPERSOON_L.DIM_NATUURLIJKEPERSOON_H_HK"
,INT_ZWA_PM.STG_DV_ZAAK.DIM_ZAAKBIJNATUURLIJKPERS_L_HK > INT_ZWA_PM.DV_ZAAKBIJNATUURLIJKEPERSOON_S.DIM_ZAAKBIJNATUURLIJKPERS_L_HK,linkkey,"""UWVM2VLPAPP0021\.P-DC\.BA\.UWV\.NL"".pdim.INT_ZWA_PM.STG_DV_ZAAK.DIM_ZAAKBIJNATUURLIJKPERS_L_HK",,"""UWVM2VLPAPP0021\.P-DC\.BA\.UWV\.NL"".pdim.INT_ZWA_PM.DV_ZAAKBIJNATUURLIJKEPERSOON_S.DIM_ZAAKBIJNATUURLIJKPERS_L_HK"
,INT_ZWA_PM.STG_DV_ZAAK.DIM_HASHDIFF_ZAAKBIJNATPERS > INT_ZWA_PM.DV_ZAAKBIJNATUURLIJKEPERSOON_S.DIM_HASHDIFF,dim_hashdiff,"""UWVM2VLPAPP0021\.P-DC\.BA\.UWV\.NL"".pdim.INT_ZWA_PM.STG_DV_ZAAK.DIM_HASHDIFF_ZAAKBIJNATPERS",,"""UWVM2VLPAPP0021\.P-DC\.BA\.UWV\.NL"".pdim.INT_ZWA_PM.DV_ZAAKBIJNATUURLIJKEPERSOON_S.DIM_HASHDIFF"
